Contribution	ID	Tag_UCE_DB	Sample_id	Family	Subfamily	Species-group	Genus	Genus_Species	Previous_Published_Identification	subspecies	Country	Locality	Year of collection	Number of extracted UCEs	phyluce version	GenBank_Mitogenome_Accession
#1	1	TER_1_UCEDB	NA	Kalotermitidae	NA		Cryptotermes	Cryptotermes secundus			Australia	NA	NA	42542	1.6.6 (Python v2.7.18)	NA
#1	2	TER_2_UCEDB	NA	Heterotermitidae	NA		Coptotermes	Coptotermes formosanus			Japan	Wakayama	2019	42860	1.6.6 (Python v2.7.18)	NA
#1	3	TER_3_UCEDB	NA	Termitidae	Macrotermitinae		Macrotermes	Macrotermes natalensis			South Africa	NA	2011	42297	1.6.6 (Python v2.7.18)	NA
#1	4	TER_4_UCEDB	NA	Archotermopsidae	NA		Zootermopsis	Zootermopsis nevadensis		nuttingi	USA	California	2010	42388	1.6.6 (Python v2.7.18)	NA
#1	5	TER_5_UCEDB	CR18	Cryptocercidae	NA		Cryptocercus	Cryptocercus punctulatus			USA	Virginia	2012	13480	1.6.6 (Python v2.7.18)	MG882217
#1	6	TER_6_UCEDB	CRY-MERI	Cryptocercidae	NA		Cryptocercus	Cryptocercus meridianus			China	Yunnan Province	2012	13958	1.6.6 (Python v2.7.18)	MG882224
#1	7	TER_7_UCEDB	CRY-HIR	Cryptocercidae	NA		Cryptocercus	Cryptocercus hirtus			China	Shaanxi Province	2013	16331	1.6.6 (Python v2.7.18)	MG882220
#1	8	TER_8_UCEDB	BDIT108	Termitidae	Foraminitermitinae		Foraminitermes	Foraminitermes rhinoceros			Burundi	Ruvubu National Park	2013	37108	1.6.6 (Python v2.7.18)	KY224630
#1	9	TER_9_UCEDB	TBRU8.14E.1	Termitidae	Foraminitermitinae		Labritermes	Labritermes buttelreepeni			Brunei	NA	2014	39588	1.6.6 (Python v2.7.18)	NA
#1	10	TER_10_UCEDB	CIVT304	Termitidae	Apicotermitinae		Allognathotermes	Allognathotermes hypogeus			Ivory Coast	ca. 70 km from Touba on Odienné road - woodlands	2017	3426	1.6.6 (Python v2.7.18)	MW817578
#1	11	TER_11_UCEDB	CIVT266	Termitidae	Apicotermitinae		Astalotermes	Astalotermes sp. D			Ivory Coast	P.N. Comoé	2017	5007	1.6.6 (Python v2.7.18)	MW817577
#1	12	TER_12_UCEDB	MD-RNA-1	Mastotermitidae	NA		Mastotermes	Mastotermes darwiniensis			Australia	NA	NA	35429	1.6.6 (Python v2.7.18)	OM646554
#1	13	TER_13_UCEDB	HSRNA1	Hodotermopsidae	NA		Hodotermopsis	Hodotermopsis sjostedti			China	near Nanning	2015	35656	1.6.6 (Python v2.7.18)	OM646553
#1	14	TER_14_UCEDB	PORO-CHILI	Stolotermitidae	NA		Porotermes	Porotermes quadricollis			Chile	Río Claro	2014	38150	1.6.6 (Python v2.7.18)	OM646555
#1	15	TER_15_UCEDB	PR1052	Kalotermitidae	NA		Glyptotermes	Glyptotermes pubescens			Puerto Rico	NA	2017	11915	1.6.6 (Python v2.7.18)	OL875057
#1	16	TER_16_UCEDB	MX313	Kalotermitidae	NA		Cryptotermes	Cryptotermes cavifrons			Mexico	NA	2001	18994	1.6.6 (Python v2.7.18)	OL875054
#1	17	TER_17_UCEDB	EC1239	Rhinotermitidae	NA		Rhinotermes	Rhinotermes hispidus			Ecuador	NA	2011	23406	1.6.6 (Python v2.7.18)	OL875052
#1	18	TER_18_UCEDB	EC713	Rhinotermitidae	NA		Dolichorhinotermes	Dolichorhinotermes longilabius			Ecuador	NA	2011	26968	1.6.6 (Python v2.7.18)	OL875051
#1	19	TER_19_UCEDB	BO70	Heterotermitidae	NA		Heterotermes	Heterotermes tenuis			Bolivia	NA	2013	30583	1.6.6 (Python v2.7.18)	OL875043
#1	20	TER_20_UCEDB	FL349	Heterotermitidae	NA		Reticulitermes	Reticulitermes flavipes			USA	Florida	NA	32336	1.6.6 (Python v2.7.18)	OL875053
#1	21	TER_21_UCEDB	CO423	Heterotermitidae	NA		Coptotermes	Coptotermes testaceus			Columbia 	Cienaga de Ortiz	2009	34001	1.6.6 (Python v2.7.18)	OL875050
#1	22	TER_22_UCEDB	Guyane 104	Termitidae	Apicotermitinae		Anoplotermes	Anoplotermes banksi			French Guiana	NA	2008	19394	1.6.6 (Python v2.7.18)	OL875045
#1	23	TER_23_UCEDB	BR18-03	Termitidae	Microcerotermitinae	Microcerotermes-group	Microcerotermes	Microcerotermes sp.			Brazil	Paraíba	2018	24367	1.6.6 (Python v2.7.18)	OL875048
#1	24	TER_24_UCEDB	BR18-10 	Termitidae	Nasutitermitinae		Subulitermes	Subulitermes sp. 1-1			Brazil	Paraíba	2018	21257	1.6.6 (Python v2.7.18)	OL875047
#1	25	TER_25_UCEDB	NI275	Termitidae	Nasutitermitinae		Nasutitermes	Nasutitermes corniger			Nicaragua	NA	2004	23053	1.6.6 (Python v2.7.18)	OL875055
#1	26	TER_26_UCEDB	PA766	Termitidae	Nasutitermitinae		Constrictotermes	Constrictotermes cyphergaster			Paraguay	NA	2012	23546	1.6.6 (Python v2.7.18)	OL875056
#1	27	TER_27_UCEDB	PU874	Termitidae	Neocapritermitinae	Neocapritermes-group	Neocapritermes	Neocapritermes utiariti			Peru	NA	2014	7637	1.6.6 (Python v2.7.18)	OL875041
#1	28	TER_28_UCEDB	PU620	Termitidae	Syntermitinae		Cornitermes	Cornitermes pugnax			Peru	NA	2014	18854	1.6.6 (Python v2.7.18)	OL875058
#1	29	TER_29_UCEDB	BO211	Termitidae	Syntermitinae		Embiratermes	Embiratermes neotenicus			Bolivia	NA	2013	24978	1.6.6 (Python v2.7.18)	OL875044
#1	30	TER_30_UCEDB	TT18-59	Termitidae	Termitinae	Termes-group	Cavitermes	Cavitermes tuberosus			Trinidad and Tobago	Blanchisseuse road	2018	23535	1.6.6 (Python v2.7.18)	OL875046
#1	31	TER_31_UCEDB	BO816	Termitidae	Amitermitinae	Amitermes-group	Dentispicotermes	Dentispicotermes trapezia	Dentispicotermes n. sp. 2		Bolivia	NA	2013	6602	1.6.6 (Python v2.7.18)	OL875049
#1	32	TER_32_UCEDB	US589	Termitidae	Amitermitinae	Amitermes-group	Amitermes	Amitermes californicus			USA	Arizona	2005	21240	1.6.6 (Python v2.7.18)	OL875042
#1	33	TER_33_UCEDB	DJ0381	Termitidae	Cubitermitinae		Nitiditermes	Nitiditermes oculatus	Nitiditermes sp.		Burkina Faso	NA	2016	16240	1.6.6 (Python v2.7.18)	OL875029
#1	34	TER_34_UCEDB	Breeds_KF	Kalotermitidae	NA		Kalotermes	Kalotermes flavicollis			Italy	Florence	(coll. 1998)	40941	1.6.6 (Python v2.7.18)	OL875030
#1	35	TER_35_UCEDB	Breeds_NC_col1	Kalotermitidae	NA		Neotermes	Neotermes castaneus			Cuba	NA	(coll. 2013)	41508	1.6.6 (Python v2.7.18)	OL875031
#1	36	TER_36_UCEDB	Breeds_PS_colF	Psammotermitidae	Prorhinotermitinae		Prorhinotermes	Prorhinotermes simplex			USA	Florida	NA	42117	1.6.6 (Python v2.7.18)	OL875033
#1	37	TER_37_UCEDB	Breeds_FG19-PG-02	Serritermitidae	NA		Glossotermes	Glossotermes oculatus			French Guiana	NA	2020	41813	1.6.6 (Python v2.7.18)	OL875032
#1	38	TER_38_UCEDB	CHI15-156	Stylotermitidae	NA		Stylotermes	Stylotermes halumicus			China	"Nianban, Guangxi"	2015	35273	1.6.6 (Python v2.7.18)	KY449049
#1	39	TER_39_UCEDB	OK3	Termitidae	Macrotermitinae		Odontotermes	Odontotermes formosanus			Japan	Okinawa	2019	41278	1.6.6 (Python v2.7.18)	OL875037
#1	40	TER_40_UCEDB	CAM16-PG-18	Termitidae	Nasutitermitinae		Leptomyxotermes	Leptomyxotermes doriae			Cameroon	NA	2016	40077	1.6.6 (Python v2.7.18)	OL875035
#1	41	TER_41_UCEDB	CAM17-SP3	Termitidae	Sphaerotermitinae		Sphaerotermes	Sphaerotermes sphaerothorax			Cameroon	NA	2017	40520	1.6.6 (Python v2.7.18)	OL875036
#1	42	TER_42_UCEDB	FG18-PG-042	Termitidae	Syntermitinae		Labiotermes	Labiotermes labralis			French Guiana	NA	2018	39895	1.6.6 (Python v2.7.18)	OL875034
#1	43	TER_43_UCEDB	CAM239	Termitidae	Promirotermitinae	Amitermes-group	Promirotermes	Promirotermes redundans			Cameroon	NA	2015	17316	1.6.6 (Python v2.7.18)	OL875039
#1	44	TER_44_UCEDB	CAM179	Termitidae	Mirocapritermitinae	Pericapritermes-group	Pericapritermes	Pericapritermes sp. 4			Cameroon	NA	2015	38121	1.6.6 (Python v2.7.18)	OL875038
#1	45	TER_45_UCEDB	IRJT202	Termitogetonidae	NA		Termitogeton	Termitogeton planus			Indonesia	Papua	1995	9378	1.6.6 (Python v2.7.18)	OL875040
#2	46	TER_46_UCEDB	ISR6	Kalotermitidae	NA		Longicaputermes	Longicaputermes sinaicus			Israel	"Ashdod, kineret"	2019	17782	1.6.6 (Python v2.7.18)	OM991367
#2	47	TER_47_UCEDB	IRAN4A	Kalotermitidae	NA	near Longicaputermes	UNDESCRIBED	UNDESCRIBED UNDESCRIBED			Iran	Karti	2000	7128	1.6.6 (Python v2.7.18)	OM991362
#2	48	TER_48_UCEDB	SantoT_003	Kalotermitidae	NA		Cryptotermes	Cryptotermes penaoru			Vanuatu	"Penaoru, Espititu Santo Is., alt. 100m"	2006	22275	1.6.6 (Python v2.7.18)	OM991436
#2	49	TER_49_UCEDB	US622	Kalotermitidae	NA		Pterotermes	Pterotermes occidentis			USA	Arizona	2005	1059	1.6.6 (Python v2.7.18)	OK506059
#2	50	TER_50_UCEDB	BA3087	Kalotermitidae	NA		Cryptotermes	Cryptotermes cymatofrons			Bahamas	Little Abaco Island (Most North)	2015	13457	1.6.6 (Python v2.7.18)	OM991309
#2	51	TER_51_UCEDB	BA3122	Kalotermitidae	NA		Incisitermes	Incisitermes schwarzi			Bahamas	Treasure Cay	2015	2111	1.6.6 (Python v2.7.18)	OK506045
#2	52	TER_52_UCEDB	Cam17-PG-1-TA	Kalotermitidae	NA		Glyptotermes	Glyptotermes sp			Cameroon	Ebogo II	2017	4722	1.6.6 (Python v2.7.18)	OM991319
#2	53	TER_53_UCEDB	Cam16-41	Kalotermitidae	NA		Cryptotermes	Cryptotermes havilandi			Cameroon	Ebogo II	2016	20122	1.6.6 (Python v2.7.18)	OM991316
#2	54	TER_54_UCEDB	CU_1490_0	Kalotermitidae	NA		Neotermes	Neotermes phragmosus			Cuba	"S. Ferry Landing, Windward"	2001	4942	1.6.6 (Python v2.7.18)	OM991339
#2	55	TER_55_UCEDB	FL901_0	Kalotermitidae	NA		Kalotermes	Kalotermes approximatus			USA	Florida	2001	4690	1.6.6 (Python v2.7.18)	OM991351
#2	56	TER_56_UCEDB	MAD19-117	Kalotermitidae	NA		Postelectrotermes	Postelectrotermes sp			Madagascar	"Domaine de la cascade, near Taolagnaro"	2019	5129	1.6.6 (Python v2.7.18)	OM991391
#2	57	TER_57_UCEDB	MAD19_7R	Kalotermitidae	NA		Allotermes	Allotermes sp			Madagascar	Tsimelahy (PN Andohahela)	2019	26904	1.6.6 (Python v2.7.18)	OM991396
#2	58	TER_58_UCEDB	Marg-RS	Kalotermitidae	NA		Marginitermes	Marginitermes hubbardi			USA	Arizona	2018	24980	1.6.6 (Python v2.7.18)	OM991400
#2	59	TER_59_UCEDB	NAM16_PG012TR	Kalotermitidae	NA		Epicalotermes	Epicalotermes sp			Namibia	Otjiwarongo	2018	22164	1.6.6 (Python v2.7.18)	OM991401
#2	60	TER_60_UCEDB	PA827	Kalotermitidae	NA		Neotermes	Neotermes fulvescens			Paraguay	E Filadelfia	2012	18296	1.6.6 (Python v2.7.18)	OM991405
#2	61	TER_61_UCEDB	PA943	Kalotermitidae	NA		Tauritermes	Tauritermes triceromegas			Paraguay	Humid Chaco S Pozo Colorado	2012	24735	1.6.6 (Python v2.7.18)	OK506056
#2	62	TER_62_UCEDB	PN1380_0	Kalotermitidae	NA		Calcaritermes	Calcaritermes nigriceps			Panama	Kuna Rd stop 2	2010	3960	1.6.6 (Python v2.7.18)	OM991430
#2	63	TER_63_UCEDB	PU998_0	Kalotermitidae	NA		Rugitermes	Rugitermes aridus			Peru	"7 km NE Huanuco, cactus"	2014	4760	1.6.6 (Python v2.7.18)	OM991434
#3	64	TER_64_UCEDB	Cryp	Cryptocercidae	NA		Cryptocercus	Cryptocercus kyebangensis			South Korea	NA	2017	27510	1.6.6 (Python v2.7.18)	ON059753
#3	65	TER_65_UCEDB	SA16-13	Hodotermitidae	NA		Hodotermes	Hodotermes mossambicus			South Africa	Pretoria	2016	39578	1.6.6 (Python v2.7.18)	ON210831
#3	66	TER_66_UCEDB	US17	Archotermopsidae	NA		Zootermopsis	Zootermopsis nevadensis			USA	Arizona	NA	21126	1.6.6 (Python v2.7.18)	OQ434263
#3	67	TER_67_UCEDB	AUST14-12	Stolotermitidae	NA		Stolotermes	Stolotermes victoriensis			Australia	Lamington	2014	29909	1.6.6 (Python v2.7.18)	OK078629
#3	68	TER_68_UCEDB	POROTERMES52	Stolotermitidae	NA		Porotermes	Porotermes planiceps			South Africa	Limpopo	NA	23371	1.6.6 (Python v2.7.18)	ON210830
#3	69	TER_69_UCEDB	AUS89	Kalotermitidae	NA		Kalotermes	Kalotermes sp			Australia	"Queensland, Around Lake Eacham and Lake Barrine"	2014	36460	1.6.6 (Python v2.7.18)	OM991306
#3	70	TER_70_UCEDB	AUS109	Kalotermitidae	NA		Glyptotermes	Glyptotermes sp 1			Australia	"Queensland, Between Cairns and Port Douglas"	2014	27700	1.6.6 (Python v2.7.18)	OM991301
#3	71	TER_71_UCEDB	THAI112	Kalotermitidae	NA		Glyptotermes	Glyptotermes sp 6			Thailand	near Thung Chang	2013	38476	1.6.6 (Python v2.7.18)	OM991442
#3	72	TER_72_UCEDB	H2	Kalotermitidae	NA		Glyptotermes	Glyptotermes sp			Japan	Okinawa	2017	5187	1.6.6 (Python v2.7.18)	OQ998965
#3	73	TER_73_UCEDB	THAI31	Kalotermitidae	NA		Glyptotermes	Glyptotermes sp 3			Thailand	Kaoh Chong	2013	13083	1.6.6 (Python v2.7.18)	OM991440
#3	74	TER_74_UCEDB	THAI114	Kalotermitidae	NA		Glyptotermes	Glyptotermes sp 22			Thailand	Close to Maneepruek	2013	29527	1.6.6 (Python v2.7.18)	OK506057
#3	75	TER_75_UCEDB	G678_2	Kalotermitidae	NA		Rugitermes	Rugitermes sp A			French Guiana	Petit Saut	2012	35590	1.6.6 (Python v2.7.18)	KP026284
#3	76	TER_76_UCEDB	SING74	Kalotermitidae	NA		Neotermes	Neotermes sp 8			Singapore	Around MacRitchie Reservoir	2013	15553	1.6.6 (Python v2.7.18)	OM991439
#3	77	TER_77_UCEDB	AUS102	Kalotermitidae	NA		Neotermes	Neotermes insularis cfmalandensis			Australia	"Queensland, Around Millaa Millaa"	2014	23476	1.6.6 (Python v2.7.18)	OM991300
#3	78	TER_78_UCEDB	AUS91	Kalotermitidae	NA		Neotermes	Neotermes insularis cfmalandensis			Australia	"Queensland, Around Lake Eacham and Lake Barrine"	2014	25357	1.6.6 (Python v2.7.18)	OM991307
#3	79	TER_79_UCEDB	KE15-30	Kalotermitidae	NA		Bifiditermes	Bifiditermes sp			Kenya	KP9	2015	33066	1.6.6 (Python v2.7.18)	OM991371
#3	80	TER_80_UCEDB	MAD15-2	Kalotermitidae	NA		Bifiditermes	Bifiditermes spnrmadagascariensis			Madagascar	near Sambava	2015	27418	1.6.6 (Python v2.7.18)	OM991383
#3	81	TER_81_UCEDB	M16	Kalotermitidae	NA		Tauritermes	Tauritermes sp			Argentina	"Chaco Province, San Fernando"	2016	20334	1.6.6 (Python v2.7.18)	OQ998963
#3	82	TER_82_UCEDB	AUS111	Kalotermitidae	NA		Incisitermes	Incisitermes nr barretti			Australia	"Queensland, Between Cairns and Port Douglas"	2014	28128	1.6.6 (Python v2.7.18)	OM991303
#3	83	TER_83_UCEDB	US10	Kalotermitidae	NA		Incisitermes	Incisitermes snyderi			USA	"Georgia, Sapelo Island"	NA	39748	1.6.6 (Python v2.7.18)	OM991443
#3	84	TER_84_UCEDB	MAL39	Kalotermitidae	NA		Cryptotermes	Cryptotermes domesticus			Malaysia	Penang Island	2013	24118	1.6.6 (Python v2.7.18)	OM991399
#3	85	TER_85_UCEDB	AUS110	Kalotermitidae	NA		Cryptotermes	Cryptotermes sp 1			Australia	"Queensland, Between Cairns and Port Douglas"	2014	28254	1.6.6 (Python v2.7.18)	OM991302
#3	86	TER_86_UCEDB	AUS117	Kalotermitidae	NA		Cryptotermes	Cryptotermes sp 1			Australia	"Queensland, Between Cairns and Port Douglas"	2014	37539	1.6.6 (Python v2.7.18)	OM991304
#3	87	TER_87_UCEDB	Chi15_131	Stylotermitidae	NA		Stylotermes	Stylotermes sp			China	"Yunnan, Mandian Village"	2015	38658	1.6.6 (Python v2.7.18)	KY449048
#3	88	TER_88_UCEDB	BRA31	Serritermitidae	NA		Serritermes	Serritermes serrifer			Brazil	Brasília	2012	23375	1.6.6 (Python v2.7.18)	KP026264
#3	89	TER_89_UCEDB	G13-144	Serritermitidae	NA		Glossotermes	Glossotermes oculatus			French Guiana	NA	2013	36490	1.6.6 (Python v2.7.18)	NA
#3	90	TER_90_UCEDB	NG30	Rhinotermitidae	NA		Parrhinotermes	Parrhinotermes browni			Indonesia	"New Guinea, West Papua, 50km from Nabire"	2011	40499	1.6.6 (Python v2.7.18)	OQ991900
#3	91	TER_91_UCEDB	THAI23	Rhinotermitidae	NA		Parrhinotermes	Parrhinotermes sp A			Thailand	Kaoh Chong	2013	31725	1.6.6 (Python v2.7.18)	MK246854
#3	92	TER_92_UCEDB	G13-54	Rhinotermitidae	NA		Dolichorhinotermes	Dolichorhinotermes longilabius			French Guiana	Petit Saut	2013	38176	1.6.6 (Python v2.7.18)	OQ980237
#3	93	TER_93_UCEDB	RDCT112	Rhinotermitidae	NA		Schedorhinotermes	Schedorhinotermes lamanianus			Democratic Republic of the Congo	Yangambi	2013	40538	1.6.6 (Python v2.7.18)	MK246844
#3	94	TER_94_UCEDB	THAI63	Rhinotermitidae	NA		Schedorhinotermes	Schedorhinotermes sp 3			Thailand	Kaoh Chong	2013	41574	1.6.6 (Python v2.7.18)	MK246856
#3	95	TER_95_UCEDB	TBRU2.3A	Rhinotermitidae	NA		Schedorhinotermes	Schedorhinotermes sarawakensis			Brunei	near Kuala Belait	2013	38861	1.6.6 (Python v2.7.18)	MK246852
#3	96	TER_96_UCEDB	NG84	Termitogetonidae	NA		Termitogeton	Termitogeton planus			Indonesia	"New Guinea, West Papua, 50km from Nabire"	2011	8761	1.6.6 (Python v2.7.18)	OQ933860
#3	97	TER_97_UCEDB	NG90	Psammotermitidae	Prorhinotermitinae		Prorhinotermes	Prorhinotermes inopinatus			Indonesia	"New Guinea, West Papua, 50km from Nabire"	2011	40731	1.6.6 (Python v2.7.18)	OQ933861
#3	98	TER_98_UCEDB	THAI98	Heterotermitidae	NA		Reticulitermes	Reticulitermes sp A			Thailand	Mountain near Thung Chang	2013	35585	1.6.6 (Python v2.7.18)	KU925239
#3	99	TER_99_UCEDB	US1	Heterotermitidae	NA		Reticulitermes	Reticulitermes nelsonae			USA	"Georgia, Cumberland Island"	2014	37661	1.6.6 (Python v2.7.18)	KU925238
#3	100	TER_100_UCEDB	AUS88	Heterotermitidae	NA		Heterotermes	Heterotermes cf paradoxus			Australia	"Queensland, near Gordonvale"	2014	39806	1.6.6 (Python v2.7.18)	KU925223
#3	101	TER_101_UCEDB	AUS121	Heterotermitidae	NA		Heterotermes	Heterotermes cf paradoxus			Australia	"Queensland, near Cairns"	2014	41139	1.6.6 (Python v2.7.18)	KU925225
#3	102	TER_102_UCEDB	AUS47	Heterotermitidae	NA		Heterotermes	Heterotermes vagus			Australia	"Darwin, Northern Territory"	2014	38854	1.6.6 (Python v2.7.18)	KU925234
#3	103	TER_103_UCEDB	TBRU8.25	Heterotermitidae	NA		Heterotermes	Heterotermes tenuior			Brunei	Bukit Sawat	2014	40068	1.6.6 (Python v2.7.18)	OR052090
#3	104	TER_104_UCEDB	CF_RNA_1	Heterotermitidae	NA		Coptotermes	Coptotermes formosanus			Japan	NA	NA	41220	1.6.6 (Python v2.7.18)	OR069384
#3	105	TER_105_UCEDB	NG87	Heterotermitidae	NA		Coptotermes	Coptotermes elisae			Indonesia	"New Guinea, West Papua, near Nabire"	2011	39420	1.6.6 (Python v2.7.18)	KU925202
#3	106	TER_106_UCEDB	RDCT185	Heterotermitidae	NA		Coptotermes	Coptotermes			Democratic Republic of the Congo	Yangambi	2013	13994	1.6.6 (Python v2.7.18)	OQ947861
#3	107	TER_107_UCEDB	G13-107	Heterotermitidae	NA		Coptotermes	Coptotermes testaceus			French Guiana	Petit Saut	2013	19080	1.6.6 (Python v2.7.18)	KU925219
#3	108	TER_108_UCEDB	RDCT165	Termitidae	Sphaerotermitinae		Sphaerotermes	Sphaerotermes sphaerothorax			Democratic Republic of the Congo	Yangambi	2013	1461	1.6.6 (Python v2.7.18)	KY224584
#3	109	TER_109_UCEDB	CAM16-02a	Termitidae	Macrotermitinae		Acanthotermes 	Acanthotermes acanthothorax			Cameroon	Ebogo II	2011	33260	1.6.6 (Python v2.7.18)	KP026280
#3	110	TER_110_UCEDB	RDCT109	Termitidae	Macrotermitinae		Pseudacanthotermes 	Pseudacanthotermes militaris			Democratic Republic of the Congo	Yangambi	2013	35996	1.6.6 (Python v2.7.18)	OQ947859
#3	111	TER_111_UCEDB	BDIT072	Termitidae	Macrotermitinae		Macrotermes 	Macrotermes subhyalinus			Burundi	Mahanga	2013	10780	1.6.6 (Python v2.7.18)	KY224559
#3	112	TER_112_UCEDB	THAI50	Termitidae	Macrotermitinae		Macrotermes 	Macrotermes gilvus			Thailand	Kaoh Chong	2013	28367	1.6.6 (Python v2.7.18)	KY224607
#3	113	TER_113_UCEDB	THAI071	Termitidae	Macrotermitinae		Macrotermes 	Macrotermes annandalei			Thailand	near Nan	2013	6431	1.6.6 (Python v2.7.18)	KY224518
#3	114	TER_114_UCEDB	SAF5	Termitidae	Macrotermitinae		Allodontotermes 	Allodontotermes schultzei			South Africa	"Bushbuckridge, Limpopo"	2012	39126	1.6.6 (Python v2.7.18)	KY224522
#3	115	TER_115_UCEDB	RDCT144	Termitidae	Macrotermitinae		Odontotermes 	Odontotermes sp D			Democratic Republic of the Congo	Yangambi	2013	32446	1.6.6 (Python v2.7.18)	KY224520
#3	116	TER_116_UCEDB	THAI064	Termitidae	Macrotermitinae		Odontotermes 	Odontotermes javanicus			Thailand	Kaoh Chong	2013	30880	1.6.6 (Python v2.7.18)	KY224596
#3	117	TER_117_UCEDB	TBRU8.14E	Termitidae	Foraminitermitinae		Labritermes 	Labritermes buttelreepeni			Brunei	Bukit Sawat	2014	21090	1.6.6 (Python v2.7.18)	KY224478
#3	118	TER_118_UCEDB	CAM16-13	Termitidae	Apicotermitinae		Labidotermes 	Labidotermes celesi			Cameroon	Ebogo II	2016	10829	1.6.6 (Python v2.7.18)	MW773501
#3	119	TER_119_UCEDB	CAM16-05	Termitidae	Apicotermitinae		Phoxotermes 	Phoxotermes cerberus			Cameroon	Ebogo II	2016	24502	1.6.6 (Python v2.7.18)	MW817576
#3	120	TER_120_UCEDB	CAM212	Termitidae	Apicotermitinae		Heimitermes 	Heimitermes laticeps			Cameroon	Ebogo II	2015	7412	1.6.6 (Python v2.7.18)	MW773503
#3	121	TER_121_UCEDB	BDIT062	Termitidae	Apicotermitinae		Acholotermes 	Acholotermes chirotus			Burundi	Ramvya Natural Reserve	2013	14914	1.6.6 (Python v2.7.18)	KY224688
#3	122	TER_122_UCEDB	BDIT049	Termitidae	Apicotermitinae		Aderitotermes 	Aderitotermes sp 2			Burundi	Kigwena	2012	20713	1.6.6 (Python v2.7.18)	KY224719
#3	123	TER_123_UCEDB	RDCT070	Termitidae	Apicotermitinae		Ateuchotermes 	Ateuchotermes retifaciens			Democratic Republic of the Congo	Yangambi	2013	35618	1.6.6 (Python v2.7.18)	KY224497
#3	124	TER_124_UCEDB	RDCT098	Termitidae	Apicotermitinae		Amalotermes 	Amalotermes phaeocephalus			Democratic Republic of the Congo	Yangambi	2013	39213	1.6.6 (Python v2.7.18)	KY224574
#3	125	TER_125_UCEDB	RDCT021	Termitidae	Apicotermitinae		Acidnotermes 	Acidnotermes praus			Democratic Republic of the Congo	Yangambi	2013	15229	1.6.6 (Python v2.7.18)	OQ933864
#3	126	TER_126_UCEDB	BDIT112	Termitidae	Apicotermitinae		Astalotermes 	Astalotermes murcus			Burundi	Ruvubu National Park	2013	34628	1.6.6 (Python v2.7.18)	KY224676
#3	127	TER_127_UCEDB	SAF6	Termitidae	Apicotermitinae		Alyscotermes 	Alyscotermes sp			South Africa	"Bushbuckridge, Limpopo"	2012	21065	1.6.6 (Python v2.7.18)	KY224502
#3	128	TER_128_UCEDB	BDIT061	Termitidae	Apicotermitinae		Alyscotermes 	Alyscotermes kilimandjaricus			Burundi	Ramvya Natural Reserve	2013	29682	1.6.6 (Python v2.7.18)	KY224395
#3	129	TER_129_UCEDB	T4.14A	Termitidae	Apicotermitinae		Euhamitermes 	Euhamitermes hamatus			Singapore	Clementi woodlands	2013	35890	1.6.6 (Python v2.7.18)	KY224652
#3	130	TER_130_UCEDB	G13-17	Termitidae	Apicotermitinae		Anoplotermes 	Anoplotermes group sp N			French Guiana	Petit Saut	2013	26429	1.6.6 (Python v2.7.18)	KY224480
#3	131	TER_131_UCEDB	G13-65	Termitidae	Apicotermitinae		Anoplotermes-group 	Anoplotermes-group sp Q			French Guiana	Petit Saut	2013	16594	1.6.6 (Python v2.7.18)	KY224540
#3	132	TER_132_UCEDB	G756	Termitidae	Apicotermitinae		Patawatermes 	Patawatermes nigripunctatus			French Guiana	Petit Saut	2014	21745	1.6.6 (Python v2.7.18)	OQ998964
#3	133	TER_133_UCEDB	G13-69	Termitidae	Apicotermitinae		Anoplotermes-group 	Anoplotermes-group sp AF			French Guiana	Petit Saut	2013	12707	1.6.6 (Python v2.7.18)	KY224670
#3	134	TER_134_UCEDB	G13-04	Termitidae	Apicotermitinae		Anoplotermes 	Anoplotermes parvus			French Guiana	Petit Saut	2013	26650	1.6.6 (Python v2.7.18)	OQ980228
#3	135	TER_135_UCEDB	G13-32	Termitidae	Apicotermitinae		Anoplotermes 	Anoplotermes banksi			French Guiana	Petit Saut	2013	34355	1.6.6 (Python v2.7.18)	OQ980233
#3	136	TER_136_UCEDB	G13-08	Termitidae	Apicotermitinae		Anoplotermes 	Anoplotermes janus			French Guiana	Petit Saut	2013	27357	1.6.6 (Python v2.7.18)	OQ980229
#3	137	TER_137_UCEDB	TBRU7.11D	Termitidae	Protohamitermitinae		Orientotermes 	Orientotermes emersoni			Brunei	near Bandas	2014	23616	1.6.6 (Python v2.7.18)	OQ908859
#3	138	TER_138_UCEDB	G13-24	Termitidae	Cylindrotermitinae	Cylindrotermes-group	Cylindrotermes 	Cylindrotermes parvignathus			French Guiana	Petit Saut	2013	33141	1.6.6 (Python v2.7.18)	OQ980230
#3	139	TER_139_UCEDB	RDCT180	Termitidae	Cylindrotermitinae	Cylindrotermes-group	Cephalotermes 	Cephalotermes rectangularis			Democratic Republic of the Congo	Yangambi	2013	24410	1.6.6 (Python v2.7.18)	KY224689
#3	140	TER_140_UCEDB	CIVT017	Termitidae	Nasutitermitinae		Mimeutermes 	Mimeutermes sorex			Ivory Coast	Dabou-Youhouli road	2015	28149	1.6.6 (Python v2.7.18)	OQ555366
#3	141	TER_141_UCEDB	CAM16_18	Termitidae	Nasutitermitinae		Leptomyxotermes 	Leptomyxotermes doriae			Cameroon	Ebogo II	2016	10908	1.6.6 (Python v2.7.18)	OQ998955
#3	142	TER_142_UCEDB	BRA1	Termitidae	Nasutitermitinae		Constrictotermes 	Constrictotermes cyphergaster			Brazil	"Sete Lagoas, Minas Gerais"	2012	22081	1.6.6 (Python v2.7.18)	KY224443
#3	143	TER_143_UCEDB	G13-48	Termitidae	Nasutitermitinae		Constrictotermes 	Constrictotermes cavifrons			French Guiana	Petit Saut	2013	7623	1.6.6 (Python v2.7.18)	OQ980236
#3	144	TER_144_UCEDB	G728	Termitidae	Nasutitermitinae		Agnathotermes 	Agnathotermes crassinasus			French Guiana	Petit Saut	2013	12115	1.6.6 (Python v2.7.18)	KY224404
#3	145	TER_145_UCEDB	G729	Termitidae	Nasutitermitinae		Araujotermes 	Araujotermes parvellus			French Guiana	Petit Saut	2013	23782	1.6.6 (Python v2.7.18)	KY224477
#3	146	TER_146_UCEDB	G13-30	Termitidae	Nasutitermitinae		Coatitermes 	Coatitermes kartaboensis			French Guiana	Petit Saut	2013	19575	1.6.6 (Python v2.7.18)	OQ980232
#3	147	TER_147_UCEDB	AUS49	Termitidae	Nasutitermitinae		Tumulitermes 	Tumulitermes sp			Australia	Darwin	2014	18572	1.6.6 (Python v2.7.18)	KY224696
#3	148	TER_148_UCEDB	NSW6	Termitidae	Nasutitermitinae		Occasitermes 	Occasitermes occasus			Australia	New South Whales	2013	2909	1.6.6 (Python v2.7.18)	KY224546
#3	149	TER_149_UCEDB	THAI100	Termitidae	Nasutitermitinae		Bulbitermes 	Bulbitermes nr laticephalus			Thailand	Thung Chang	2013	9284	1.6.6 (Python v2.7.18)	KY224479
#3	150	TER_150_UCEDB	THAI43	Termitidae	Nasutitermitinae		Nasutitermes 	Nasutitermes sp 3			Thailand	Kaoh Chong	2013	5416	1.6.6 (Python v2.7.18)	KY224571
#3	151	TER_151_UCEDB	THAI45	Termitidae	Nasutitermitinae		Oriensubulitermes 	Oriensubulitermes inanis			Thailand	Kaoh Chong	2013	29634	1.6.6 (Python v2.7.18)	KY224542
#3	152	TER_152_UCEDB	THAI067	Termitidae	Nasutitermitinae		Hospitalitermes 	Hospitalitermes sp C			Thailand	Kaoh Chong	2013	24437	1.6.6 (Python v2.7.18)	KY224485
#3	153	TER_153_UCEDB	BDIT041	Termitidae	Nasutitermitinae		Nasutitermes 	Nasutitermes arborum			Burundi	Kigwena	2012	8113	1.6.6 (Python v2.7.18)	KY224603
#3	154	TER_154_UCEDB	KE15-44	Termitidae	Nasutitermitinae		Trinervitermes 	Trinervitermes gratiosus			Kenya	KP10	2015	27202	1.6.6 (Python v2.7.18)	OQ675033
#3	155	TER_155_UCEDB	BDIT094	Termitidae	Nasutitermitinae		Trinervitermes 	Trinervitermes sp			Burundi	"ISABU-MOSO, Bukemba"	2013	35418	1.6.6 (Python v2.7.18)	OQ991906
#3	156	TER_156_UCEDB	RDCT106	Termitidae	Nasutitermitinae		Nasutitermes 	Nasutitermes lujae			Democratic Republic of the Congo	Yangambi	2013	21775	1.6.6 (Python v2.7.18)	KY224441
#3	157	TER_157_UCEDB	BRU6	Termitidae	Nasutitermitinae		Nasutitermes 	Nasutitermes matangensis			Brunei	Kuala Belait	2013	6309	1.6.6 (Python v2.7.18)	KY224715
#3	158	TER_158_UCEDB	NG60	Termitidae	Nasutitermitinae		Nasutitermes 	Nasutitermes gracilirostris			Indonesia	"New Guinea, West Papua, near Nabire"	2011	5454	1.6.6 (Python v2.7.18)	OK163846
#3	159	TER_159_UCEDB	NG69	Termitidae	Nasutitermitinae		Nasutitermes 	Nasutitermes bikpelanus			Indonesia	"New Guinea, West Papua, 50km from Nabire"	2011	12534	1.6.6 (Python v2.7.18)	KP026296
#3	160	TER_160_UCEDB	G733	Termitidae	Nasutitermitinae		Nasutitermes 	Nasutitermes macrocephalus			French Guiana	Petit Saut	2014	11412	1.6.6 (Python v2.7.18)	KY224724
#3	161	TER_161_UCEDB	AUS54	Termitidae	Nasutitermitinae		Nasutitermes 	Nasutitermes triodiae			Australia	Darwin	2014	15788	1.6.6 (Python v2.7.18)	KY224403
#3	162	TER_162_UCEDB	AUS62	Termitidae	Nasutitermitinae		Nasutitermes 	Nasutitermes graveolus			Australia	Darwin	2014	12780	1.6.6 (Python v2.7.18)	KY224439
#3	163	TER_163_UCEDB	G13-60	Termitidae	Neocapritermitinae	Neocapritermes-group	Neocapritermes	Neocapritermes taracua			French Guiana	Petit Saut	2013	26109	1.6.6 (Python v2.7.18)	OQ980239
#3	164	TER_164_UCEDB	G13-28	Termitidae	Neocapritermitinae	Neocapritermes-group	Planicapritermes	Planicapritermes planiceps			French Guiana	Petit Saut	2013	25226	1.6.6 (Python v2.7.18)	KY224552
#3	165	TER_165_UCEDB	G683	Termitidae	Neocapritermitinae	Neocapritermes-group	Schievitermes	Schievitermes globicornis			French Guiana	Petit Saut	2013	35184	1.6.6 (Python v2.7.18)	KY224444
#3	166	TER_166_UCEDB	THAI055	Termitidae	Microcerotermitinae	Microcerotermes-group	Microcerotermes	Microcerotermes sp A			Thailand	Kaoh Chong	2013	18367	1.6.6 (Python v2.7.18)	KY224612
#3	167	TER_167_UCEDB	PHI1	Termitidae	Microcerotermitinae	Microcerotermes-group	Microcerotermes	Microcerotermes crassus			Philippines	near Manila	2014	15768	1.6.6 (Python v2.7.18)	KY224690
#3	168	TER_168_UCEDB	PHI8	Termitidae	Microcerotermitinae	Microcerotermes-group	Microcerotermes	Microcerotermes phllippines			Philippines	Antipolo	2015	4151	1.6.6 (Python v2.7.18)	OQ933862
#3	169	TER_169_UCEDB	T6.14	Termitidae	Microcerotermitinae	Microcerotermes-group	Microcerotermes	Microcerotermes sp			Singapore	Bukit Batog	2013	13999	1.6.6 (Python v2.7.18)	OQ908858
#3	170	TER_170_UCEDB	MAL37	Termitidae	Microcerotermitinae	Microcerotermes-group	Microcerotermes	Microcerotermes crassus			Malaysia	Penang Island	2013	8483	1.6.6 (Python v2.7.18)	KY224428
#3	171	TER_171_UCEDB	MAL22	Termitidae	Microcerotermitinae	Microcerotermes-group	Microcerotermes	Microcerotermes crassus			Malaysia	Penang Island	2013	2348	1.6.6 (Python v2.7.18)	OQ980220
#3	172	TER_172_UCEDB	TP114A	Termitidae	Microcerotermitinae	Microcerotermes-group	Microcerotermes	Microcerotermes crassus			Malaysia	Penang Island	2013	6595	1.6.6 (Python v2.7.18)	OQ908860
#3	173	TER_173_UCEDB	THAI54	Termitidae	Microcerotermitinae	Microcerotermes-group	Microcerotermes	Microcerotermes crassus			Thailand	Kaoh Chong	2013	12297	1.6.6 (Python v2.7.18)	OQ955593
#3	174	TER_174_UCEDB	AUS66_2	Termitidae	Microcerotermitinae	Microcerotermes-group	Microcerotermes	Microcerotermes sp E			Australia	Darwin	2014	16125	1.6.6 (Python v2.7.18)	KY224573
#3	175	TER_175_UCEDB	AUS66	Termitidae	Microcerotermitinae	Microcerotermes-group	Microcerotermes	Microcerotermes sp E			Australia	Darwin	2014	14819	1.6.6 (Python v2.7.18)	KY224573
#3	176	TER_176_UCEDB	AUS114	Termitidae	Microcerotermitinae	Microcerotermes-group	Microcerotermes	Microcerotermes spH			Australia	near Cairns	2014	18704	1.6.6 (Python v2.7.18)	KY224675
#3	177	TER_177_UCEDB	AUS71	Termitidae	Microcerotermitinae	Microcerotermes-group	Microcerotermes	Microcerotermes spG			Australia	"Queensland, Cairns Botanical Garden"	2012	1836	1.6.6 (Python v2.7.18)	KY224635
#3	178	TER_178_UCEDB	AUS82	Termitidae	Microcerotermitinae	Microcerotermes-group	Microcerotermes	Microcerotermes spI			Australia	"Cairns, Around Cairns tropical zoo"	2014	24571	1.6.6 (Python v2.7.18)	KY224705
#3	179	TER_179_UCEDB	AUS32	Termitidae	Microcerotermitinae	Microcerotermes-group	Microcerotermes	Microcerotermes sp			Australia	Darwin	2012	8598	1.6.6 (Python v2.7.18)	OQ991904
#3	180	TER_180_UCEDB	AUS6	Termitidae	Microcerotermitinae	Microcerotermes-group	Microcerotermes	Microcerotermes nervosus			Australia	Darwin	2012	4623	1.6.6 (Python v2.7.18)	KY224586
#3	181	TER_181_UCEDB	AUS13	Termitidae	Microcerotermitinae	Microcerotermes-group	Microcerotermes	Microcerotermes sp			Australia	Darwin	2012	28622	1.6.6 (Python v2.7.18)	OQ991903
#3	182	TER_182_UCEDB	TBRU912E	Termitidae	Microcerotermitinae	Microcerotermes-group	Microcerotermes	Microcerotermes serrula			Brunei	Temburong National Park	2014	11327	1.6.6 (Python v2.7.18)	KY224710
#3	183	TER_183_UCEDB	T2-IC	Termitidae	Microcerotermitinae	Microcerotermes-group	Microcerotermes	Microcerotermes havilandi			Singapore	Mac Ritchie	2012	15670	1.6.6 (Python v2.7.18)	KY224533
#3	184	TER_184_UCEDB	TBRU414	Termitidae	Microcerotermitinae	Microcerotermes-group	Microcerotermes	Microcerotermes nr havilandi			Brunei	near Kuala Belait	2013	5832	1.6.6 (Python v2.7.18)	OR052089
#3	185	TER_185_UCEDB	TBRU318a	Termitidae	Microcerotermitinae	Microcerotermes-group	Microcerotermes	Microcerotermes nr havilandi			Brunei	near Kuala Belait	2013	7682	1.6.6 (Python v2.7.18)	KY224610
#3	186	TER_186_UCEDB	NG71	Termitidae	Microcerotermitinae	Microcerotermes-group	Microcerotermes	Microcerotermes biroi			Indonesia	"New Guinea, West Papua, 50km from Nabire"	2011	11067	1.6.6 (Python v2.7.18)	KP026297
#3	187	TER_187_UCEDB	NG10	Termitidae	Microcerotermitinae	Microcerotermes-group	Microcerotermes	Microcerotermes biroi			Indonesia	"New Guinea, West Papua, 50km from Nabire"	2011	3909	1.6.6 (Python v2.7.18)	OQ980240
#3	188	TER_188_UCEDB	D2-34/NG	Termitidae	Microcerotermitinae	Microcerotermes-group	Microcerotermes	Microcerotermes biroi			Indonesia	New Guinea	NA	4835	1.6.6 (Python v2.7.18)	OQ998966
#3	189	TER_189_UCEDB	NG48	Termitidae	Microcerotermitinae	Microcerotermes-group	Microcerotermes	Microcerotermes papuanus			Indonesia	"New Guinea, West Papua, 50km from Nabire"	2011	3241	1.6.6 (Python v2.7.18)	OQ991901
#3	190	TER_190_UCEDB	NG81	Termitidae	Microcerotermitinae	Microcerotermes-group	Microcerotermes	Microcerotermes papuanus			Indonesia	"New Guinea, West Papua, near Nabire"	2011	4967	1.6.6 (Python v2.7.18)	OK163848
#3	191	TER_191_UCEDB	NG81-2	Termitidae	Microcerotermitinae	Microcerotermes-group	Microcerotermes	Microcerotermes papuanus			Indonesia	"New Guinea, West Papua, near Nabire"	2011	11629	1.6.6 (Python v2.7.18)	OK163848
#3	192	TER_192_UCEDB	NG28	Termitidae	Microcerotermitinae	Microcerotermes-group	Microcerotermes	Microcerotermes papuanus			Indonesia	"New Guinea, West Papua, 50km from Nabire"	2011	16441	1.6.6 (Python v2.7.18)	OQ984045
#3	193	TER_193_UCEDB	RDCT033	Termitidae	Microcerotermitinae	Microcerotermes-group	Microcerotermes	Microcerotermes fuscotibialis			Democratic Republic of the Congo	Yangambi	2013	10899	1.6.6 (Python v2.7.18)	KY224494
#3	194	TER_194_UCEDB	BDIT102	Termitidae	Microcerotermitinae	Microcerotermes-group	Microcerotermes	Microcerotermes fuscotibialis			Burundi	Ruvubu National Park	2013	12758	1.6.6 (Python v2.7.18)	KY224645
#3	195	TER_195_UCEDB	BDIT045	Termitidae	Microcerotermitinae	Microcerotermes-group	Microcerotermes	Microcerotermes parvus			Burundi	Kigwena	2012	29961	1.6.6 (Python v2.7.18)	OQ991905
#3	196	TER_196_UCEDB	RDCT119	Termitidae	Microcerotermitinae	Microcerotermes-group	Microcerotermes	Microcerotermes parvus			Democratic Republic of the Congo	Yangambi	2013	8312	1.6.6 (Python v2.7.18)	KY224699
#3	197	TER_197_UCEDB	RDCT053	Termitidae	Microcerotermitinae	Microcerotermes-group	Microcerotermes	Microcerotermes parvus			Democratic Republic of the Congo	Yangambi	2013	20203	1.6.6 (Python v2.7.18)	OQ933865
#3	198	TER_198_UCEDB	RDCT134	Termitidae	Microcerotermitinae	Microcerotermes-group	Microcerotermes	Microcerotermes parvus			Democratic Republic of the Congo	Yangambi	2013	20660	1.6.6 (Python v2.7.18)	OQ947860
#3	199	TER_199_UCEDB	RDCT055	Termitidae	Microcerotermitinae	Microcerotermes-group	Microcerotermes	Microcerotermes parvus			Democratic Republic of the Congo	Yangambi	2013	6671	1.6.6 (Python v2.7.18)	OQ947858
#3	200	TER_200_UCEDB	Msp_RNA_1	Termitidae	Microcerotermitinae	Microcerotermes-group	Microcerotermes	Microcerotermes sp			Thailand	NA	NA	21359	1.6.6 (Python v2.7.18)	OQ980221
#3	201	TER_201_UCEDB	G689	Termitidae	Microcerotermitinae	Microcerotermes-group	Microcerotermes	Microcerotermes sp			French Guiana	Petit Saut	2012	9907	1.6.6 (Python v2.7.18)	KY224534
#3	202	TER_202_UCEDB	FG-ND02-39	Termitidae	Microcerotermitinae	Microcerotermes-group	Microcerotermes	Microcerotermes spSC			French Guiana	Savannah Trou Poisson	2014	7136	1.6.6 (Python v2.7.18)	OQ980227
#3	203	TER_203_UCEDB	G-13-58	Termitidae	Microcerotermitinae	Microcerotermes-group	Microcerotermes	Microcerotermes sp			French Guiana	near Kourou	2013	18702	1.6.6 (Python v2.7.18)	KY224722
#3	204	TER_204_UCEDB	FG-ND02-38	Termitidae	Microcerotermitinae	Microcerotermes-group	Microcerotermes	Microcerotermes sp SA			French Guiana	Savannah Trou Poisson	2014	8761	1.6.6 (Python v2.7.18)	KY224435
#3	205	TER_205_UCEDB	MAD15-116	Termitidae	Microcerotermitinae	Microcerotermes-group	Microcerotermes	Microcerotermes mad spH			Madagascar	near Marovantaza	2015	12510	1.6.6 (Python v2.7.18)	OQ923230
#3	206	TER_206_UCEDB	MAD15-148	Termitidae	Microcerotermitinae	Microcerotermes-group	Microcerotermes	MAD15 148 Microcerotermes subtilis			Madagascar	near Ankilizato	2015	7452	1.6.6 (Python v2.7.18)	OQ130293
#3	207	TER_207_UCEDB	MAD15-62	Termitidae	Microcerotermitinae	Microcerotermes-group	Microcerotermes	MAD15 62 Microcerotermes subtilis			Madagascar	near Ankaran reserve	2015	18473	1.6.6 (Python v2.7.18)	OQ130276
#3	208	TER_208_UCEDB	MAD15-59	Termitidae	Microcerotermitinae	Microcerotermes-group	Microcerotermes	Microcerotermes mad spF			Madagascar	between Sambava and Vohemar	2015	21197	1.6.6 (Python v2.7.18)	OQ970623
#3	209	TER_209_UCEDB	MAD15-136	Termitidae	Microcerotermitinae	Microcerotermes-group	Microcerotermes	MAD15 136 Microcerotermes pauliani			Madagascar	near the Baobab avenue	2015	11257	1.6.6 (Python v2.7.18)	OQ130292
#3	210	TER_210_UCEDB	MAD15-16	Termitidae	Microcerotermitinae	Microcerotermes-group	Microcerotermes	Microcerotermes mad spC			Madagascar	25km West of Sambava	2015	10464	1.6.6 (Python v2.7.18)	OQ955595
#3	211	TER_211_UCEDB	MAD15-85	Termitidae	Microcerotermitinae	Microcerotermes-group	Microcerotermes	Microcerotermes mad spA			Madagascar	near Ambanja	2015	16779	1.6.6 (Python v2.7.18)	OQ970626
#3	212	TER_212_UCEDB	MAD15-104	Termitidae	Microcerotermitinae	Microcerotermes-group	Microcerotermes	MAD15 104 Microcerotermes unidentatus			Madagascar	20km East of Antsohily	2015	14517	1.6.6 (Python v2.7.18)	OQ130291
#3	213	TER_213_UCEDB	MAD15-5	Termitidae	Microcerotermitinae	Microcerotermes-group	Microcerotermes	MAD15 5 Microcerotermes aff pauliani			Madagascar	near Sambava	2015	13908	1.6.6 (Python v2.7.18)	OQ130270
#3	214	TER_214_UCEDB	MAD15-21	Termitidae	Microcerotermitinae	Microcerotermes-group	Microcerotermes	Microcerotermes mad spD			Madagascar	near Sambava	2015	15694	1.6.6 (Python v2.7.18)	OQ955596
#3	215	TER_215_UCEDB	MAD15-169	Termitidae	Microcerotermitinae	Microcerotermes-group	Microcerotermes	MAD15 169 Microcerotermes aff sikorae			Madagascar	near Analamazoatra Reserve	2015	15178	1.6.6 (Python v2.7.18)	OQ130273
#3	216	TER_216_UCEDB	MAD15-151	Termitidae	Microcerotermitinae	Microcerotermes-group	Microcerotermes	Microcerotermes mad spM			Madagascar	"RN14, near Malaimbandy"	2015	12472	1.6.6 (Python v2.7.18)	OQ980219
#3	217	TER_217_UCEDB	MAD15-139	Termitidae	Microcerotermitinae	Microcerotermes-group	Microcerotermes	MAD15 139 Microcerotermes sp 1			Madagascar	40km East of Morondava	2015	9776	1.6.6 (Python v2.7.18)	OQ130272
#3	218	TER_218_UCEDB	MAD15-130	Termitidae	Microcerotermitinae	Microcerotermes-group	Microcerotermes	MAD15 130 Microcerotermes sp 1			Madagascar	near Ankarafantsika National Park	2015	22487	1.6.6 (Python v2.7.18)	OQ130271
#3	219	TER_219_UCEDB	MAD15-113	Termitidae	Microcerotermitinae	Microcerotermes-group	Microcerotermes	Microcerotermes mad spG			Madagascar	near Marovantaza	2015	13556	1.6.6 (Python v2.7.18)	OQ970628
#3	220	TER_220_UCEDB	MAD15-71	Termitidae	Microcerotermitinae	Microcerotermes-group	Microcerotermes	Microcerotermes mad spB			Madagascar	between Ambilobe and Ambanja	2015	28090	1.6.6 (Python v2.7.18)	OQ970625
#3	221	TER_221_UCEDB	MAD15-76	Termitidae	Microcerotermitinae	Microcerotermes-group	Microcerotermes	MAD15 76 Microcerotermes sp 2			Madagascar	between Ambilobe and Ambanja	2015	12953	1.6.6 (Python v2.7.18)	OQ130279
#3	222	TER_222_UCEDB	MAD15-66	Termitidae	Microcerotermitinae	Microcerotermes-group	Microcerotermes	MAD15 66 Microcerotermes sp 2			Madagascar	near Ankaran reserve	2015	15151	1.6.6 (Python v2.7.18)	OQ130278
#3	223	TER_223_UCEDB	MAD15-63	Termitidae	Microcerotermitinae	Microcerotermes-group	Microcerotermes	Microcerotermes mad spN			Madagascar	near Ankaran reserve	2015	1070	1.6.6 (Python v2.7.18)	OQ130277
#3	224	TER_224_UCEDB	MAD15-86	Termitidae	Microcerotermitinae	Microcerotermes-group	Microcerotermes	Microcerotermes mad spK			Madagascar	near Ambanja	2015	21773	1.6.6 (Python v2.7.18)	OQ130281
#3	225	TER_225_UCEDB	MAD15-54	Termitidae	Microcerotermitinae	Microcerotermes-group	Microcerotermes	MAD15 54 Microcerotermes sp 2			Madagascar	between Sambava and Vohemar	2015	12557	1.6.6 (Python v2.7.18)	OQ130295
#3	226	TER_226_UCEDB	G13-23	Termitidae	Syntermitinae		Embiratermes 	Embiratermes brevinasus			French Guiana	Petit Saut	2013	17135	1.6.6 (Python v2.7.18)	KY224580
#3	227	TER_227_UCEDB	G13-45	Termitidae	Syntermitinae		Cyrilliotermes 	Cyrilliotermes angulariceps			French Guiana	Petit Saut	2013	7770	1.6.6 (Python v2.7.18)	OQ980235
#3	228	TER_228_UCEDB	BRA14	Termitidae	Syntermitinae		Cyrilliotermes 	Cyrilliotermes sp			Brazil	"Sete Lagoas, Minas Gerais"	2012	30163	1.6.6 (Python v2.7.18)	OQ885052
#3	229	TER_229_UCEDB	BRA11_2	Termitidae	Syntermitinae		Syntermes 	Syntermes grandis			Brazil	"Sete Lagoas, Minas Gerais"	2012	14234	1.6.6 (Python v2.7.18)	OQ998954
#3	230	TER_230_UCEDB	BRA9	Termitidae	Syntermitinae		Rhynchotermes 	Rhynchotermes nasutissimus			Brazil	"Sete Lagoas, Minas Gerais"	2012	11968	1.6.6 (Python v2.7.18)	KY224701
#3	231	TER_231_UCEDB	G13_62	Termitidae	Syntermitinae		Cornitermes 	Cornitermes sp A			French Guiana	Petit Saut	2013	4581	1.6.6 (Python v2.7.18)	KY224702
#3	232	TER_232_UCEDB	BRA3	Termitidae	Syntermitinae		Cornitermes 	Cornitermes cumulans			Brazil	"Sete Lagoas, Minas Gerais"	2012	25227	1.6.6 (Python v2.7.18)	KY224538
#3	233	TER_233_UCEDB	BRA5	Termitidae	Syntermitinae		Silvestritermes 	Silvestritermes heyeri			Brazil	"Sete Lagoas, Minas Gerais"	2012	26178	1.6.6 (Python v2.7.18)	KY224492
#3	234	TER_234_UCEDB	BRA29	Termitidae	Syntermitinae		Labiotermes 	Labiotermes sp			Brazil	Brasília	2012	19659	1.6.6 (Python v2.7.18)	KY224468
#3	235	TER_235_UCEDB	G13-43	Termitidae	Syntermitinae		Labiotermes 	Labiotermes labralis			French Guiana	Petit Saut	2013	2883	1.6.6 (Python v2.7.18)	OQ980234
#3	236	TER_236_UCEDB	BDI-TR1-M1e	Termitidae	Promirotermitinae	Amitermes-group	Promirotermes	Promirotermes pygmaeus			Burundi	Rumonge	2012	35873	1.6.6 (Python v2.7.18)	OQ933863
#3	237	TER_237_UCEDB	RDCT105	Termitidae	Cubitermitinae		Ophiotermes	Ophiotermes mirandus			Democratic Republic of the Congo	Yangambi	2013	14216	1.6.6 (Python v2.7.18)	KY224495
#3	238	TER_238_UCEDB	BDIT069	Termitidae	Cubitermitinae		Nitiditermes 	Nitiditermes fulvus			Burundi	Buga	2013	6140	1.6.6 (Python v2.7.18)	KY224600
#3	239	TER_239_UCEDB	RDCT051	Termitidae	Cubitermitinae		Orthotermes 	Orthotermes depressifrons			Democratic Republic of the Congo	Yangambi	2013	14924	1.6.6 (Python v2.7.18)	KY224654
#3	240	TER_240_UCEDB	BDIT043	Termitidae	Cubitermitinae		Basidentitermes 	Basidentitermes aurivillii			Burundi	Kigwena	2012	2430	1.6.6 (Python v2.7.18)	OR052087
#3	241	TER_241_UCEDB	RDCT159	Termitidae	Cubitermitinae		Proboscitermes 	Proboscitermes tubuliferus			Democratic Republic of the Congo	Yangambi	2013	7682	1.6.6 (Python v2.7.18)	KY224503
#3	242	TER_242_UCEDB	RDCT125	Termitidae	Termitinae	Termes-group	Tuberculitermes 	Tuberculitermes bycanistes			Democratic Republic of the Congo	Yangambi	2013	30764	1.6.6 (Python v2.7.18)	KY224466
#3	243	TER_243_UCEDB	G13-112	Termitidae	Termitinae	Termes-group	Cavitermes 	Cavitermes tuberosus			French Guiana	Petit Saut	2013	30685	1.6.6 (Python v2.7.18)	OQ998960
#3	244	TER_244_UCEDB	G13-105	Termitidae	Termitinae	Termes-group	Termes 	Termes fatalis			French Guiana	Petit Saut	2013	27065	1.6.6 (Python v2.7.18)	KY224726
#3	245	TER_245_UCEDB	NG49	Termitidae	Termitinae	Termes-group	Protocapritermes 	Protocapritermes odontomachus			Indonesia	"New Guinea, West Papua, near Nabire"	2011	7309	1.6.6 (Python v2.7.18)	OK163843
#3	246	TER_246_UCEDB	THAI096	Termitidae	Termitinae	Termes-group	Termes 	Termes rostratus			Thailand	Thung Chang	2013	17567	1.6.6 (Python v2.7.18)	KY224595
#3	247	TER_247_UCEDB	TBRU5.14A	Termitidae	Amitermitinae	Amitermes-group	Prohamitermes 	Prohamitermes mirabilis			Brunei	near Kuala Belait	2013	10573	1.6.6 (Python v2.7.18)	KY224617
#3	248	TER_248_UCEDB	THAI49	Termitidae	Amitermitinae	Amitermes-group	Amitermes 	Amitermes dentalus			Thailand	Kaoh Chong	2013	10596	1.6.6 (Python v2.7.18)	KY224513
#3	249	TER_249_UCEDB	AUS4	Termitidae	Amitermitinae	Amitermes-group	Amitermes 	Amitermes meridionalis			Australia	Darwin	2012	28578	1.6.6 (Python v2.7.18)	KY224487
#3	250	TER_250_UCEDB	G697	Termitidae	Amitermitinae	Amitermes-group	Orthognathotermes 	Orthognathotermes aduncus			French Guiana	Petit Saut	2012	9488	1.6.6 (Python v2.7.18)	KP026289
#3	251	TER_251_UCEDB	G730	Termitidae	Amitermitinae	Amitermes-group	Dentispicotermes 	Dentispicotermes brevicarinatus			French Guiana	Petit Saut	2013	23349	1.6.6 (Python v2.7.18)	OQ998962
#3	252	TER_252_UCEDB	NG55	Termitidae	Mirocapritermitinae	Pericapritermes-gp	Pericapritermes 	Pericapritermes sp B			Indonesia	"New Guinea, West Papua, near Nabire"	2011	11098	1.6.6 (Python v2.7.18)	OK163844
#3	253	TER_253_UCEDB	NG45	Termitidae	Mirocapritermitinae	Pericapritermes-gp	Pericapritermes 	Pericapritermes parvus			Indonesia	"New Guinea, West Papua, 50km from Nabire"	2011	15774	1.6.6 (Python v2.7.18)	OQ980241
#3	254	TER_254_UCEDB	NG45-10k	Termitidae	Mirocapritermitinae	Pericapritermes-gp	Pericapritermes 	Pericapritermes parvus			Indonesia	"New Guinea, West Papua, 50km from Nabire"	2011	30343	1.6.6 (Python v2.7.18)	OQ980241
#3	255	TER_255_UCEDB	SING57	Termitidae	Mirocapritermitinae	Pericapritermes-gp	Dicuspiditermes 	Dicuspiditermes nemorosus			Singapore	Mac Ritchie	2012	261	1.6.6 (Python v2.7.18)	NA
#3	256	TER_256_UCEDB	THAI038	Termitidae	Mirocapritermitinae	Pericapritermes-gp	Mirocapritermes 	Mirocapritermes sp 1			Thailand	Kaoh Chong	2013	20874	1.6.6 (Python v2.7.18)	KY224731
#3	257	TER_257_UCEDB	THAI037	Termitidae	Mirocapritermitinae	Pericapritermes-gp	Procapritermes 	Procapritermes sp 1			Thailand	Kaoh Chong	2013	33601	1.6.6 (Python v2.7.18)	KY224437
#3	258	TER_258_UCEDB	SP1	Termitidae	Mirocapritermitinae	Pericapritermes-gp	Sinocapritermes 	Sinocapritermes mushae			Japan	Iriomote Island	NA	29595	1.6.6 (Python v2.7.18)	OQ947862
#3	259	TER_259_UCEDB	THAI105	Termitidae	Mirocapritermitinae	Pericapritermes-gp	Sinocapritermes 	Sinocapritermes sp 1			Thailand	Thung Chang	2013	25521	1.6.6 (Python v2.7.18)	KY224541
#4	260	TER_260_UCEDB	MZUSP 16356	Termitidae	Syntermitinae		Genuotermes	Genuotermes spinifer			Brazil	"Rondônia, Porto Velho"	2012	1275	1.6.6 (Python v2.7.18)	NA
#4	261	TER_261_UCEDB	MZUSP 21604	Termitidae	Neocapritermitinae	Neocapritermes-group	Neocapritermes	Neocapritermes talpa			Brazil	"Rondônia, Porto Velho"	2011	27667	1.6.6 (Python v2.7.18)	NA
#4	262	TER_262_UCEDB	MZUSP 24538	Termitidae	Cylindrotermitinae	Cylindrotermes-group	Cylindrotermes	Cylindrotermes flangiatus			Brazil	"Amazonas, Iranduba"	2016	26995	1.6.6 (Python v2.7.18)	NA
#4	263	TER_263_UCEDB	MZUSP 24842	Termitidae	Neocapritermitinae	Neocapritermes-group	Neocapritermes	Neocapritermes braziliensis			Brazil	"Roraima, Mucajaí"	2016	25699	1.6.6 (Python v2.7.18)	NA
#4	264	TER_264_UCEDB	MZUSP 25207	Termitidae	Amitermitinae	Amitermes-group	Dentispicotermes	Dentispicotermes sp			Brazil	"Roraima, Boa Vista"	2016	27167	1.6.6 (Python v2.7.18)	NA
#4	265	TER_265_UCEDB	MZUSP 26056	Termitidae	Termitinae	Termes-group	Inquilinitermes	Inquilinitermes sp			Brazil	"Ceará, Belmonte, Crato"	2017	19058	1.6.6 (Python v2.7.18)	NA
#4	266	TER_266_UCEDB	Anacan_Mt_w	Hodotermitidae	NA		Anacanthotermes	Anacanthotermes sp			Jordan	Arava Desert	NA	38314	1.6.6 (Python v2.7.18)	OQ440394
#4	267	TER_267_UCEDB	AUS19 STOLO PQ+M	Stolotermitidae	Stolotermitinae		Stolotermes	Stolotermes victoriensis			Australia	"Olney State Forest, on Wollombi Forest Road, near Nest Point Road"	2019	38632	1.6.6 (Python v2.7.18)	OQ440395
#4	268	TER_268_UCEDB	AUS5	Termitidae	Amitermitinae	Amitermes-group	Drepanotermes	Drepanotermes perniger			Australia	"Darwin, Northern Territory"	2012	24976	1.6.6 (Python v2.7.18)	NA
#4	269	TER_269_UCEDB	AUS73	Termitidae	Termitinae		Termes-group	Termes-group spF			Australia	"near Cairns, Queensland"	2014	39384	1.6.6 (Python v2.7.18)	NA
#4	270	TER_270_UCEDB	BO541	Termitidae	Amitermitinae	Amitermes-group	Orthognathotermes	Orthognathotermes aduncus			Bolivia	N. San Pedro on Hwy 9	2013	28282	1.6.6 (Python v2.7.18)	NA
#4	271	TER_271_UCEDB	CAM18S-25A	Termitidae	Cubitermitinae		Apilitermes	Apilitermes longiceps			Cameroon	NA	2018	21656	1.6.6 (Python v2.7.18)	NA
#4	272	TER_272_UCEDB	CAM19_1_PG_077	Termitidae	Cubitermitinae		Thoracotermes	Thoracotermes macrothorax			Cameroon	Ebogo II	2019	17456	1.6.6 (Python v2.7.18)	NA
#4	273	TER_273_UCEDB	CAM19_1_PG_182	Termitidae	Apicotermitinae		Jugositermes	Jugositermes tuberculatus			Cameroon	Ntuessong	2019	26619	1.6.6 (Python v2.7.18)	NA
#4	274	TER_274_UCEDB	CAM19_2_PG_101	Termitidae	Termitinae	Termes-group	Termes	Termes hospes			Cameroon	"Nkol-aebe, Nikola's forest"	2019	27081	1.6.6 (Python v2.7.18)	NA
#4	275	TER_275_UCEDB	CAM19_2_PG_102	Termitidae	Apicotermitinae		Duplidentitermes	Duplidentitermes furcatidens			Cameroon	"Nkol-aebe, Nikola's forest"	2019	16818	1.6.6 (Python v2.7.18)	NA
#4	276	TER_276_UCEDB	CAM19_2_PG_118	Termitidae	Apicotermitinae		Astratotermes	Astratotermes hilarus			Cameroon	"Nkol-aebe, Nikola's forest"	2019	30192	1.6.6 (Python v2.7.18)	NA
#4	277	TER_277_UCEDB	CAM19_2_PG_126	Termitidae	Cubitermitinae		Furculitermes	Furculitermes sp			Cameroon	"Nkol-aebe, Nikola's forest"	2019	12482	1.6.6 (Python v2.7.18)	NA
#4	278	TER_278_UCEDB	CAM19_2_PG_138	Termitidae	Cubitermitinae		Unguitermes	Unguitermes trispinosus			Cameroon	"Nkol-aebe, Nikola's forest"	2019	11446	1.6.6 (Python v2.7.18)	NA
#4	279	TER_279_UCEDB	CAM19-1-PG-005	Termitidae	Cubitermitinae		Crenetermes	Crenetermes albotarsalis			Cameroon	Ebogo II	2019	13388	1.6.6 (Python v2.7.18)	NA
#4	280	TER_280_UCEDB	CAM19-1-PG-018	Termitidae	Engelitermitinae		Engelitermes	Engelitermes zambo			Cameroon	Ebogo II	2019	22529	1.6.6 (Python v2.7.18)	OP882287
#4	281	TER_281_UCEDB	CAM19-1-PG-022	Termitidae	Nasutitermitinae		Postsubulitermes	Postsubulitermes sp			Cameroon	Ebogo II	2019	14596	1.6.6 (Python v2.7.18)	NA
#4	282	TER_282_UCEDB	CAM19-1-PG-025	Termitidae	Cubitermitinae		Procubitermes	Procubitermes arboricola			Cameroon	Ebogo II	2019	6323	1.6.6 (Python v2.7.18)	NA
#4	283	TER_283_UCEDB	CAM19-1-PG-123	Termitidae	Forficulitermitinae		Forficulitermes	Forficulitermes planifrons			Cameroon	Ebogo II	2019	7348	1.6.6 (Python v2.7.18)	OP882292
#4	284	TER_284_UCEDB	CAM19-1-PG-179	Termitidae	Engelitermitinae		Engelitermes	Engelitermes zambo			Cameroon	Ntuessong	2019	24394	1.6.6 (Python v2.7.18)	OP882288
#4	285	TER_285_UCEDB	CAM19-2-PG-139	Termitidae	Nasutitermitinae		Verrucositermes	Verrucositermes tuberosus			Cameroon	"Nkol-aebe, Nikola's forest"	2019	15597	1.6.6 (Python v2.7.18)	NA
#4	286	TER_286_UCEDB	CAM19-2-PG-144	Termitidae	Nasutitermitinae		Eutermellus	Eutermellus aquilinus			Cameroon	"Nkol-aebe, Nikola's forest"	2019	1021	1.6.6 (Python v2.7.18)	NA
#4	287	TER_287_UCEDB	CAM19-2-PG-195	Termitidae	Cubitermitinae		Noditermes	Noditermes lamanianus			Cameroon	Ebogo II	2019	32792	1.6.6 (Python v2.7.18)	NA
#4	288	TER_288_UCEDB	DJ_0007_26	Termitidae	Cubitermitinae		Polyspathotermes	Polyspathotermes inclitus			Democratic Republic of the Congo	"Haut-Katanga, Kisangwe, Mikembo sanctuary"	2012	23840	1.6.6 (Python v2.7.18)	NA
#4	289	TER_289_UCEDB	DJ_0709_11	Termitidae	Cubitermitinae		Cubitermes	Cubitermes tenuiceps			Democratic Republic of the Congo	"Haut-Katanga, Lubemba"	2019	40244	1.6.6 (Python v2.7.18)	NA
#4	290	TER_290_UCEDB	DJ_0711_14	Termitidae	Cubitermitinae		Ternicubitermes	Ternicubitermes sp			Angola	"Cuanza Sul, Mussende"	2019	37687	1.6.6 (Python v2.7.18)	NA
#4	291	TER_291_UCEDB	DJ_0742_16	Termitidae	Cubitermitinae		Isognathotermes	Isognathotermes finitimus			Democratic Republic of the Congo	Lokulu	2010	39920	1.6.6 (Python v2.7.18)	NA
#4	292	TER_292_UCEDB	EC1330	Termitidae	Neocapritermitinae	Neocapritermes-group	Planicapritermes	Planicapritermes sp			Ecuador	"Francisco de Orellana, Yasuni station area, all trails"	2011	22863	1.6.6 (Python v2.7.18)	NA
#4	293	TER_293_UCEDB	EC504	Rhinotermitidae	NA		Acorhinotermes	Acorhinotermes subfusciceps			Ecuador	"Francisco de Orellana, Yasuni station area, all trails"	2011	34919	1.6.6 (Python v2.7.18)	NA
#4	294	TER_294_UCEDB	EC662	Termitidae	Crepititermitinae	Cylindrotermes-group	Crepititermes	Crepititermes verruculosus			Ecuador	"Francisco de Orellana, Yasuni station area, all trails"	2011	26899	1.6.6 (Python v2.7.18)	NA
#4	295	TER_295_UCEDB	EC792	Termitidae	Cylindrotermitinae	Cylindrotermes-group	Cylindrotermes	Cylindrotermes parvignathus			Ecuador	"Francisco de Orellana, Yasuni station area, all trails"	2011	17798	1.6.6 (Python v2.7.18)	NA
#4	296	TER_296_UCEDB	G17-009	Termitidae	Nasutitermitinae		Nasutitermes	Nasutitermes coxipoensis			French Guiana	Savane Trou Poissons	2017	5968	1.6.6 (Python v2.7.18)	NA
#4	297	TER_297_UCEDB	Guyane 33	Termitidae	Neocapritermitinae	Neocapritermes-group	Neocapritermes	Neocapritermes araguaia			French Guiana	Petit Saut	2008	30188	1.6.6 (Python v2.7.18)	NA
#4	298	TER_298_UCEDB	IBISCA_141_13_04	Termitidae	Nasutitermitinae		Velocitermes	Velocitermes barrocoloradensis			Panama	San Lorenzo protected area	2007	4142	1.6.6 (Python v2.7.18)	NA
#4	299	TER_299_UCEDB	KE15-122	Termitidae	Promirotermitinae		Angulitermes	Angulitermes sp			Kenya	NA	2015	22581	1.6.6 (Python v2.7.18)	NA
#4	300	TER_300_UCEDB	L250-11-F	Termitidae	Cylindrotermitinae	Cylindrotermes-group	Cylindrotermes	Cylindrotermes parvignathus			French Guiana	Edge transect 250m	2020	41473	1.6.6 (Python v2.7.18)	NA
#4	301	TER_301_UCEDB	MAD19_51	Psammotermitidae	Psammotermitinae		Psammotermes	Psammotermes voeltzkowi			Madagascar	"Farm land, savana"	2019	6433	1.6.6 (Python v2.7.18)	OQ555377
#4	302	TER_302_UCEDB	MAD19-151	Termitidae	Termitinae		Quasitermes	Quasitermes incisus			Madagascar	Botanical garden	2019	5488	1.6.6 (Python v2.7.18)	OQ555373
#4	303	TER_303_UCEDB	MT20_04	Termitidae	Termitinae		Termes	Termes hispaniolae			Martinique	"Forêt sèche de Pointe Rouge, Tartane"	2020	17506	1.6.6 (Python v2.7.18)	NA
#4	304	TER_304_UCEDB	MX98	Termitidae	Amitermitinae	Amitermes-group	Gnathamitermes	Gnathamitermes grandis			Mexico	"Aguascalientes, AGS"	1996	32438	1.6.6 (Python v2.7.18)	NA
#4	305	TER_305_UCEDB	PA969	Termitidae	Microcerotermitinae		Onkotermes	Onkotermes corochus			Paraguay	Humid Chaco S Pozo Colorado	2012	5967	1.6.6 (Python v2.7.18)	NA
#4	306	TER_306_UCEDB	PN1478	Termitidae	Amitermitinae	Amitermes-group	Orthognathotermes	Orthognathotermes wheeleri			Panama	Barro Colorado Is	2010	26597	1.6.6 (Python v2.7.18)	NA
#4	307	TER_307_UCEDB	PU476	Termitidae	Syntermitinae		Syntermes	Syntermes spinosus			Peru	"11 km SW Pto. Inca , secondary"	2014	20074	1.6.6 (Python v2.7.18)	NA
#4	308	TER_308_UCEDB	PU733	Termitidae	Syntermitinae		Silvestritermes	Silvestritermes heyeri			Peru	"5 km SW Campoverde, farm area"	2014	27447	1.6.6 (Python v2.7.18)	NA
#4	309	TER_309_UCEDB	RNAL_57	Termitidae	Cubitermitinae		Megagnathotermes	Megagnathotermes notandus			Cote d'Ivoire	Torogo	2015	33716	1.6.6 (Python v2.7.18)	NA
#4	310	TER_310_UCEDB	SING86	Termitidae	Amitermitinae		Globitermes	Globitermes globosus			Singapore	Bukit Timah	2013	6551	1.6.6 (Python v2.7.18)	KY224563
#4	311	TER_311_UCEDB	T3_10f	Termitidae	Nasutitermitinae		Aciculitermes	Aciculitermes sp			Singapore	Bukit Timah	2013	23643	1.6.6 (Python v2.7.18)	KY224659
#4	312	TER_312_UCEDB	THAI97	Termitidae	Mirocapritermitinae		Homallotermes	Homallotermes foraminifer			Thailand	NA	2013	15502	1.6.6 (Python v2.7.18)	NA
#4	313	TER_313_UCEDB	TL-01	Termitidae	Amitermitinae	Amitermes-group	Eremotermes	Eremotermes sp			Israel	Gedera	2021	39468	1.6.6 (Python v2.7.18)	NA
#4	314	TER_314_UCEDB	US1244	Termitidae	Nasutitermitinae		Tenuirostritermes	Tenuirostritermes tenuirostris			USA	"Texas, S. Alpine on Hwy 118"	2008	34414	1.6.6 (Python v2.7.18)	NA
#4	315	TER_315_UCEDB	VZ305	Termitidae	Termitinae		Spinitermes	Spinitermes nigrostomus			Venezuela	above Mochima dry area	2007	11467	1.6.6 (Python v2.7.18)	NA
#5	316	TER_316_UCEDB	TT1023.1	Kalotermitidae	NA		Cryptotermes	Cryptotermes parvifrons			Trinidad and Tobago	Mount Pleasant	1998	7622	1.6.6 (Python v2.7.18)	OQ434258
#5	317	TER_317_UCEDB	TT1880	Heterotermitidae	NA		Coptotermes	Coptotermes testaceus			Trinidad and Tobago	Mayaro Rio Claro Regional Corporation	2003	14918	1.6.6 (Python v2.7.18)	OQ434259
#5	318	TER_318_UCEDB	TT2014	Termitidae	Microcerotermitinae		Microcerotermes	Microcerotermes arboreus			Trinidad and Tobago	Sangre Grande Regional Corporation	2003	10928	1.6.6 (Python v2.7.18)	OQ613360
#5	319	TER_319_UCEDB	TT2170	Termitidae	Apicotermitinae		gen_nov	gen_nov sp_nov			Trinidad and Tobago	St Augustine	2012	15506	1.6.6 (Python v2.7.18)	OQ446320
#5	320	TER_320_UCEDB	TT342.1	Kalotermitidae	NA		Rugitermes	Rugitermes flavicinctus			Trinidad and Tobago	Filette	1996	31256	1.6.6 (Python v2.7.18)	OQ446324
#5	321	TER_321_UCEDB	US1110	Termitidae	Amitermitinae		Gnathamitermes	Gnathamitermes sp_nov			USA	8 miles S  St. David	2008	14214	1.6.6 (Python v2.7.18)	OQ555391
#5	322	TER_322_UCEDB	US1112	Archotermopsidae	NA		Zootermopsis	Zootermopsis laticeps			USA	New Mexico	2008	5670	1.6.6 (Python v2.7.18)	ON059756
#5	323	TER_323_UCEDB	US1193.3	Termitidae	Amitermitinae		Gnathamitermes	Gnathamitermes tubiformans			USA	Texas	2008	3015	1.6.6 (Python v2.7.18)	OQ411244
#5	324	TER_324_UCEDB	US1268.1	Kalotermitidae	NA		Paraneotermes	Paraneotermes simplicicornis			USA	W Turlingua	2008	194	1.6.6 (Python v2.7.18)	OK506058
#5	325	TER_325_UCEDB	US1615	Archotermopsidae	NA		Zootermopsis	Zootermopsis angusticollis			USA	California	2017	19699	1.6.6 (Python v2.7.18)	OQ411245
#5	326	TER_326_UCEDB	US430	Heterotermitidae	NA		Reticulitermes	Reticulitermes hesperus			USA	California	2000	13636	1.6.6 (Python v2.7.18)	OQ434260
#5	327	TER_327_UCEDB	US512	Termitidae	Amitermitinae		Gnathamitermes	Gnathamitermes perplexus			USA	"Davis Mts. State Pk., Skyline Dr. Summit"	2001	28009	1.6.6 (Python v2.7.18)	OQ555393
#5	328	TER_328_UCEDB	US564	Archotermopsidae	NA		Zootermopsis	Zootermopsis nevadensis			USA	California	2004	19422	1.6.6 (Python v2.7.18)	OQ434262
#5	329	TER_329_UCEDB	US731	Archotermopsidae	NA		Zootermopsis	Zootermopsis angusticollis			USA	California	2005	3241	1.6.6 (Python v2.7.18)	OQ411246
#5	330	TER_330_UCEDB	US80	Termitidae	Amitermitinae		Amitermes	Amitermes coachellae			USA	"Anza Borrego St.Pk., 11.1mi W Salton"	1992	29727	1.6.6 (Python v2.7.18)	OQ078695
#5	331	TER_331_UCEDB	US95	Termitidae	Amitermitinae		Amitermes	Amitermes snyderi			USA	"Molino Basin, Santa Catalina Mts, Tucson"	1984	15259	1.6.6 (Python v2.7.18)	OQ078696
#5	332	TER_332_UCEDB	VZ1180	Kalotermitidae	NA		Proneotermes	Proneotermes latifrons			Venezuela	Licua	2008	2425	1.6.6 (Python v2.7.18)	OK506060
#5	333	TER_333_UCEDB	VZ124	Termitidae	Microcerotermitinae		Microcerotermes	Microcerotermes sp			Venezuela	Miranda	2007	13259	1.6.6 (Python v2.7.18)	OQ411247
#5	334	TER_334_UCEDB	VZ397	Kalotermitidae	NA		Glyptotermes	Glyptotermes adamsoni			Venezuela	Aragua	2007	3774	1.6.6 (Python v2.7.18)	OQ411248
#5	335	TER_335_UCEDB	MZUSP17978	Termitidae	Apicotermitinae		Grigiotermes	Grigiotermes hageni			Brazil		2010	27415	1.6.6 (Python v2.7.18)	OQ999247
#5	336	TER_336_UCEDB	MZUSP17979	Termitidae	Apicotermitinae		Grigiotermes	Grigiotermes hageni			Brazil		2010	25690	1.6.6 (Python v2.7.18)	OQ999248
#5	337	TER_337_UCEDB	MZUSP13050	Termitidae	Apicotermitinae		Patawatermes	Patawatermes nigripunctatus			Brazil		2010	25065	1.6.6 (Python v2.7.18)	OQ999249
#5	338	TER_338_UCEDB	MZUSP17909	Termitidae	Apicotermitinae		Patawatermes	Patawatermes turricola			Brazil		2011	31482	1.6.6 (Python v2.7.18)	OQ999250
#5	339	TER_339_UCEDB	MZUSP26670	Termitidae	Apicotermitinae		Patawatermes	Patawatermes turricola			Brazil		2016	20191	1.6.6 (Python v2.7.18)	OQ999251
#5	340	TER_340_UCEDB	Pa-19-30-C	Termitidae	Apicotermitinae		Hydrecotermes	Hydrecotermes arienesho			French Guiana		2019	14905	1.6.6 (Python v2.7.18)	OQ999252
#5	341	TER_341_UCEDB	PU594	Termitidae	Apicotermitinae		Hydrecotermes	Hydrecotermes kawaii			Peru		2014	13960	1.6.6 (Python v2.7.18)	OQ999253
#5	342	TER_342_UCEDB	MZUSP13232	Termitidae	Apicotermitinae		Hydrecotermes	Hydrecotermes kawaii			Brazil		2010	28509	1.6.6 (Python v2.7.18)	OQ999254
#5	343	TER_343_UCEDB	MZUSP17802	Termitidae	Apicotermitinae		Hydrecotermes	Hydrecotermes kawaii			Brazil		2011	23647	1.6.6 (Python v2.7.18)	OQ999255
#5	344	TER_344_UCEDB	MZUSP17808	Termitidae	Apicotermitinae		Hydrecotermes	Hydrecotermes kawaii			Brazil		2010	12808	1.6.6 (Python v2.7.18)	OQ999256
#5	345	TER_345_UCEDB	MZUSP17822	Termitidae	Apicotermitinae		Hydrecotermes	Hydrecotermes kawaii			Brazil		2011	22469	1.6.6 (Python v2.7.18)	OQ999257
#5	346	TER_346_UCEDB	MZUSP26656	Termitidae	Apicotermitinae		Anoplotermes	Anoplotermes banksi			Brazil		2016	19956	1.6.6 (Python v2.7.18)	OQ999258
#5	347	TER_347_UCEDB	MZUSP17742	Termitidae	Apicotermitinae		Anoplotermes	Anoplotermes janus			Brazil		2010	10737	1.6.6 (Python v2.7.18)	OQ999259
#5	348	TER_348_UCEDB	MZUSP17762	Termitidae	Apicotermitinae		Anoplotermes	Anoplotermes janus			Brazil		2011	25143	1.6.6 (Python v2.7.18)	OQ999260
#5	349	TER_349_UCEDB	MZUSP26633	Termitidae	Apicotermitinae		Anoplotermes	Anoplotermes pacificus			Brazil		2016	25989	1.6.6 (Python v2.7.18)	OQ999261
#5	350	TER_350_UCEDB	MZUSP26638	Termitidae	Apicotermitinae		Anoplotermes	Anoplotermes pacificus			Brazil		2016	17742	1.6.6 (Python v2.7.18)	OQ999262
#5	351	TER_351_UCEDB	PN1018	Termitidae	Apicotermitinae		Anoplotermes	Anoplotermes parvus			Panama		2010	25968	1.6.6 (Python v2.7.18)	OQ999263
#5	352	TER_352_UCEDB	MZUSP17651	Termitidae	Apicotermitinae		Anoplotermes	Anoplotermes parvus			Brazil		2010	16552	1.6.6 (Python v2.7.18)	OQ999264
#5	353	TER_353_UCEDB	MZUSP26624	Termitidae	Apicotermitinae		Anoplotermes	Anoplotermes meridianus			Brazil		2016	25516	1.6.6 (Python v2.7.18)	OQ999265
#5	354	TER_354_UCEDB	MZUSP26663	Termitidae	Apicotermitinae		Anoplotermes	Anoplotermes meridianus			Brazil		2016	20874	1.6.6 (Python v2.7.18)	OQ999266
#5	355	TER_355_UCEDB	PN741	Termitidae	Apicotermitinae		Longustitermes	Longustitermes manni			Panama		2005	8521	1.6.6 (Python v2.7.18)	OQ999267
#5	356	TER_356_UCEDB	PU685.1	Termitidae	Apicotermitinae		Longustitermes	Longustitermes manni			Peru		2014	29513	1.6.6 (Python v2.7.18)	OQ999268
#5	357	TER_357_UCEDB	MZUSP26655	Termitidae	Apicotermitinae		Longustitermes	Longustitermes sp			Brazil		2016	14510	1.6.6 (Python v2.7.18)	OQ999269
#5	358	TER_358_UCEDB	CO901	Termitidae	Apicotermitinae		Disjunctitermes	Disjunctitermes sp_nov			Colombia		2014	18274	1.6.6 (Python v2.7.18)	OQ999270
#5	359	TER_359_UCEDB	G16-197	Termitidae	Apicotermitinae		Disjunctitermes	Disjunctitermes insularis			French Guiana		2014-2019	15835	1.6.6 (Python v2.7.18)	OQ999271
#5	360	TER_360_UCEDB	MZUSP25237	Termitidae	Apicotermitinae		Disjunctitermes	Disjunctitermes insularis			Brazil		2016	32878	1.6.6 (Python v2.7.18)	OQ999272
#5	361	TER_361_UCEDB	MZUSP13110	Termitidae	Apicotermitinae		Disjunctitermes	Disjunctitermes insularis			Brazil		2010	6432	1.6.6 (Python v2.7.18)	OQ999273
#5	362	TER_362_UCEDB	MZUSP18012	Termitidae	Apicotermitinae		Aparatermes	Aparatermes thornatus			Brazil		2012	9655	1.6.6 (Python v2.7.18)	OQ999274
#5	363	TER_363_UCEDB	MZUSP17200	Termitidae	Apicotermitinae		Apartermes	Apartermes silvestrii			Brazil		2011	10525	1.6.6 (Python v2.7.18)	OQ999275
#5	364	TER_364_UCEDB	MZUSP18046	Termitidae	Apicotermitinae		Aparatermes	Aparatermes silvestrii			Brazil		2010	13510	1.6.6 (Python v2.7.18)	OQ999276
#5	365	TER_365_UCEDB	MZUSP23848	Termitidae	Apicotermitinae		Compositermes	Compositermes vindai			Brazil		2015	22040	1.6.6 (Python v2.7.18)	OQ999277
#5	366	TER_366_UCEDB	MZUSP17892	Termitidae	Apicotermitinae		Compositermes	Compositermes vindai			Brazil		2011	22498	1.6.6 (Python v2.7.18)	OQ999278
#5	367	TER_367_UCEDB	MZUSP24070	Termitidae	Apicotermitinae		Compositermes	Compositermes bani			Brazil		2015	26121	1.6.6 (Python v2.7.18)	OQ999279
#5	368	TER_368_UCEDB	MZUSP25022	Termitidae	Apicotermitinae		Compositermes	Compositermes bani			Brazil		2015	21756	1.6.6 (Python v2.7.18)	OQ999280
#5	369	TER_369_UCEDB	MZUSP25453	Termitidae	Apicotermitinae		Tetimatermes	Tetimatermes oliveirae			Brazil		2015	20606	1.6.6 (Python v2.7.18)	OQ999282
#5	370	TER_370_UCEDB	EC517	Termitidae	Apicotermitinae		Krecekitermes	Krecekitermes daironi			Ecuador		2011	16700	1.6.6 (Python v2.7.18)	OQ999283
#5	371	TER_371_UCEDB	MZUSP17483	Termitidae	Apicotermitinae		Krecekitermes	Krecekitermes daironi			Brazil		2010	17388	1.6.6 (Python v2.7.18)	OQ999284
#5	372	TER_372_UCEDB	G16-128	Termitidae	Apicotermitinae		Krecekitermes	Krecekitermes daironi			French Guiana		2016	8161	1.6.6 (Python v2.7.18)	OQ999285
#5	373	TER_373_UCEDB	MZUSP17407	Termitidae	Apicotermitinae		Krecekitermes	Krecekitermes daironi			Brazil		2012	24176	1.6.6 (Python v2.7.18)	OQ999286
#5	374	TER_374_UCEDB	L-02-10-F	Termitidae	Apicotermitinae		Ourissotermes	Ourissotermes giblinorum			French Guiana		2019	23888	1.6.6 (Python v2.7.18)	OQ999287
#5	375	TER_375_UCEDB	MZUSP17952	Termitidae	Apicotermitinae		Ourissotermes	Ourissotermes giblinorum			Brazil		2010	23331	1.6.6 (Python v2.7.18)	OQ999288
#5	376	TER_376_UCEDB	MZUSP25391	Termitidae	Apicotermitinae		Ourissotermes	Ourissotermes giblinorum			Brazil		2015	14739	1.6.6 (Python v2.7.18)	OQ999289
#5	377	TER_377_UCEDB	MZUSP25404	Termitidae	Apicotermitinae		Ourissotermes	Ourissotermes giblinorum			Brazil		2015	14501	1.6.6 (Python v2.7.18)	OQ999290
#5	378	TER_378_UCEDB	EC400	Termitidae	Apicotermitinae		Rustitermes	Rustitermes boteroi			Ecuador		2011	5581	1.6.6 (Python v2.7.18)	OQ999291
#5	379	TER_379_UCEDB	MZUSP17246	Termitidae	Apicotermitinae		Rustitermes	Rustitermes boteroi			Brazil		2011	24087	1.6.6 (Python v2.7.18)	OQ999292
#5	380	TER_380_UCEDB	MZUSP19055	Termitidae	Apicotermitinae		Rustitermes	Rustitermes boteroi			Brazil		2011	10861	1.6.6 (Python v2.7.18)	OQ999293
#5	381	TER_381_UCEDB	MZUSP25509	Termitidae	Apicotermitinae		Rustitermes	Rustitermes boteroi			Brazil		2015	15636	1.6.6 (Python v2.7.18)	OQ999294
#5	382	TER_382_UCEDB	MZUSP25570	Termitidae	Apicotermitinae		Rustitermes	Rustitermes boteroi			Brazil		2015	21894	1.6.6 (Python v2.7.18)	OQ999295
#5	383	TER_383_UCEDB	TT1357	Termitidae	Apicotermitinae		Hirsutitermes	Hirsutitermes kanzakii			Trinidad and Tobago		2003	20769	1.6.6 (Python v2.7.18)	OQ999296
#5	384	TER_384_UCEDB	L-05-10-C	Termitidae	Apicotermitinae		Hirsutitermes	Hirsutitermes kanzakii			French Guiana		2019	12571	1.6.6 (Python v2.7.18)	OQ999297
#5	385	TER_385_UCEDB	MZUSP17970	Termitidae	Apicotermitinae		Hirsutitermes	Hirsutitermes kanzakii			Brazil		2010	16461	1.6.6 (Python v2.7.18)	OQ999298
#5	386	TER_386_UCEDB	MZUSP17975	Termitidae	Apicotermitinae		Hirsutitermes	Hirsutitermes kanzakii			Brazil		2010	21617	1.6.6 (Python v2.7.18)	OQ999299
#5	387	TER_387_UCEDB	G630	Termitidae	Apicotermitinae		Anoplotermes	Anoplotermes susanae			French Guiana		before2010	4874	1.6.6 (Python v2.7.18)	OQ999300
#5	388	TER_388_UCEDB	MZUSP13205	Termitidae	Apicotermitinae		Humutermes	Humutermes noiroti			Brazil		2010	26431	1.6.6 (Python v2.7.18)	OQ999301
#5	389	TER_389_UCEDB	MZUSP17720	Termitidae	Apicotermitinae		Humutermes	Humutermes noiroti			Brazil		2010	24438	1.6.6 (Python v2.7.18)	OQ999303
#5	390	TER_390_UCEDB	MZUSP18061	Termitidae	Apicotermitinae		Ruptitermes	Ruptitermes atyra			Brazil		2011	32407	1.6.6 (Python v2.7.18)	OQ999304
#5	391	TER_391_UCEDB	MZUSP17994	Termitidae	Apicotermitinae		Ruptitermes	Ruptitermes reconditus			Brazil		2011	27271	1.6.6 (Python v2.7.18)	OQ999305
#5	392	TER_392_UCEDB	MZUSP18072	Termitidae	Apicotermitinae		Ruptitermes	Ruptitermes reconditus			Brazil		2011	26401	1.6.6 (Python v2.7.18)	OQ999306
#5	393	TER_393_UCEDB	MZUSP18075	Termitidae	Apicotermitinae		Ruptitermes	Ruptitermes sp6			Brazil		2010	14973	1.6.6 (Python v2.7.18)	OQ999307
#5	394	TER_394_UCEDB	MZUSP17206	Termitidae	Apicotermitinae		Rubeotermes	Rubeotermes jheringi			Brazil		2012	14915	1.6.6 (Python v2.7.18)	OQ999309
#5	395	TER_395_UCEDB	TT1324	Termitidae	Apicotermitinae		Mangolditermes	Mangolditermes curveileum			Trinidad and Tobago		2003	8331	1.6.6 (Python v2.7.18)	OQ999310
#5	396	TER_396_UCEDB	MZUSP25247	Termitidae	Apicotermitinae		Mangolditermes	Mangolditermes curveileum			Brazil		2016	17646	1.6.6 (Python v2.7.18)	OQ999311
#5	397	TER_397_UCEDB	MZUSP17079	Termitidae	Apicotermitinae		Mangolditermes	Mangolditermes curveileum			Brazil		2012	9333	1.6.6 (Python v2.7.18)	OQ999312
#5	398	TER_398_UCEDB	MZUSP24047	Termitidae	Apicotermitinae		Mangolditermes	Mangolditermes curveileum			Brazil		2015	15082	1.6.6 (Python v2.7.18)	OQ999313
#5	399	TER_399_UCEDB	MZUSP23858	Termitidae	Apicotermitinae		Mangolditermes	Mangolditermes curveileum			Brazil		2015	20236	1.6.6 (Python v2.7.18)	OQ999314
#5	400	TER_400_UCEDB	MZUSP25623	Termitidae	Apicotermitinae		Mangolditermes	Mangolditermes curveileum			Brazil		2015	16834	1.6.6 (Python v2.7.18)	OQ999315
#5	401	TER_401_UCEDB	MZUSP13213	Termitidae	Apicotermitinae		Anoplotermes	Anoplotermes susanae			Brazil		2010	24335	1.6.6 (Python v2.7.18)	OQ999316
#5	402	TER_402_UCEDB	MZUSP18030	Termitidae	Apicotermitinae		Ruptitermes	Ruptitermes arboreus			Brazil		2012	7555	1.6.6 (Python v2.7.18)	OQ999317
#5	403	TER_403_UCEDB	Nour_3-39	Termitidae	Apicotermitinae		Tonsuritermes	Tonsuritermes sp			French Guiana		before2010	13635	1.6.6 (Python v2.7.18)	OQ999318
#5	404	TER_404_UCEDB	MZUSP17190	Termitidae	Apicotermitinae		Tonsuritermes	Tonsuritermes sp			Brazil		2012	22502	1.6.6 (Python v2.7.18)	OQ999319
#5	405	TER_405_UCEDB	MZUSP25005	Termitidae	Apicotermitinae		Tonsuritermes	Tonsuritermes sp			Brazil		2015	10994	1.6.6 (Python v2.7.18)	OQ999320
#5	406	TER_406_UCEDB	MZUSP26687	Termitidae	Apicotermitinae		Tonsuritermes	Tonsuritermes sp			Brazil		2016	18440	1.6.6 (Python v2.7.18)	OQ999321
#5	407	TER_407_UCEDB	MZUSP25871	Termitidae	Apicotermitinae		Dissimulitermes	Dissimulitermes invisibilis			Brazil		2014	7008	1.6.6 (Python v2.7.18)	OQ999322
#5	408	TER_408_UCEDB	MZUSP26622	Termitidae	Apicotermitinae		Dissimulitermes	Dissimulitermes invisibilis			Brazil		2016	29079	1.6.6 (Python v2.7.18)	OQ999323
#5	409	TER_409_UCEDB	MZUSP26666	Termitidae	Apicotermitinae		Dissimulitermes	Dissimulitermes invisibilis			Brazil		2016	11266	1.6.6 (Python v2.7.18)	OQ999324
#5	410	TER_410_UCEDB	Pb-19-30-B	Termitidae	Apicotermitinae		Anoplotermes	Anoplotermes susanae			French Guiana		2019	27526	1.6.6 (Python v2.7.18)	OQ999325
#5	411	TER_411_UCEDB	PA655	Kalotermitidae	NA		Tauritermes	Tauritermes triceromegas			Paraguay		NA	20021	1.6.6 (Python v2.7.18)	OR817988
#5	412	TER_412_UCEDB	AG7	Termitidae	Apicotermitinae		Hydrecotermes	Hydrecotermes sp			Argentina		1997	4203	1.6.6 (Python v2.7.18)	PX592431
#5	413	TER_413_UCEDB	AG48	Termitidae	Nasutitermitinae		Nasutitermes	Nasutitermes aquilinus			Argentina		1997	131	1.6.6 (Python v2.7.18)	PX592549
#5	414	TER_414_UCEDB	AG67	Termitidae	Nasutitermitinae		Nasutitermes	Nasutitermes itapocuensis			Argentina		1997	857	1.6.6 (Python v2.7.18)	PX592641
#5	415	TER_415_UCEDB	AG95	Termitidae	Nasutitermitinae		Cortaritermes	Cortaritermes fulviceps			Argentina		1997	3161	1.6.6 (Python v2.7.18)	PX592761
#5	416	TER_416_UCEDB	AG104	Termitidae	Syntermitinae		Procornitermes	Procornitermes striatus			Argentina		1997	437	1.6.6 (Python v2.7.18)	PX592808
#5	417	TER_417_UCEDB	AG121	Heterotermitidae	NA		Heterotermes	Heterotermes longiceps			Argentina		1997	3342	1.6.6 (Python v2.7.18)	OR822038
#5	418	TER_418_UCEDB	AG128	Termitidae	Apicotermitinae		gen_nov	gen_nov sp_nov			Argentina		1997	11894	1.6.6 (Python v2.7.18)	PX592840
#5	419	TER_419_UCEDB	AG157	Termitidae	Apicotermitinae		gen_nov	gen_nov sp_nov			Argentina		1997	9180	1.6.6 (Python v2.7.18)	PX592939
#5	420	TER_420_UCEDB	AG171	Termitidae	Amitermitinae		Amitermes	Amitermes lilloi			Argentina		1997	1244	1.6.6 (Python v2.7.18)	PX592947
#5	421	TER_421_UCEDB	AG298	Termitidae	Syntermitinae		Embiratermes	Embiratermes heterotypus			Argentina		1998	1700	1.6.6 (Python v2.7.18)	PX592462
#5	422	TER_422_UCEDB	ANB9	Kalotermitidae	NA		Procryptotermes	Procryptotermes leewardensis			Antigua and Barbuda		1998	26003	1.6.6 (Python v2.7.18)	PX592466
#5	423	TER_423_UCEDB	ANB13	Kalotermitidae	NA		Cryptotermes	Cryptotermes brevis			Antigua and Barbuda		1998	7030	1.6.6 (Python v2.7.18)	PX592467
#5	424	TER_424_UCEDB	ANB224	Heterotermitidae	NA		Heterotermes	Heterotermes convexinotatus			Antigua and Barbuda		1998	12896	1.6.6 (Python v2.7.18)	OR684464
#5	425	TER_425_UCEDB	ASM39	Kalotermitidae	NA		Procryptotermes	Procryptotermes leewardensis			Saint Martin	F.W.I.	1998	1942	1.6.6 (Python v2.7.18)	PX592472
#5	426	TER_426_UCEDB	ASM141	Kalotermitidae	NA		Incisitermes	Incisitermes incisus			Netherlands Antilles	N.W.I.	2000	19298	1.6.6 (Python v2.7.18)	OR684492
#5	427	TER_427_UCEDB	ASM161	Termitidae	Nasutitermitinae		Nasutitermes	Nasutitermes corniger			Netherlands Antilles	N.W.I.	2000	1861	1.6.6 (Python v2.7.18)	PX592401
#5	428	TER_428_UCEDB	ASM169	Kalotermitidae	NA		Incisitermes	Incisitermes incisus			Netherlands Antilles	N.W.I.	2000	3096	1.6.6 (Python v2.7.18)	PX592481
#5	429	TER_429_UCEDB	ASM216	Heterotermitidae	NA		Heterotermes	Heterotermes cardini			Saint Barthelemy	F.W.I.	2000	20589	1.6.6 (Python v2.7.18)	OR665307
#5	430	TER_430_UCEDB	ASM234	Kalotermitidae	NA		Neotermes	Neotermes intracaulis			Saint Barthelemy	F.W.I.	2000	34032	1.6.6 (Python v2.7.18)	OR665308
#5	431	TER_431_UCEDB	ASM246	Heterotermitidae	NA		Heterotermes	Heterotermes convexinotatus			Saint Martin	F.W.I.	2000	23159	1.6.6 (Python v2.7.18)	OR665332
#5	432	TER_432_UCEDB	BA1222	Kalotermitidae	NA		Incisitermes	Incisitermes rhyzophorae			Bahamas		2000	11068	1.6.6 (Python v2.7.18)	OR601035
#5	433	TER_433_UCEDB	BA1374	Kalotermitidae	NA		Procryptotermes	Procryptotermes corniceps			Bahamas		2000	3896	1.6.6 (Python v2.7.18)	OR601023
#5	434	TER_434_UCEDB	BA1420	Kalotermitidae	NA		Incisitermes	Incisitermes bequaerti			Bahamas		2000	36163	1.6.6 (Python v2.7.18)	OR601011
#5	435	TER_435_UCEDB	BA1507	Kalotermitidae	NA		Neotermes	Neotermes mona			Bahamas		2000	10675	1.6.6 (Python v2.7.18)	OR601017
#5	436	TER_436_UCEDB	BA1835	Kalotermitidae	NA		Neotermes	Neotermes castaneus			Bahamas		2002	7710	1.6.6 (Python v2.7.18)	PX592553
#5	437	TER_437_UCEDB	BA2021	Termitidae	Apicotermitinae		gen_nov	gen_nov SC			Bahamas		2002	23265	1.6.6 (Python v2.7.18)	PV158750
#5	438	TER_438_UCEDB	BA2121	Kalotermitidae	NA		Neotermes	Neotermes luykxi			Bahamas		2002	21692	1.6.6 (Python v2.7.18)	PV057194
#5	439	TER_439_UCEDB	BA2709	Kalotermitidae	NA		Neotermes	Neotermes luykxi			Bahamas		2002	7160	1.6.6 (Python v2.7.18)	PV158761
#5	440	TER_440_UCEDB	BA2986	Termitidae	Nasutitermitinae		Parvitermes	Parvitermes brooksi			Bahamas		2005	26601	1.6.6 (Python v2.7.18)	PX592571
#5	441	TER_441_UCEDB	BA3003	Termitidae	Nasutitermitinae		Nasutitermes	Nasutitermes rippertii			Bahamas		2005	16308	1.6.6 (Python v2.7.18)	PV022512
#5	442	TER_442_UCEDB	BA3034	Termitidae	Nasutitermitinae		Nasutitermes	Nasutitermes corniger			Bahamas		2015	433	1.6.6 (Python v2.7.18)	PV022515
#5	443	TER_443_UCEDB	BD3	Termitidae	Nasutitermitinae		Nasutitermes	Nasutitermes corniger			Barbados		1997	5147	1.6.6 (Python v2.7.18)	PV022518
#5	444	TER_444_UCEDB	BD8	Heterotermitidae	NA		Heterotermes	Heterotermes tenuis			Barbados		1997	2160	1.6.6 (Python v2.7.18)	PX592588
#5	445	TER_445_UCEDB	BD149	Kalotermitidae	NA		Incisitermes	Incisitermes incisus			Barbados		1997	3957	1.6.6 (Python v2.7.18)	PV022521
#5	446	TER_446_UCEDB	BD154	Kalotermitidae	NA		Incisitermes	Incisitermes nr_schwarzi			Barbados		1997	12666	1.6.6 (Python v2.7.18)	PX592594
#5	447	TER_447_UCEDB	BD173	Heterotermitidae	NA		Heterotermes	Heterotermes convexinotatus			Barbados		1997	25372	1.6.6 (Python v2.7.18)	PX592597
#5	448	TER_448_UCEDB	BO3	Termitidae	Apicotermitinae		Ruptitermes	Ruptitermes reconditus			Bolivia		2013	5941	1.6.6 (Python v2.7.18)	PV022527
#5	449	TER_449_UCEDB	BO24	Termitidae	Apicotermitinae		Aparatermes	Aparatermes abbreviatus			Bolivia		2013	6964	1.6.6 (Python v2.7.18)	PX592611
#5	450	TER_450_UCEDB	BO32	Termitidae	Syntermitinae		Procornitermes	Procornitermes lespesii			Bolivia		2013	2286	1.6.6 (Python v2.7.18)	PX592619
#5	451	TER_451_UCEDB	BO50	Termitidae	Nasutitermitinae		Nasutitermes	Nasutitermes callimorphus			Bolivia		2013	20553	1.6.6 (Python v2.7.18)	PX592623
#5	452	TER_452_UCEDB	BO55	Termitidae	Nasutitermitinae		Nasutitermes	Nasutitermes nr_gaigei			Bolivia		2013	23428	1.6.6 (Python v2.7.18)	PX592629
#5	453	TER_453_UCEDB	BO62	Termitidae	Syntermitinae		Syntermes	Syntermes spinosus			Bolivia		2013	6413	1.6.6 (Python v2.7.18)	PV032243
#5	454	TER_454_UCEDB	BO68	Heterotermitidae	NA		Coptotermes	Coptotermes testaceus			Bolivia		2013	37006	1.6.6 (Python v2.7.18)	PV032244
#5	455	TER_455_UCEDB	BO77	Rhinotermitidae	NA		Rhinotermes	Rhinotermes marginalis			Bolivia		2013	3799	1.6.6 (Python v2.7.18)	PX592647
#5	456	TER_456_UCEDB	BO88	Termitidae	Apicotermitinae		Anoplotermes	Anoplotermes sp_nov_1			Bolivia		2013	27726	1.6.6 (Python v2.7.18)	PX592654
#5	457	TER_457_UCEDB	BO93	Termitidae	Nasutitermitinae		Nasutitermes	Nasutitermes surinamensis			Bolivia		2013	17858	1.6.6 (Python v2.7.18)	PV032248
#5	458	TER_458_UCEDB	BO111	Rhinotermitidae	NA		Rhinotermes	Rhinotermes hispidus			Bolivia		2013	722	1.6.6 (Python v2.7.18)	PV032255
#5	459	TER_459_UCEDB	BO127	Termitidae	Apicotermitinae		Ourissotermes	Ourissotermes giblinorum			Bolivia		2013	18637	1.6.6 (Python v2.7.18)	PX592669
#5	460	TER_460_UCEDB	BO147	Termitidae	Nasutitermitinae		Nasutitermes	Nasutitermes surinamensis			Bolivia		2013	2425	1.6.6 (Python v2.7.18)	PV032287
#5	461	TER_461_UCEDB	BO151	Termitidae	Apicotermitinae		Apicotermitinae	Apicotermitinae sp			Bolivia		2013	17234	1.6.6 (Python v2.7.18)	PX592680
#5	462	TER_462_UCEDB	BO173	Termitidae	Nasutitermitinae		Nasutitermes	Nasutitermes globiceps			Bolivia		2013	3935	1.6.6 (Python v2.7.18)	PV059229
#5	463	TER_463_UCEDB	BO177	Termitidae	Nasutitermitinae		Nasutitermes	Nasutitermes ephratae			Bolivia		2013	10954	1.6.6 (Python v2.7.18)	PX592682
#5	464	TER_464_UCEDB	BO181	Termitidae	Nasutitermitinae		Nasutitermes	Nasutitermes ephratae			Bolivia		2013	1718	1.6.6 (Python v2.7.18)	PV059243
#5	465	TER_465_UCEDB	BO207	Termitidae	Termitinae		Cavitermes	Cavitermes tuberosus			Bolivia		2013	22037	1.6.6 (Python v2.7.18)	PV059251
#5	466	TER_466_UCEDB	BO218	Termitidae	Syntermitinae		Labiotermes	Labiotermes pelliceus			Bolivia		2013	21837	1.6.6 (Python v2.7.18)	PV077901
#5	467	TER_467_UCEDB	BO226	Termitidae	Nasutitermitinae		Ereymatermes	Ereymatermes nr_piquira			Bolivia		2013	11449	1.6.6 (Python v2.7.18)	PV077905
#5	468	TER_468_UCEDB	BO228	Termitidae	Termitinae		Termes	Termes hispaniolae			Bolivia		2013	5050	1.6.6 (Python v2.7.18)	PV077907
#5	469	TER_469_UCEDB	BO241	Termitidae	Apicotermitinae		Grigiotermes	Grigiotermes hageni			Bolivia		2013	2720	1.6.6 (Python v2.7.18)	PX592699
#5	470	TER_470_UCEDB	BO274	Termitidae	Neocapritermitinae		Neocapritermes	Neocapritermes talpoides			Bolivia		2013	8023	1.6.6 (Python v2.7.18)	PV077920
#5	471	TER_471_UCEDB	BO282	Termitidae	Nasutitermitinae		Subulitermes	Subulitermes baileyi			Bolivia		2013	11417	1.6.6 (Python v2.7.18)	PV077924
#5	472	TER_472_UCEDB	BO338	Heterotermitidae	NA		Heterotermes	Heterotermes longiceps			Bolivia		2013	34469	1.6.6 (Python v2.7.18)	PV077934
#5	473	TER_473_UCEDB	BO343	Termitidae	Apicotermitinae		Apicotermitinae_gen_nov	Apicotermitinae_gen_nov sp_n			Bolivia		2013	6226	1.6.6 (Python v2.7.18)	PX592713
#5	474	TER_474_UCEDB	BO352	Termitidae	Nasutitermitinae		Nasutitermes	Nasutitermes kemneri			Bolivia		2013	8424	1.6.6 (Python v2.7.18)	PV078072
#5	475	TER_475_UCEDB	BO458	Termitidae	Syntermitinae		Uncitermes	Uncitermes teevani			Bolivia		2013	3893	1.6.6 (Python v2.7.18)	PV078102
#5	476	TER_476_UCEDB	BO460	Termitidae	Syntermitinae		Cornitermes	Cornitermes bolivianus			Bolivia		2013	2806	1.6.6 (Python v2.7.18)	PX592726
#5	477	TER_477_UCEDB	BO481	Termitidae	Apicotermitinae		Ruptitermes	Ruptitermes reconditus			Bolivia		2013	5447	1.6.6 (Python v2.7.18)	PV078115
#5	478	TER_478_UCEDB	BO498	Termitidae	Syntermitinae		Curvitermes	Curvitermes minor			Bolivia		2013	4003	1.6.6 (Python v2.7.18)	PX592730
#5	479	TER_479_UCEDB	BO515	Termitidae	Nasutitermitinae		Atlantitermes	Atlantitermes osborni			Bolivia		2013	1102	1.6.6 (Python v2.7.18)	PX592732
#5	480	TER_480_UCEDB	BO516	Termitidae	Termitinae		Spinitermes	Spinitermes robustus?			Bolivia		2013	10664	1.6.6 (Python v2.7.18)	PV076143
#5	481	TER_481_UCEDB	BO537	Termitidae	Syntermitinae		Embiratermes	Embiratermes latidens			Bolivia		2013	17576	1.6.6 (Python v2.7.18)	PX592741
#5	482	TER_482_UCEDB	BO547	Termitidae	Neocapritermitinae		Neocapritermes	Neocapritermes opacus			Bolivia		2013	24711	1.6.6 (Python v2.7.18)	PV076163
#5	483	TER_483_UCEDB	BO615	Termitidae	Apicotermitinae		Aparatermes	Aparatermes abbreviatus			Bolivia		2013	22151	1.6.6 (Python v2.7.18)	PV076174
#5	484	TER_484_UCEDB	BO617	Termitidae	Apicotermitinae		gen_nov	gen_nov PA_sp_nov_1			Bolivia		2013	10120	1.6.6 (Python v2.7.18)	PX592756
#5	485	TER_485_UCEDB	BO622	Termitidae	Apicotermitinae		gen_nov	gen_nov PA_sp_nov_2			Bolivia		2013	16390	1.6.6 (Python v2.7.18)	PX592760
#5	486	TER_486_UCEDB	BO633	Termitidae	Syntermitinae		Procornitermes	Procornitermes triacifer			Bolivia		2013	31650	1.6.6 (Python v2.7.18)	PV076198
#5	487	TER_487_UCEDB	BO669	Heterotermitidae	NA		Heterotermes	Heterotermes lauralinearum			Bolivia		2013	34273	1.6.6 (Python v2.7.18)	PX592390
#5	488	TER_488_UCEDB	BO673	Termitidae	Termitinae		Termes	Termes bolivianus			Bolivia		2013	20189	1.6.6 (Python v2.7.18)	PV078252
#5	489	TER_489_UCEDB	BO711	Termitidae	Syntermitinae		Rhynchotermes	Rhynchotermes nasutissimus			Bolivia		2013	7011	1.6.6 (Python v2.7.18)	PX592764
#5	490	TER_490_UCEDB	BO744	Termitidae	Apicotermitinae		Aparatermes	Aparatermes silvestrii			Bolivia		2013	16204	1.6.6 (Python v2.7.18)	PV078269
#5	491	TER_491_UCEDB	BO757	Termitidae	Microcerotermitinae		Microcerotermes	Microcerotermes arboreus			Bolivia		2013	1405	1.6.6 (Python v2.7.18)	PV171419
#5	492	TER_492_UCEDB	BO767	Termitidae	Syntermitinae		Labiotermes	Labiotermes sp			Bolivia		2013	4123	1.6.6 (Python v2.7.18)	PV171426
#5	493	TER_493_UCEDB	BO794	Termitidae	Apicotermitinae		Humutermes	Humutermes noiroti			Bolivia		2013	5932	1.6.6 (Python v2.7.18)	PX592773
#5	494	TER_494_UCEDB	BO806	Termitidae	Nasutitermitinae		Convexitermes	Convexitermes convexifrons			Bolivia		2013	10228	1.6.6 (Python v2.7.18)	PX592776
#5	495	TER_495_UCEDB	BO808	Termitidae	Syntermitinae		Cornitermes	Cornitermes cumulans			Bolivia		2013	11964	1.6.6 (Python v2.7.18)	PV171434
#5	496	TER_496_UCEDB	BO815	Termitidae	Syntermitinae		Labiotermes	Labiotermes emersoni			Bolivia		2013	15473	1.6.6 (Python v2.7.18)	PV171438
#5	497	TER_497_UCEDB	BO822	Termitidae	Syntermitinae		Bandeiratermes	Bandeiratermes silvestrii			Bolivia		2013	14302	1.6.6 (Python v2.7.18)	PX592785
#5	498	TER_498_UCEDB	BO850	Termitidae	Amitermitinae		Amitermes	Amitermes amifer			Bolivia		2013	21501	1.6.6 (Python v2.7.18)	PX592362
#5	499	TER_499_UCEDB	BO878	Termitidae	Apicotermitinae		gen_nov	gen_nov ST_sp_nov_1			Bolivia		2013	24651	1.6.6 (Python v2.7.18)	PX592797
#5	500	TER_500_UCEDB	BO884	Termitidae	Syntermitinae		Labiotermes	Labiotermes laticephalus			Bolivia		2013	26965	1.6.6 (Python v2.7.18)	PV171448
#5	501	TER_501_UCEDB	BO893	Heterotermitidae	NA		Heterotermes	Heterotermes lauralinearum			Bolivia		2013	24149	1.6.6 (Python v2.7.18)	PX592363
#5	502	TER_502_UCEDB	BO908	Termitidae	Apicotermitinae		Aparatermes	Aparatermes nr_thornatus			Bolivia		2013	6866	1.6.6 (Python v2.7.18)	PX592845
#5	503	TER_503_UCEDB	BO924	Termitidae	Apicotermitinae		gen_nov	gen_nov sp_nov			Bolivia		2013	13686	1.6.6 (Python v2.7.18)	PX592364
#5	504	TER_504_UCEDB	BO938	Termitidae	Syntermitinae		Labiotermes	Labiotermes emersoni			Bolivia		2013	27516	1.6.6 (Python v2.7.18)	PX592365
#5	505	TER_505_UCEDB	BO948	Termitidae	Syntermitinae		Syntermes	Syntermes cearensis			Bolivia		2013	169	1.6.6 (Python v2.7.18)	PX592366
#5	506	TER_506_UCEDB	BO991	Termitidae	Nasutitermitinae		Constrictotermes	Constrictotermes cyphergaster			Bolivia		2013	4002	1.6.6 (Python v2.7.18)	PX022995
#5	507	TER_507_UCEDB	BO1000	Termitidae	Syntermitinae		Labiotermes	Labiotermes emersoni			Bolivia		2013	18799	1.6.6 (Python v2.7.18)	PP669231
#5	508	TER_508_UCEDB	BO1012	Termitidae	Syntermitinae		Silvestritermes	Silvestritermes heyeri			Bolivia		2013	11441	1.6.6 (Python v2.7.18)	PX592812
#5	509	TER_509_UCEDB	BO1040	Termitidae	Apicotermitinae		Aparatermes	Aparatermes cingulatus			Bolivia		2013	27842	1.6.6 (Python v2.7.18)	PP669244
#5	510	TER_510_UCEDB	BO1049	Kalotermitidae	NA		Comatermes	Comatermes perfectus			Bolivia		2013	4719	1.6.6 (Python v2.7.18)	PX592817
#5	511	TER_511_UCEDB	BO1069	Kalotermitidae	NA		Rugitermes	Rugitermes volcanes			Bolivia		2013	16355	1.6.6 (Python v2.7.18)	PP669257
#5	512	TER_512_UCEDB	BO1086	Termitidae	Apicotermitinae		gen_nov	gen_nov AR_sp_nov			Bolivia		2013	19273	1.6.6 (Python v2.7.18)	PP700578
#5	513	TER_513_UCEDB	BO1088	Termitidae	Nasutitermitinae		Cortaritermes	Cortaritermes sp			Bolivia		2013	12899	1.6.6 (Python v2.7.18)	PP700587
#5	514	TER_514_UCEDB	BO1131	Termitidae	Apicotermitinae		gen_nov	gen_nov AR_sp_nov			Bolivia		2013	12533	1.6.6 (Python v2.7.18)	PP700594
#5	515	TER_515_UCEDB	BO1150	Termitidae	Apicotermitinae		Aparatermes	Aparatermes abbreviatus			Bolivia		2013	13027	1.6.6 (Python v2.7.18)	PX592387
#5	516	TER_516_UCEDB	BO1152	Termitidae	Apicotermitinae		Patawatermes	Patawatermes turricola			Bolivia		2013	9405	1.6.6 (Python v2.7.18)	PP700607
#5	517	TER_517_UCEDB	BZ33	Kalotermitidae	NA		Cryptotermes	Cryptotermes brevis			Belize		1994	11871	1.6.6 (Python v2.7.18)	PP700624
#5	518	TER_518_UCEDB	BZ65	Kalotermitidae	NA		Cryptotermes	Cryptotermes longicollis			Belize		2006	35574	1.6.6 (Python v2.7.18)	PP700643
#5	519	TER_519_UCEDB	BZ85	Psammotermitidae	Prorhinotermitinae		Prorhinotermes	Prorhinotermes simplex			Belize		2006	8031	1.6.6 (Python v2.7.18)	PX022986
#5	520	TER_520_UCEDB	BZ99	Termitidae	Termitinae		Termes	Termes hispaniolae			Belize		2006	16785	1.6.6 (Python v2.7.18)	PP792753
#5	521	TER_521_UCEDB	BZ127	Heterotermitidae	NA		Coptotermes	Coptotermes testaceus			Belize		2006	1510	1.6.6 (Python v2.7.18)	PP792761
#5	522	TER_522_UCEDB	BZ150	Kalotermitidae	NA		Incisitermes	Incisitermes lisae			Belize		2006	4576	1.6.6 (Python v2.7.18)	PX592902
#5	523	TER_523_UCEDB	BZ159	Termitidae	Nasutitermitinae		Nasutitermes	Nasutitermes nigriceps			Belize		2006	9211	1.6.6 (Python v2.7.18)	PP101048
#5	524	TER_524_UCEDB	BZ182	Heterotermitidae	NA		Heterotermes	Heterotermes convexinotatus			Belize		2006	21324	1.6.6 (Python v2.7.18)	PP101053
#5	525	TER_525_UCEDB	BZ186	Termitidae	Nasutitermitinae		Nasutitermes	Nasutitermes nigriceps			Belize		2006	20702	1.6.6 (Python v2.7.18)	PV608493
#5	526	TER_526_UCEDB	BZ188	Termitidae	Nasutitermitinae		Nasutitermes	Nasutitermes nigriceps			Belize		2006	15934	1.6.6 (Python v2.7.18)	PP101063
#5	527	TER_527_UCEDB	BZ208	Kalotermitidae	NA		Incisitermes	Incisitermes schwarzi			Belize		2006	4245	1.6.6 (Python v2.7.18)	PP101071
#5	528	TER_528_UCEDB	BZ239	Termitidae	Apicotermitinae		gen_nov	gen_nov SC			Belize		2006	10210	1.6.6 (Python v2.7.18)	PX592919
#5	529	TER_529_UCEDB	BZ246	Termitidae	Nasutitermitinae		Nasutitermes	Nasutitermes ephratae			Belize		2006	5290	1.6.6 (Python v2.7.18)	PP101087
#5	530	TER_530_UCEDB	BZ254	Kalotermitidae	NA		Neotermes	Neotermes castaneus			Belize		2006	15535	1.6.6 (Python v2.7.18)	OR822047
#5	531	TER_531_UCEDB	BZ272	Termitidae	Apicotermitinae		Anoplotermes	Anoplotermes parvus			Belize		2017	21842	1.6.6 (Python v2.7.18)	OR822059
#5	532	TER_532_UCEDB	CA22	Termitidae	Microcerotermitinae		Microcerotermes	Microcerotermes sp			Cayman Is.		1996	20135	1.6.6 (Python v2.7.18)	PX592930
#5	533	TER_533_UCEDB	CA141	Kalotermitidae	NA		Cryptotermes	Cryptotermes spathifrons			Cayman Is.		1996	10235	1.6.6 (Python v2.7.18)	OR822041
#5	534	TER_534_UCEDB	CA168	Kalotermitidae	NA		Cryptotermes	Cryptotermes cavifrons			Cayman Is.		1999	23694	1.6.6 (Python v2.7.18)	OR822089
#5	535	TER_535_UCEDB	CA307	Heterotermitidae	NA		Heterotermes	Heterotermes cardini			Cayman Is.		1999	30125	1.6.6 (Python v2.7.18)	OR822094
#5	536	TER_536_UCEDB	CA489	Kalotermitidae	NA		Incisitermes	Incisitermes nr_milleri			Cayman Is.		1999	8487	1.6.6 (Python v2.7.18)	OR817983
#5	537	TER_537_UCEDB	CA524	Kalotermitidae	NA		Cryptotermes	Cryptotermes nitens			Cayman Is.		1999	13127	1.6.6 (Python v2.7.18)	OR817984
#5	538	TER_538_UCEDB	CA538	Kalotermitidae	NA		Neotermes	Neotermes castaneus			Cayman Is.		1999	17002	1.6.6 (Python v2.7.18)	OR818011
#5	539	TER_539_UCEDB	CA597	Termitidae	Nasutitermitinae		Nasutitermes	Nasutitermes corniger			Cayman Is.		2005	529	1.6.6 (Python v2.7.18)	OR817989
#5	540	TER_540_UCEDB	CA628	Kalotermitidae	NA		Cryptotermes	Cryptotermes brevis			Cayman Is.		2013	24553	1.6.6 (Python v2.7.18)	OR817990
#5	541	TER_541_UCEDB	CA629	Termitidae	Microcerotermitinae		Microcerotermes	Microcerotermes sp			Cayman Is.		2013	9788	1.6.6 (Python v2.7.18)	OR817993
#5	542	TER_542_UCEDB	CA630	Termitidae	Nasutitermitinae		Nasutitermes	Nasutitermes nigriceps			Cayman Is.		2013	246	1.6.6 (Python v2.7.18)	OR817994
#5	543	TER_543_UCEDB	CL15	Kalotermitidae	NA		Cryptotermes	Cryptotermes brevis			Chile		2007	2726	1.6.6 (Python v2.7.18)	OR817995
#5	544	TER_544_UCEDB	CL29	Kalotermitidae	NA		Neotermes	Neotermes chilensis			Chile		2007	9499	1.6.6 (Python v2.7.18)	PV057197
#5	545	TER_545_UCEDB	CO7	Termitidae	Amitermitinae		Amitermes	Amitermes foreli			Colombia		2009	14146	1.6.6 (Python v2.7.18)	OR817996
#5	546	TER_546_UCEDB	CO13	Termitidae	Apicotermitinae		gen_nov	gen_nov TR_sp_nov_2			Colombia		2009	12959	1.6.6 (Python v2.7.18)	OR817997
#5	547	TER_547_UCEDB	CO31	Termitidae	Apicotermitinae		gen_nov	gen_nov CO			Colombia		2009	28693	1.6.6 (Python v2.7.18)	OR817998
#5	548	TER_548_UCEDB	CO32.1	Termitidae	Microcerotermitinae		Microcerotermes	Microcerotermes sp			Colombia		2009	19633	1.6.6 (Python v2.7.18)	PX592839
#5	549	TER_549_UCEDB	CO35	Termitidae	Nasutitermitinae		Nasutitermes	Nasutitermes corniger			Colombia		2009	4525	1.6.6 (Python v2.7.18)	OR817999
#5	550	TER_550_UCEDB	CO92	Kalotermitidae	NA		Neotermes	Neotermes holmgreni			Colombia		2009	699	1.6.6 (Python v2.7.18)	PX592935
#5	551	TER_551_UCEDB	CO123.1	Termitidae	Apicotermitinae		gen_nov	gen_nov PI_sp_nov			Colombia		2009	13983	1.6.6 (Python v2.7.18)	OR818000
#5	552	TER_552_UCEDB	CO142	Termitidae	Neocapritermitinae		Neocapritermes	Neocapritermes longinotus			Colombia		2009	9012	1.6.6 (Python v2.7.18)	OR818001
#5	553	TER_553_UCEDB	CO191.1	Kalotermitidae	NA		Calcaritermes	Calcaritermes temnocephalus			Colombia		2009	11912	1.6.6 (Python v2.7.18)	PX592936
#5	554	TER_554_UCEDB	CO191.2	Termitidae	Nasutitermitinae		Nasutitermes	Nasutitermes nigriceps			Colombia		2009	7004	1.6.6 (Python v2.7.18)	PX592937
#5	555	TER_555_UCEDB	CO198	Heterotermitidae	NA		Heterotermes	Heterotermes convexinotatus			Colombia		2009	39267	1.6.6 (Python v2.7.18)	OR818002
#5	556	TER_556_UCEDB	CO213	Termitidae	Nasutitermitinae		Nasutitermes	Nasutitermes ephratae			Colombia		2009	2130	1.6.6 (Python v2.7.18)	OR818003
#5	557	TER_557_UCEDB	CO218	Termitidae	Nasutitermitinae		Nasutitermes	Nasutitermes nigriceps			Colombia		2009	6481	1.6.6 (Python v2.7.18)	PX592938
#5	558	TER_558_UCEDB	CO235.2	Termitidae	Syntermitinae		Rhynchotermes	Rhynchotermes bulbinasus			Colombia		2009	11248	1.6.6 (Python v2.7.18)	OR818004
#5	559	TER_559_UCEDB	CO372.2	Kalotermitidae	NA		Neotermes	Neotermes n_sp			Colombia		2009	23527	1.6.6 (Python v2.7.18)	PX592940
#5	560	TER_560_UCEDB	CO442	Termitidae	Syntermitinae		Macuxitermes	Macuxitermes colombicus			Colombia		2009	40	1.6.6 (Python v2.7.18)	OR818005
#5	561	TER_561_UCEDB	CO515.1	Termitidae	Amitermitinae		Amitermes	Amitermes amicki			Colombia		2009	19486	1.6.6 (Python v2.7.18)	PX592941
#5	562	TER_562_UCEDB	CO533.2	Termitidae	Termitinae		Termes	Termes sp			Colombia		2009	21452	1.6.6 (Python v2.7.18)	PX592942
#5	563	TER_563_UCEDB	CO548	Kalotermitidae	NA		Calcaritermes	Calcaritermes nigriceps			Colombia		2009	2648	1.6.6 (Python v2.7.18)	PX592943
#5	564	TER_564_UCEDB	CO551	Kalotermitidae	NA		Calcaritermes	Calcaritermes nigriceps			Colombia		2009	11686	1.6.6 (Python v2.7.18)	PX592944
#5	565	TER_565_UCEDB	CO558.2	Termitidae	Nasutitermitinae		Nasutitermes	Nasutitermes guayanae			Colombia		2009	152	1.6.6 (Python v2.7.18)	OR818006
#5	566	TER_566_UCEDB	CO562	Heterotermitidae	NA		Heterotermes	Heterotermes tenuis			Colombia		2009	37424	1.6.6 (Python v2.7.18)	OR818007
#5	567	TER_567_UCEDB	CO575	Termitidae	Nasutitermitinae		Nasutitermes	Nasutitermes callimorphus			Colombia		2009	7192	1.6.6 (Python v2.7.18)	OR818008
#5	568	TER_568_UCEDB	CO624	Termitidae	Microcerotermitinae		Microcerotermes	Microcerotermes sp			Colombia		2009	17057	1.6.6 (Python v2.7.18)	OR818013
#5	569	TER_569_UCEDB	CO679	Termitidae	Apicotermitinae		Ruptitermes	Ruptitermes franciscoi			Colombia		2009	39493	1.6.6 (Python v2.7.18)	OR818009
#5	570	TER_570_UCEDB	CO691	Kalotermitidae	NA		Cryptotermes	Cryptotermes mangoldi			Colombia		2009	32743	1.6.6 (Python v2.7.18)	PX592945
#5	571	TER_571_UCEDB	CO711.1	Termitidae	Nasutitermitinae		Nasutitermes	Nasutitermes nigriceps			Colombia		2009	9472	1.6.6 (Python v2.7.18)	PX592946
#5	572	TER_572_UCEDB	CO785.1	Termitidae	Termitinae		Termes	Termes sp			Colombia		2009	23652	1.6.6 (Python v2.7.18)	PX592414
#5	573	TER_573_UCEDB	CO868	Termitidae	Apicotermitinae		gen_nov	gen_nov PR_sp_nov_2			Colombia		1996	28071	1.6.6 (Python v2.7.18)	OR757170
#5	574	TER_574_UCEDB	CO869	Rhinotermitidae	NA		Dolichorhinotermes	Dolichorhinotermes longidens			Colombia		1996	38774	1.6.6 (Python v2.7.18)	PX592415
#5	575	TER_575_UCEDB	CO881	Termitidae	Syntermitinae		Rhynchotermes	Rhynchotermes armatus			Colombia		1996	35598	1.6.6 (Python v2.7.18)	OR757171
#5	576	TER_576_UCEDB	CO902	Termitidae	Apicotermitinae		gen_nov	gen_nov OV_sp_nov_1			Colombia		2014	19893	1.6.6 (Python v2.7.18)	OR757178
#5	577	TER_577_UCEDB	CO903	Termitidae	Apicotermitinae		Anoplotermes	Anoplotermes sp_nov_1			Colombia		2015	29374	1.6.6 (Python v2.7.18)	OR757172
#5	578	TER_578_UCEDB	CO904	Termitidae	Nasutitermitinae		gen_nov	gen_nov sp_nov			Colombia		2015	13487	1.6.6 (Python v2.7.18)	OR757173
#5	579	TER_579_UCEDB	CO909	Termitidae	Apicotermitinae		Aparatermes	Aparatermes thornatus			Colombia		2013	10890	1.6.6 (Python v2.7.18)	OR757174
#5	580	TER_580_UCEDB	CO911	Termitidae	Syntermitinae		Uncitermes	Uncitermes teevani			Colombia		2014	13636	1.6.6 (Python v2.7.18)	PX592416
#5	581	TER_581_UCEDB	CO912	Termitidae	Apicotermitinae		Hydrecotermes	Hydrecotermes kawaii			Colombia		NA	4332	1.6.6 (Python v2.7.18)	OR757175
#5	582	TER_582_UCEDB	CO913	Termitidae	Nasutitermitinae		Nasutitermes	Nasutitermes nr_gaigei			Colombia		2018	15698	1.6.6 (Python v2.7.18)	PX592417
#5	583	TER_583_UCEDB	CO914	Termitidae	Nasutitermitinae		Hyleotermes	Hyleotermes brevipilus			Colombia		2018	21463	1.6.6 (Python v2.7.18)	OR757179
#5	584	TER_584_UCEDB	BO1076	Rhinotermitidae	NA		Dolichorhinotermes	Dolichorhinotermes tenebrosus			Bolivia	Samaipata	2013	13314	1.6.6 (Python v2.7.18)	OQ434266
#5	585	TER_585_UCEDB	CO915	Termitidae	Nasutitermitinae		Rotunditermes	Rotunditermes bragantinus			Colombia		2018	15092	1.6.6 (Python v2.7.18)	OR757180
#5	586	TER_586_UCEDB	CTA35	Termitidae	Nasutitermitinae		Nasutitermes	Nasutitermes corniger			Honduras		1998	9907	1.6.6 (Python v2.7.18)	OR757181
#5	587	TER_587_UCEDB	CTA45	Termitidae	Nasutitermitinae		Nasutitermes	Nasutitermes nigriceps			Honduras		1998	14017	1.6.6 (Python v2.7.18)	OR757176
#5	588	TER_588_UCEDB	CTA55	Termitidae	Termitinae		Termes	Termes hispaniolae			Panama		1999	6203	1.6.6 (Python v2.7.18)	PX592418
#5	589	TER_589_UCEDB	CTA61	Termitidae	Nasutitermitinae		Nasutitermes	Nasutitermes nigriceps			Honduras		2000	1446	1.6.6 (Python v2.7.18)	OR757182
#5	590	TER_590_UCEDB	CTA79	Termitidae	Nasutitermitinae		Nasutitermes	Nasutitermes corniger			Nicaragua		2003	7392	1.6.6 (Python v2.7.18)	OR757183
#5	591	TER_591_UCEDB	CTA104	Termitidae	Apicotermitinae		gen_nov	gen_nov SC			Costa Rica		2005	102	1.6.6 (Python v2.7.18)	PX592419
#5	592	TER_592_UCEDB	CTA112	Kalotermitidae	NA		Cryptotermes	Cryptotermes brevis			El Salvador		2006	29957	1.6.6 (Python v2.7.18)	OR757184
#5	593	TER_593_UCEDB	CTA119	Termitidae	Apicotermitinae		Anoplotermes	Anoplotermes parvus			Costa Rica		2007	22101	1.6.6 (Python v2.7.18)	OR757185
#5	594	TER_594_UCEDB	CTA126	Termitidae	Syntermitinae		Rhynchotermes	Rhynchotermes perarmatus			Costa Rica		2007	21175	1.6.6 (Python v2.7.18)	OR757186
#5	595	TER_595_UCEDB	BO209	Termitidae	Termitinae		Cavitermes	Cavitermes tuberosus			Bolivia	Puerto Villarroel	2013	31145	1.6.6 (Python v2.7.18)	OQ440400
#5	596	TER_596_UCEDB	CTA133	Termitidae	Nasutitermitinae		Nasutitermes	Nasutitermes corniger			Costa Rica		2008	8404	1.6.6 (Python v2.7.18)	OR757187
#5	597	TER_597_UCEDB	CTA134	Termitidae	Syntermitinae		Embiratermes	Embiratermes chagresi			Costa Rica		2008	17308	1.6.6 (Python v2.7.18)	OR757188
#5	598	TER_598_UCEDB	CU23	Kalotermitidae	NA		Neotermes	Neotermes jouteli			Cuba		1965	303	1.6.6 (Python v2.7.18)	OR757189
#5	599	TER_599_UCEDB	CU237	Kalotermitidae	NA		Cryptotermes	Cryptotermes cavifrons			Cuba		1971	3472	1.6.6 (Python v2.7.18)	OR757190
#5	600	TER_600_UCEDB	CU405	Termitidae	Nasutitermitinae		Nasutitermes	Nasutitermes corniger			Cuba		1972	4743	1.6.6 (Python v2.7.18)	OR757191
#5	601	TER_601_UCEDB	CU664	Kalotermitidae	NA		Cryptotermes	Cryptotermes cymatofrons			Cuba		1973	8732	1.6.6 (Python v2.7.18)	PX592420
#5	602	TER_602_UCEDB	CU949	Termitidae	Nasutitermitinae		Nasutitermes	Nasutitermes hubbardi			Cuba		1974	447	1.6.6 (Python v2.7.18)	PX022987
#5	603	TER_603_UCEDB	CU1057	Kalotermitidae	NA		Incisitermes	Incisitermes rhyzophorae			Cuba		1988	285	1.6.6 (Python v2.7.18)	OR757192
#5	604	TER_604_UCEDB	CU1109	Termitidae	Nasutitermitinae		Antillitermes	Antillitermes subtilis			Cuba	US Terr.	2001	11589	1.6.6 (Python v2.7.18)	OR757193
#5	605	TER_605_UCEDB	CU1157	Termitidae	Nasutitermitinae		Nasutitermes	Nasutitermes rippertii			Cuba	US Terr.	2001	6782	1.6.6 (Python v2.7.18)	OR757194
#5	606	TER_606_UCEDB	CU1172	Heterotermitidae	NA		Heterotermes	Heterotermes cardini			Cuba	US Terr.	2001	9618	1.6.6 (Python v2.7.18)	OR757195
#5	607	TER_607_UCEDB	CU1183	Termitidae	Apicotermitinae		gen_nov	gen_nov SC			Cuba	US Terr.	2001	19853	1.6.6 (Python v2.7.18)	PX592421
#5	608	TER_608_UCEDB	CU1221	Kalotermitidae	NA		Procryptotermes	Procryptotermes edwardsi			Cuba	US Terr.	2001	18191	1.6.6 (Python v2.7.18)	OR757196
#5	609	TER_609_UCEDB	CU1287	Termitidae	Nasutitermitinae		Parvitermes	Parvitermes aequalis			Cuba	US Terr.	2001	14170	1.6.6 (Python v2.7.18)	PX592422
#5	610	TER_610_UCEDB	CU1315	Kalotermitidae	NA		Incisitermes	Incisitermes sp			Cuba	US Terr.	2001	20990	1.6.6 (Python v2.7.18)	PX592423
#5	611	TER_611_UCEDB	CU1365	Termitidae	Apicotermitinae		gen_nov	gen_nov SC			Cuba	US Terr.	2001	17198	1.6.6 (Python v2.7.18)	OR757197
#5	612	TER_612_UCEDB	CU1427	Kalotermitidae	NA		Incisitermes	Incisitermes bequaerti			Cuba	US Terr.	2001	24939	1.6.6 (Python v2.7.18)	PX592385
#5	613	TER_613_UCEDB	CU1467	Termitidae	Nasutitermitinae		Parvitermes	Parvitermes brooksi			Cuba	US Terr.	2001	27787	1.6.6 (Python v2.7.18)	OR757198
#5	614	TER_614_UCEDB	DM14	Kalotermitidae	NA		Incisitermes	Incisitermes schwarzi			Dominica		1994	71	1.6.6 (Python v2.7.18)	OR757177
#5	615	TER_615_UCEDB	DM58	Kalotermitidae	NA		Cryptotermes	Cryptotermes brevis			Dominica		1994	13350	1.6.6 (Python v2.7.18)	OR757199
#5	616	TER_616_UCEDB	BO675	Kalotermitidae	NA		Cryptotermes	Cryptotermes chacoensis			Bolivia	W Limoncito	2013	20757	1.6.6 (Python v2.7.18)	OM991311
#5	617	TER_617_UCEDB	DM59	Termitidae	Nasutitermitinae		Nasutitermes	Nasutitermes ephratae			Dominica		1994	575	1.6.6 (Python v2.7.18)	OR757200
#5	618	TER_618_UCEDB	DM71	Kalotermitidae	NA		Glyptotermes	Glyptotermes sp_nov			Dominica		1994	15004	1.6.6 (Python v2.7.18)	OR757201
#5	619	TER_619_UCEDB	DM112	Kalotermitidae	NA		Glyptotermes	Glyptotermes adamsoni			Dominica		1994	21396	1.6.6 (Python v2.7.18)	PX592424
#5	620	TER_620_UCEDB	DM115	Kalotermitidae	NA		Comatermes	Comatermes perfectus			Dominica		1994	7083	1.6.6 (Python v2.7.18)	OR757202
#5	621	TER_621_UCEDB	DM150	Kalotermitidae	NA		Calcaritermes	Calcaritermes temnocephalus			Dominica		1994	45	1.6.6 (Python v2.7.18)	PX592425
#5	622	TER_622_UCEDB	DM164	Termitidae	Nasutitermitinae		Nasutitermes	Nasutitermes corniger			Dominica		2000	5338	1.6.6 (Python v2.7.18)	OR757203
#5	623	TER_623_UCEDB	DR14	Kalotermitidae	NA		Incisitermes	Incisitermes bequaerti			Dominican Rep.		1991	12096	1.6.6 (Python v2.7.18)	OR757204
#5	624	TER_624_UCEDB	DR57	Heterotermitidae	NA		Heterotermes	Heterotermes cardini			Dominican Rep.		1991	34364	1.6.6 (Python v2.7.18)	OR757205
#5	625	TER_625_UCEDB	DR105	Termitidae	Nasutitermitinae		Nasutitermes	Nasutitermes corniger			Dominican Rep.		1991	1049	1.6.6 (Python v2.7.18)	OR757206
#5	626	TER_626_UCEDB	DR245	Termitidae	Termitinae		Termes	Termes hispaniolae			Dominican Rep.		1992	8734	1.6.6 (Python v2.7.18)	OR757207
#5	627	TER_627_UCEDB	BO7	Kalotermitidae	NA		Comatermes	Comatermes perfectus			Bolivia	Flora & Fauna Hotel	2013	2025	1.6.6 (Python v2.7.18)	OK506046
#5	628	TER_628_UCEDB	DR500	Termitidae	Nasutitermitinae		Caribitermes	Caribitermes discolor			Dominican Rep.		1992	4466	1.6.6 (Python v2.7.18)	OR757208
#5	629	TER_629_UCEDB	DR524	Kalotermitidae	NA		Incisitermes	Incisitermes sp_nov			Dominican Rep.		1992	20617	1.6.6 (Python v2.7.18)	PX592426
#5	630	TER_630_UCEDB	DR761.0	Termitidae	Nasutitermitinae		Nasutitermes	Nasutitermes hubbardi			Dominican Rep.		NA	5932	1.6.6 (Python v2.7.18)	PX592427
#5	631	TER_631_UCEDB	DR902	Kalotermitidae	NA		Glyptotermes	Glyptotermes liberatus			Dominican Rep.		1993	13734	1.6.6 (Python v2.7.18)	PX592428
#5	632	TER_632_UCEDB	DR907	Termitidae	Nasutitermitinae		Parvitermes	Parvitermes toussainti			Dominican Rep.		1994	20079	1.6.6 (Python v2.7.18)	OR757209
#5	633	TER_633_UCEDB	DR1368	Kalotermitidae	NA		Cryptotermes	Cryptotermes rotundiceps			Dominican Rep.		1996	460	1.6.6 (Python v2.7.18)	OR757210
#5	634	TER_634_UCEDB	DR1656	Kalotermitidae	NA		Neotermes	Neotermes sp			Haiti		1976	37437	1.6.6 (Python v2.7.18)	PX592429
#5	635	TER_635_UCEDB	DR1659	Rhinotermitidae	NA		Rhinotermes	Rhinotermes marginalis			Dominican Rep.		2003	9950	1.6.6 (Python v2.7.18)	OR757211
#5	636	TER_636_UCEDB	DR1772	Kalotermitidae	NA		Incisitermes	Incisitermes nr_milleri			Dominican Rep.		2004	23802	1.6.6 (Python v2.7.18)	OR757212
#5	637	TER_637_UCEDB	DR1780	Kalotermitidae	NA		Incisitermes	Incisitermes nr_milleri			Dominican Rep.		2004	26356	1.6.6 (Python v2.7.18)	OR757213
#5	638	TER_638_UCEDB	DR1835	Kalotermitidae	NA		Cryptotermes	Cryptotermes mangoldi?			Dominican Rep.		2004	26020	1.6.6 (Python v2.7.18)	OR757214
#5	639	TER_639_UCEDB	DR1867	Termitidae	Apicotermitinae		gen_nov	gen_nov SC			Dominican Rep.		2004	17816	1.6.6 (Python v2.7.18)	OR757215
#5	640	TER_640_UCEDB	DR1894	Termitidae	Nasutitermitinae		Parvitermes	Parvitermes collinsae			Dominican Rep.		2004	6489	1.6.6 (Python v2.7.18)	PX592430
#5	641	TER_641_UCEDB	DR1938	Termitidae	Nasutitermitinae		Parvitermes	Parvitermes pallidiceps			Dominican Rep.		2004	4432	1.6.6 (Python v2.7.18)	OR757216
#5	642	TER_642_UCEDB	DR1948	Kalotermitidae	NA		Glyptotermes	Glyptotermes pubescens			Dominican Rep.		2004	7912	1.6.6 (Python v2.7.18)	PX592432
#5	643	TER_643_UCEDB	DR2019	Kalotermitidae	NA		Neotermes	Neotermes sp_nov			Dominican Rep.		2010	1946	1.6.6 (Python v2.7.18)	PX592433
#5	644	TER_644_UCEDB	DR2021	Termitidae	Nasutitermitinae		Antillitermes	Antillitermes subtilis			Dominican Rep.		2010	3490	1.6.6 (Python v2.7.18)	PV158773
#5	645	TER_645_UCEDB	EC28	Heterotermitidae	NA		Heterotermes	Heterotermes tenuis			Ecuador		2001	20674	1.6.6 (Python v2.7.18)	PX592434
#5	646	TER_646_UCEDB	EC44	Heterotermitidae	NA		Heterotermes	Heterotermes tenuis			Ecuador		2001	18629	1.6.6 (Python v2.7.18)	PX592435
#5	647	TER_647_UCEDB	EC46	Termitidae	Nasutitermitinae		Nasutitermes	Nasutitermes nigriceps			Ecuador		2001	1850	1.6.6 (Python v2.7.18)	PV158774
#5	648	TER_648_UCEDB	BO784	Termitidae	Amitermitinae		Amitermes	Amitermes amifer			Bolivia	Chochis Dentispico site	2013	10017	1.6.6 (Python v2.7.18)	OP796362
#5	649	TER_649_UCEDB	EC52	Termitidae	Apicotermitinae		gen_nov	gen_nov PAC_sp_nov_1			Ecuador		2001	24535	1.6.6 (Python v2.7.18)	PX592436
#5	650	TER_650_UCEDB	EC56	Kalotermitidae	NA		Cryptotermes	Cryptotermes fatulus			Ecuador		2001	15130	1.6.6 (Python v2.7.18)	PX592437
#5	651	TER_651_UCEDB	EC64	Termitidae	Amitermitinae		Amitermes	Amitermes lunae			Ecuador		2001	13747	1.6.6 (Python v2.7.18)	PV158775
#5	652	TER_652_UCEDB	EC108	Termitidae	Microcerotermitinae		Microcerotermes	Microcerotermes sp			Ecuador		2001	7561	1.6.6 (Python v2.7.18)	PX592438
#5	653	TER_653_UCEDB	EC136	Kalotermitidae	NA		Cryptotermes	Cryptotermes brevis			Ecuador		2001	13422	1.6.6 (Python v2.7.18)	PV158776
#5	654	TER_654_UCEDB	EC141	Kalotermitidae	NA		Cryptotermes	Cryptotermes fatulus			Ecuador		2001	322	1.6.6 (Python v2.7.18)	PX592439
#5	655	TER_655_UCEDB	EC149	Kalotermitidae	NA		Incisitermes	Incisitermes immigrans			Ecuador		2001	9401	1.6.6 (Python v2.7.18)	PX592440
#5	656	TER_656_UCEDB	EC384	Termitidae	Nasutitermitinae		Nasutitermes	Nasutitermes nr_macrocephalus			Ecuador		2007	6229	1.6.6 (Python v2.7.18)	PX592463
#5	657	TER_657_UCEDB	EC405	Termitidae	Apicotermitinae		Patawatermes	Patawatermes turricola			Ecuador		2011	27381	1.6.6 (Python v2.7.18)	PX592441
#5	658	TER_658_UCEDB	EC431	Termitidae	Apicotermitinae		Coatitermes	Coatitermes sp			Ecuador		2011	21230	1.6.6 (Python v2.7.18)	PX592442
#5	659	TER_659_UCEDB	EC449	Termitidae	Nasutitermitinae		Convexitermes	Convexitermes convexifrons			Ecuador		2011	21730	1.6.6 (Python v2.7.18)	PX592443
#5	660	TER_660_UCEDB	EC462	Termitidae	Nasutitermitinae		Nasutitermes	Nasutitermes guayanae			Ecuador		2011	11633	1.6.6 (Python v2.7.18)	PX592444
#5	661	TER_661_UCEDB	EC471	Termitidae	Nasutitermitinae		Nasutitermes	Nasutitermes surinamensis			Ecuador		2011	5219	1.6.6 (Python v2.7.18)	PV608494
#5	662	TER_662_UCEDB	EC493	Termitidae	Termitinae		Termes	Termes fatalis			Ecuador		2011	19898	1.6.6 (Python v2.7.18)	PV946942
#5	663	TER_663_UCEDB	EC495	Kalotermitidae	NA		Calcaritermes	Calcaritermes rioensis			Ecuador		2011	14237	1.6.6 (Python v2.7.18)	PX592392
#5	664	TER_664_UCEDB	EC542	Termitidae	Termitinae		Cavitermes	Cavitermes rozeni			Ecuador		2011	25849	1.6.6 (Python v2.7.18)	PV158777
#5	665	TER_665_UCEDB	EC552	Termitidae	Syntermitinae		Embiratermes	Embiratermes neotenicus			Ecuador		2011	15264	1.6.6 (Python v2.7.18)	PX592446
#5	666	TER_666_UCEDB	EC565	Termitidae	Syntermitinae		Embiratermes	Embiratermes nr_spissus			Ecuador		2011	20655	1.6.6 (Python v2.7.18)	PX592447
#5	667	TER_667_UCEDB	EC571	Termitidae	Syntermitinae		Labiotermes	Labiotermes labralis			Ecuador		2011	4304	1.6.6 (Python v2.7.18)	PX592448
#5	668	TER_668_UCEDB	BO956	Termitidae	Amitermitinae		Amitermes	Amitermes amifer			Bolivia	"Chachall, Bolivia"	2013	8845	1.6.6 (Python v2.7.18)	OQ078681
#5	669	TER_669_UCEDB	EC600	Termitidae	Nasutitermitinae		Nasutitermes	Nasutitermes sp_nov_EC			Ecuador		2011	8748	1.6.6 (Python v2.7.18)	PV158778
#5	670	TER_670_UCEDB	EC639	Kalotermitidae	NA		Rugitermes	Rugitermes magninotus			Ecuador		2011	28299	1.6.6 (Python v2.7.18)	PX592449
#5	671	TER_671_UCEDB	EC661	Termitidae	Syntermitinae		Silvestritermes	Silvestritermes gnomus			Ecuador		2011	22770	1.6.6 (Python v2.7.18)	PX592450
#5	672	TER_672_UCEDB	EC698	Termitidae	Nasutitermitinae		Subulitermes	Subulitermes microsoma			Ecuador		2011	11366	1.6.6 (Python v2.7.18)	PX592451
#5	673	TER_673_UCEDB	EC724	Heterotermitidae	NA		Heterotermes	Heterotermes crinitus			Ecuador		2011	32380	1.6.6 (Python v2.7.18)	PX592452
#5	674	TER_674_UCEDB	EC727	Termitidae	Nasutitermitinae		Atlantitermes	Atlantitermes sp			Ecuador		2011	16065	1.6.6 (Python v2.7.18)	PX592464
#5	675	TER_675_UCEDB	EC787	Termitidae	Nasutitermitinae		Coatitermes	Coatitermes nr_mazaruniensis			Ecuador		2011	18973	1.6.6 (Python v2.7.18)	PX592453
#5	676	TER_676_UCEDB	EC823	Termitidae	Nasutitermitinae		Ereymatermes	Ereymatermes rotundiceps			Ecuador		2011	12521	1.6.6 (Python v2.7.18)	PX592454
#5	677	TER_677_UCEDB	EC853	Termitidae	Nasutitermitinae		Triangularitermes	Triangularitermes triangulariceps			Ecuador		2011	11399	1.6.6 (Python v2.7.18)	PX592455
#5	678	TER_678_UCEDB	EC880	Termitidae	Apicotermitinae		Apicotermitinae_n_gen	Apicotermitinae_n_gen sp			Ecuador		2011	28244	1.6.6 (Python v2.7.18)	PX592456
#5	679	TER_679_UCEDB	EC946	Termitidae	Termitinae		Cavitermes	Cavitermes tuberosus			Ecuador		2011	25874	1.6.6 (Python v2.7.18)	PV158779
#5	680	TER_680_UCEDB	EC987	Termitidae	Amitermitinae		Orthognathotermes	Orthognathotermes sp			Ecuador		2011	20108	1.6.6 (Python v2.7.18)	PX592457
#5	681	TER_681_UCEDB	EC1076	Heterotermitidae	NA		Coptotermes	Coptotermes testaceus			Ecuador		2011	20784	1.6.6 (Python v2.7.18)	PX022988
#5	682	TER_682_UCEDB	EC1148	Termitidae	Termitinae		Spinitermes	Spinitermes sp			Ecuador		2011	15367	1.6.6 (Python v2.7.18)	PX592458
#5	683	TER_683_UCEDB	EC1153	Kalotermitidae	NA		Calcaritermes	Calcaritermes rioensis			Ecuador		2011	3674	1.6.6 (Python v2.7.18)	PX592459
#5	684	TER_684_UCEDB	EC1165	Termitidae	Nasutitermitinae		Hyleotermes	Hyleotermes brevipilus			Ecuador		2011	3167	1.6.6 (Python v2.7.18)	PX592460
#5	685	TER_685_UCEDB	EC1179	Kalotermitidae	NA		Calcaritermes	Calcaritermes n_sp			Ecuador		2011	19070	1.6.6 (Python v2.7.18)	PX592394
#5	686	TER_686_UCEDB	EC1193	Termitidae	Nasutitermitinae		Caetetermes	Caetetermes taquarussu			Ecuador		2011	18943	1.6.6 (Python v2.7.18)	PX592461
#5	687	TER_687_UCEDB	EC1208	Termitidae	Syntermitinae		Labiotermes	Labiotermes pelliceus			Ecuador		2011	4982	1.6.6 (Python v2.7.18)	PX592465
#5	688	TER_688_UCEDB	EC1212	Termitidae	Nasutitermitinae		Nasutitermes	Nasutitermes callimorphus			Ecuador		2011	1942	1.6.6 (Python v2.7.18)	PX022989
#5	689	TER_689_UCEDB	EC1259	Termitidae	Nasutitermitinae		Atlantitermes	Atlantitermes sp			Ecuador		2011	22696	1.6.6 (Python v2.7.18)	PQ213041
#5	690	TER_690_UCEDB	EC1271	Termitidae	Syntermitinae		Cornitermes	Cornitermes bolivianus			Ecuador		2011	11048	1.6.6 (Python v2.7.18)	PX022990
#5	691	TER_691_UCEDB	EC1286	Termitidae	Syntermitinae		Cyrilliotermes	Cyrilliotermes angulariceps			Ecuador		2011	27276	1.6.6 (Python v2.7.18)	PX592395
#5	692	TER_692_UCEDB	EC1313	Termitidae	Nasutitermitinae		Nasutitermes	Nasutitermes sp_nov_EC			Ecuador		2011	16855	1.6.6 (Python v2.7.18)	OR684458
#5	693	TER_693_UCEDB	EC1314	Termitidae	Nasutitermitinae		Nasutitermes	Nasutitermes acangussu			Ecuador		2011	10138	1.6.6 (Python v2.7.18)	OR684459
#5	694	TER_694_UCEDB	EC1315	Termitidae	Nasutitermitinae		Nasutitermes	Nasutitermes acangussu			Ecuador		2011	4435	1.6.6 (Python v2.7.18)	OR684460
#5	695	TER_695_UCEDB	EC1342	Kalotermitidae	NA		Glyptotermes	Glyptotermes perparvus			Ecuador		2011	18432	1.6.6 (Python v2.7.18)	OR684461
#5	696	TER_696_UCEDB	EC1375	Termitidae	Nasutitermitinae		Nasutitermes	Nasutitermes callimorphus			Ecuador		2011	8271	1.6.6 (Python v2.7.18)	OR684462
#5	697	TER_697_UCEDB	EC1380	Termitidae	Apicotermitinae		Ruptitermes	Ruptitermes reconditus			Ecuador		2011	14320	1.6.6 (Python v2.7.18)	OR684463
#5	698	TER_698_UCEDB	EC1386	Kalotermitidae	NA		Calcaritermes	Calcaritermes sp_nov_EC			Ecuador		2011	34668	1.6.6 (Python v2.7.18)	PX592396
#5	699	TER_699_UCEDB	EC1462	Termitidae	Nasutitermitinae		Velocitermes	Velocitermes paucipilis			Ecuador		2011	2320	1.6.6 (Python v2.7.18)	PX592468
#5	700	TER_700_UCEDB	FG507	Termitidae	Nasutitermitinae		Nasutitermes	Nasutitermes callimorphus			French Guiana		2008	11704	1.6.6 (Python v2.7.18)	PX592469
#5	701	TER_701_UCEDB	FG1051	Termitidae	Nasutitermitinae		Nasutitermes	Nasutitermes corniger			French Guiana		2010	3276	1.6.6 (Python v2.7.18)	OR684465
#5	702	TER_702_UCEDB	FL416	Heterotermitidae	NA		Reticulitermes	Reticulitermes hageni			Unites States	Florida: Calhoun	1994	27435	1.6.6 (Python v2.7.18)	OR684467
#5	703	TER_703_UCEDB	FL443	Heterotermitidae	NA		Reticulitermes	Reticulitermes hageni			Unites States	Dade	1991	12375	1.6.6 (Python v2.7.18)	OR684468
#5	704	TER_704_UCEDB	FL504	Termitidae	Nasutitermitinae		Nasutitermes	Nasutitermes nigriceps			Unites States	Broward	1996	2450	1.6.6 (Python v2.7.18)	PX592471
#5	705	TER_705_UCEDB	FL556	Termitidae	Amitermitinae		Amitermes	Amitermes wheeleri			Unites States	Highlands	1998	11767	1.6.6 (Python v2.7.18)	PX592470
#5	706	TER_706_UCEDB	FL630	Kalotermitidae	NA		Cryptotermes	Cryptotermes cavifrons			Unites States	Seminole	1999	22446	1.6.6 (Python v2.7.18)	OR684469
#5	707	TER_707_UCEDB	FL889	Termitidae	Nasutitermitinae		Nasutitermes	Nasutitermes corniger			Unites States	Broward	2001	436	1.6.6 (Python v2.7.18)	OR684470
#5	708	TER_708_UCEDB	FL1143	Kalotermitidae	NA		Neotermes	Neotermes luykxi			Unites States	Florida: Jack Islans State Preserve	2002	21211	1.6.6 (Python v2.7.18)	PX592397
#5	709	TER_709_UCEDB	FL1554	Termitidae	Nasutitermitinae		Nasutitermes	Nasutitermes acajutlae			Unites States	Broward	2002	9108	1.6.6 (Python v2.7.18)	OR684471
#5	710	TER_710_UCEDB	FL2563	Kalotermitidae	NA		Incisitermes	Incisitermes milleri			Unites States	Monroe	2005	1431	1.6.6 (Python v2.7.18)	OR684472
#5	711	TER_711_UCEDB	FL2786	Kalotermitidae	NA		Incisitermes	Incisitermes minor			Unites States	Broward	2005	5253	1.6.6 (Python v2.7.18)	OR684473
#5	712	TER_712_UCEDB	FL2855	Kalotermitidae	NA		Cryptotermes	Cryptotermes brevis			Unites States	Monroe	2006	10496	1.6.6 (Python v2.7.18)	OR684474
#5	713	TER_713_UCEDB	FL3744	Kalotermitidae	NA		Neotermes	Neotermes castaneus			Unites States	Dade	2012	6889	1.6.6 (Python v2.7.18)	OR684466
#5	714	TER_714_UCEDB	GR16	Termitidae	Nasutitermitinae		Nasutitermes	Nasutitermes corniger			Grenada		1997	9666	1.6.6 (Python v2.7.18)	PX592398
#5	715	TER_715_UCEDB	GR63	Heterotermitidae	NA		Coptotermes	Coptotermes testaceus			Grenada		1997	15594	1.6.6 (Python v2.7.18)	OR684475
#5	716	TER_716_UCEDB	GR80	Kalotermitidae	NA		Glyptotermes	Glyptotermes parvoculatus			Grenada		1997	502	1.6.6 (Python v2.7.18)	OR684476
#5	717	TER_717_UCEDB	GR123	Termitidae	Termitinae		Termes	Termes hispaniolae			Grenada		1997	21809	1.6.6 (Python v2.7.18)	PX592473
#5	718	TER_718_UCEDB	GR247	Heterotermitidae	NA		Heterotermes	Heterotermes tenuis			Grenada		2003	35805	1.6.6 (Python v2.7.18)	OR684477
#5	719	TER_719_UCEDB	GR273	Kalotermitidae	NA		Cryptotermes	Cryptotermes brevis			Grenada		2003	5863	1.6.6 (Python v2.7.18)	OR684478
#5	720	TER_720_UCEDB	GR289	Kalotermitidae	NA		Calcaritermes	Calcaritermes nigriceps			Grenada		2003	28654	1.6.6 (Python v2.7.18)	OR684479
#5	721	TER_721_UCEDB	GR296	Kalotermitidae	NA		Comatermes	Comatermes perfectus			Grenada		2003	19585	1.6.6 (Python v2.7.18)	PX592474
#5	722	TER_722_UCEDB	GU160	Heterotermitidae	NA		Heterotermes	Heterotermes cardini			Guadeloupe		1999	32572	1.6.6 (Python v2.7.18)	PX592399
#5	723	TER_723_UCEDB	GU278	Termitidae	Nasutitermitinae		Nasutitermes	Nasutitermes corniger			Guadeloupe		1999	18334	1.6.6 (Python v2.7.18)	OR684480
#5	724	TER_724_UCEDB	GU560	Kalotermitidae	NA		Cryptotermes	Cryptotermes darlingtonae			Guadeloupe		1999	12761	1.6.6 (Python v2.7.18)	OR684481
#5	725	TER_725_UCEDB	GU594	Kalotermitidae	NA		Incisitermes	Incisitermes schwarzi			Guadeloupe		1999	6839	1.6.6 (Python v2.7.18)	OR684482
#5	726	TER_726_UCEDB	GU609	Kalotermitidae	NA		Incisitermes	Incisitermes incisus			Guadeloupe		1999	4444	1.6.6 (Python v2.7.18)	PX592475
#5	727	TER_727_UCEDB	GU754	Termitidae	Apicotermitinae		Disjunctitermes	Disjunctitermes insularis			Guadeloupe		1999	21954	1.6.6 (Python v2.7.18)	PX592476
#5	728	TER_728_UCEDB	GU768	Kalotermitidae	NA		Cryptotermes	Cryptotermes darlingtonae			Guadeloupe		1999	4286	1.6.6 (Python v2.7.18)	PX592477
#5	729	TER_729_UCEDB	GU779	Rhinotermitidae	NA		Rhinotermes	Rhinotermes marginalis			Guadeloupe		1999	30122	1.6.6 (Python v2.7.18)	OR684483
#5	730	TER_730_UCEDB	GU805	Kalotermitidae	NA		Neotermes	Neotermes intracaulis			Guadeloupe		2004	28563	1.6.6 (Python v2.7.18)	OR684484
#5	731	TER_731_UCEDB	GU806	Kalotermitidae	NA		Cryptotermes	Cryptotermes brevis			Guadeloupe		2005	23925	1.6.6 (Python v2.7.18)	OR684485
#5	732	TER_732_UCEDB	GU813	Heterotermitidae	NA		Heterotermes	Heterotermes tenuis			Guadeloupe		2005	33486	1.6.6 (Python v2.7.18)	OR684486
#5	733	TER_733_UCEDB	GUA4	Kalotermitidae	NA		Glyptotermes	Glyptotermes liberatus			Guatemala		2006	37180	1.6.6 (Python v2.7.18)	OR684487
#5	734	TER_734_UCEDB	GUA10	Kalotermitidae	NA		Cryptotermes	Cryptotermes brevis			Guatemala		2006	26315	1.6.6 (Python v2.7.18)	OR684488
#5	735	TER_735_UCEDB	GUA15	Termitidae	Apicotermitinae		gen_nov	gen_nov SC			Guatemala		2006	21271	1.6.6 (Python v2.7.18)	OR684489
#5	736	TER_736_UCEDB	GUA16	Termitidae	Nasutitermitinae		Parvitermes	Parvitermes mesoamericanus			Guatemala		2006	1435	1.6.6 (Python v2.7.18)	OR684490
#5	737	TER_737_UCEDB	GUA25	Termitidae	Amitermitinae		Amitermes	Amitermes cryptodon			Guatemala		2006	24586	1.6.6 (Python v2.7.18)	OR684491
#5	738	TER_738_UCEDB	GUA36	Termitidae	Microcerotermitinae		Microcerotermies	Microcerotermies septentrionalis			Guatemala		2006	18569	1.6.6 (Python v2.7.18)	PX592478
#5	739	TER_739_UCEDB	GUA81	Termitidae	Apicotermitinae		gen_nov	gen_nov SC			Guatemala		2006	11999	1.6.6 (Python v2.7.18)	OR684493
#5	740	TER_740_UCEDB	GUA92	Termitidae	Syntermitinae		Cahuallitermes	Cahuallitermes intermedius			Guatemala		2006	21040	1.6.6 (Python v2.7.18)	OR684494
#5	741	TER_741_UCEDB	GUA96	Termitidae	Nasutitermitinae		Nasutitermes	Nasutitermes ephratae			Guatemala		2006	808	1.6.6 (Python v2.7.18)	OR684495
#5	742	TER_742_UCEDB	GUA135	Termitidae	Nasutitermitinae		Tenuirostritermes	Tenuirostritermes sp			Guatemala		2006	31531	1.6.6 (Python v2.7.18)	PX592400
#5	743	TER_743_UCEDB	GUA181	Termitidae	Amitermitinae		Amitermes	Amitermes beaumonti			Guatemala		2006	18267	1.6.6 (Python v2.7.18)	OR684496
#5	744	TER_744_UCEDB	GUA182	Kalotermitidae	NA		Glyptotermes	Glyptotermes tuberifer			Guatemala		2006	7053	1.6.6 (Python v2.7.18)	PX592479
#5	745	TER_745_UCEDB	GUA187	Kalotermitidae	NA		Neotermes	Neotermes sp_nov_nr_phragmosus			Guatemala		2006	12178	1.6.6 (Python v2.7.18)	PX592480
#5	746	TER_746_UCEDB	GUA219	Termitidae	Microcerotermitinae		Microcerotermies	Microcerotermies septentrionalis			Guatemala		2006	16106	1.6.6 (Python v2.7.18)	OR684497
#5	747	TER_747_UCEDB	GUA220	Termitidae	Syntermitinae		Cahuallitermes	Cahuallitermes intermedius			Guatemala		2006	29297	1.6.6 (Python v2.7.18)	OR665293
#5	748	TER_748_UCEDB	GUA222	Termitidae	Nasutitermitinae		Parvitermes	Parvitermes yucatanus			Guatemala		2006	13668	1.6.6 (Python v2.7.18)	OR665294
#5	749	TER_749_UCEDB	GUA223	Termitidae	Nasutitermitinae		Parvitermes	Parvitermes yucatanus			Guatemala		2006	18780	1.6.6 (Python v2.7.18)	OR665295
#5	750	TER_750_UCEDB	GUA225	Termitidae	Nasutitermitinae		Parvitermes	Parvitermes yucatanus			Guatemala		2006	25658	1.6.6 (Python v2.7.18)	OR665296
#5	751	TER_751_UCEDB	GUA226	Termitidae	Nasutitermitinae		Parvitermes	Parvitermes yucatanus			Guatemala		2006	1142	1.6.6 (Python v2.7.18)	OR665297
#5	752	TER_752_UCEDB	GUA235	Termitidae	Microcerotermitinae		Microcerotermes	Microcerotermes septentrionalis			Guatemala		2006	2394	1.6.6 (Python v2.7.18)	OR665331
#5	753	TER_753_UCEDB	GUA237	Termitidae	Nasutitermitinae		Nasutitermes	Nasutitermes corniger			Guatemala		2006	2719	1.6.6 (Python v2.7.18)	OR665298
#5	754	TER_754_UCEDB	GUA244	Termitidae	Nasutitermitinae		Nasutitermes	Nasutitermes nigriceps			Guatemala		2006	9737	1.6.6 (Python v2.7.18)	OR665299
#5	755	TER_755_UCEDB	GUA246	Termitidae	Termitinae		Termes	Termes hispaniolae			Guatemala		2006	19852	1.6.6 (Python v2.7.18)	OR665300
#5	756	TER_756_UCEDB	GUA250	Kalotermitidae	NA		Incisitermes	Incisitermes schwarzi			Guatemala		2006	11421	1.6.6 (Python v2.7.18)	OR665301
#5	757	TER_757_UCEDB	GUA251	Kalotermitidae	NA		Incisitermes	Incisitermes schwarzi			Guatemala		2006	27073	1.6.6 (Python v2.7.18)	OR665302
#5	758	TER_758_UCEDB	GUA275	Termitidae	Nasutitermitinae		Parvitermes	Parvitermes yucatanus			Guatemala		2006	3825	1.6.6 (Python v2.7.18)	OR665303
#5	759	TER_759_UCEDB	GUA282	Termitidae	Nasutitermitinae		Nasutitermes	Nasutitermes corniger			Guatemala		2006	5888	1.6.6 (Python v2.7.18)	OR665304
#5	760	TER_760_UCEDB	GUA431	Termitidae	Nasutitermitinae		Nasutitermes	Nasutitermes glabritergus			Guatemala		2006	4065	1.6.6 (Python v2.7.18)	OR665305
#5	761	TER_761_UCEDB	GUA651	Kalotermitidae	NA		Calcaritermes	Calcaritermes temnocephalus			Guatemala		2006	21111	1.6.6 (Python v2.7.18)	PX592482
#5	762	TER_762_UCEDB	GUA821	Kalotermitidae	NA		Incisitermes	Incisitermes platycephalus			Guatemala		2006	762	1.6.6 (Python v2.7.18)	OR665306
#5	763	TER_763_UCEDB	GUA837	Termitidae	Amitermitinae		Hoplotermes	Hoplotermes amplus			Guatemala		2006	24365	1.6.6 (Python v2.7.18)	PX592483
#5	764	TER_764_UCEDB	HN112	Termitidae	Microcerotermitinae		Microcerotermes	Microcerotermes septentrionalis			Honduras		2007	6992	1.6.6 (Python v2.7.18)	PX592484
#5	765	TER_765_UCEDB	HN123	Kalotermitidae	NA		Calcaritermes	Calcaritermes temnocephalus			Honduras		2007	16842	1.6.6 (Python v2.7.18)	PX592485
#5	766	TER_766_UCEDB	HN127	Kalotermitidae	NA		Calcaritermes	Calcaritermes emarginicollis			Honduras		2007	1073	1.6.6 (Python v2.7.18)	PX592402
#5	767	TER_767_UCEDB	HN180	Termitidae	Nasutitermitinae		Nasutitermes	Nasutitermes corniger			Honduras		2007	2466	1.6.6 (Python v2.7.18)	OR665309
#5	768	TER_768_UCEDB	HN273	Kalotermitidae	NA		Cryptotermes	Cryptotermes garifunae			Honduras		2007	8340	1.6.6 (Python v2.7.18)	PX592403
#5	769	TER_769_UCEDB	HN327	Kalotermitidae	NA		Glyptotermes	Glyptotermes contracticornis			Honduras		2007	3125	1.6.6 (Python v2.7.18)	PX592486
#5	770	TER_770_UCEDB	HN349	Termitidae	Apicotermitinae		gen_nov	gen_nov SC			Honduras		2007	23408	1.6.6 (Python v2.7.18)	PX592487
#5	771	TER_771_UCEDB	HN351	Kalotermitidae	NA		Incisitermes	Incisitermes platycephalus			Honduras		2007	14660	1.6.6 (Python v2.7.18)	OR665310
#5	772	TER_772_UCEDB	HN380	Termitidae	Apicotermitinae		gen_nov	gen_nov SC			Honduras		2007	18294	1.6.6 (Python v2.7.18)	OR665311
#5	773	TER_773_UCEDB	HN384	Heterotermitidae	NA		Heterotermes	Heterotermes convexinotatus			Honduras		2007	28167	1.6.6 (Python v2.7.18)	OR665312
#5	774	TER_774_UCEDB	HN402	Kalotermitidae	NA		Neotermes	Neotermes nr_holmgreni			Honduras		2007	14163	1.6.6 (Python v2.7.18)	OR665313
#5	775	TER_775_UCEDB	HN414	Termitidae	Apicotermitinae		gen_nov	gen_nov SC			Honduras		2007	8695	1.6.6 (Python v2.7.18)	OR665333
#5	776	TER_776_UCEDB	HN502	Termitidae	Microcerotermitinae		Microcerotermes	Microcerotermes sp			Honduras		2007	12937	1.6.6 (Python v2.7.18)	OR665314
#5	777	TER_777_UCEDB	HN603	Termitidae	Termitinae		Termes	Termes hispaniolae			Honduras		2007	21863	1.6.6 (Python v2.7.18)	OR665315
#5	778	TER_778_UCEDB	HN666	Kalotermitidae	NA		Cryptotermes	Cryptotermes brevis			Honduras		2007	5752	1.6.6 (Python v2.7.18)	OR665316
#5	779	TER_779_UCEDB	HN678	Termitidae	Apicotermitinae		gen_nov	gen_nov HN			Honduras		2007	11199	1.6.6 (Python v2.7.18)	PX592488
#5	780	TER_780_UCEDB	JA15	Termitidae	Nasutitermitinae		Nasutitermes	Nasutitermes nigriceps			Jamaica		1997	19629	1.6.6 (Python v2.7.18)	PX592489
#5	781	TER_781_UCEDB	JA51	Kalotermitidae	NA		Incisitermes	Incisitermes schwarzi			Jamaica		1997	25674	1.6.6 (Python v2.7.18)	OR665317
#5	782	TER_782_UCEDB	JA64	Termitidae	Nasutitermitinae		Nasutitermes	Nasutitermes corniger			Jamaica		1997	1448	1.6.6 (Python v2.7.18)	PX592490
#5	783	TER_783_UCEDB	JA196	Termitidae	Termitinae		Termes	Termes hispaniolae			Jamaica		1997	14175	1.6.6 (Python v2.7.18)	OR665318
#5	784	TER_784_UCEDB	JA316	Kalotermitidae	NA		Cryptotermes	Cryptotermes cryptognathus			Jamaica		1997	29865	1.6.6 (Python v2.7.18)	OR665319
#5	785	TER_785_UCEDB	JA399	Kalotermitidae	NA		Cryptotermes	Cryptotermes brevis			Jamaica		1997	1406	1.6.6 (Python v2.7.18)	OR665320
#5	786	TER_786_UCEDB	JA543	Kalotermitidae	NA		Cryptotermes	Cryptotermes hemicyclius			Jamaica		1997	5697	1.6.6 (Python v2.7.18)	OR665321
#5	787	TER_787_UCEDB	JA546	Kalotermitidae	NA		Procryptotermes	Procryptotermes edwardsi			Jamaica		1997	7440	1.6.6 (Python v2.7.18)	OR665322
#5	788	TER_788_UCEDB	JA1020	Kalotermitidae	NA		Cryptotermes	Cryptotermes dudleyi			Jamaica		2003	20092	1.6.6 (Python v2.7.18)	PX592404
#5	789	TER_789_UCEDB	JA1043	Kalotermitidae	NA		Glyptotermes	Glyptotermes liberatus			Jamaica		2008	21350	1.6.6 (Python v2.7.18)	PX592491
#5	790	TER_790_UCEDB	MS18	Kalotermitidae	NA		Incisitermes	Incisitermes incisus			Montserrat		1991	3460	1.6.6 (Python v2.7.18)	OR665323
#5	791	TER_791_UCEDB	MS21	Kalotermitidae	NA		Incisitermes	Incisitermes incisus			Montserrat		1991	1363	1.6.6 (Python v2.7.18)	OR665324
#5	792	TER_792_UCEDB	MX9	Termitidae	Amitermitinae		Gnathamitermes	Gnathamitermes sp			Mexico		1995	28156	1.6.6 (Python v2.7.18)	OR665325
#5	793	TER_793_UCEDB	MX32	Termitidae	Termitinae		Termes	Termes hispaniolae			Mexico		1997	16320	1.6.6 (Python v2.7.18)	OR665326
#5	794	TER_794_UCEDB	MX87	Termitidae	Amitermitinae		Amitermes	Amitermes beaumonti			Mexico		1994	11547	1.6.6 (Python v2.7.18)	PX592492
#5	795	TER_795_UCEDB	MX95	Heterotermitidae	NA		Heterotermes	Heterotermes aureus			Mexico		1996	14630	1.6.6 (Python v2.7.18)	OR665327
#5	796	TER_796_UCEDB	MX96	Heterotermitidae	NA		Heterotermes	Heterotermes aureus			Mexico		1996	19209	1.6.6 (Python v2.7.18)	OR665328
#5	797	TER_797_UCEDB	MX201	Termitidae	Nasutitermitinae		Nasutitermes	Nasutitermes corniger			Mexico		1997	14582	1.6.6 (Python v2.7.18)	OR665329
#5	798	TER_798_UCEDB	MX280	Termitidae	Syntermitinae		Cahuallitermes	Cahuallitermes intermedius			Mexico		2001	7447	1.6.6 (Python v2.7.18)	OR665334
#5	799	TER_799_UCEDB	MX300	Heterotermitidae	NA		Heterotermes	Heterotermes convexinotatus			Mexico		2001	34958	1.6.6 (Python v2.7.18)	OR665335
#5	800	TER_800_UCEDB	MX342	Kalotermitidae	NA		Incisitermes	Incisitermes schwarzi			Mexico		2001	11423	1.6.6 (Python v2.7.18)	OR665330
#5	801	TER_801_UCEDB	MX368	Termitidae	Microcerotermitinae		Microcerotermes	Microcerotermes septentrionalis			Mexico		2003	10145	1.6.6 (Python v2.7.18)	PX592493
#5	802	TER_802_UCEDB	MX388	Kalotermitidae	NA		Incisitermes	Incisitermes lisae			Mexico		2003	13675	1.6.6 (Python v2.7.18)	PX592405
#5	803	TER_803_UCEDB	MX414	Kalotermitidae	NA		Neotermes	Neotermes nr_phragmosus			Mexico		2003	8632	1.6.6 (Python v2.7.18)	PX592494
#5	804	TER_804_UCEDB	MX482	Termitidae	Nasutitermitinae		Parvitermes	Parvitermes yucatanus			Mexico		2003	9945	1.6.6 (Python v2.7.18)	PX592495
#5	805	TER_805_UCEDB	MX487	Kalotermitidae	NA		Cryptotermes	Cryptotermes abruptus			Mexico		2003	8581	1.6.6 (Python v2.7.18)	OR636228
#5	806	TER_806_UCEDB	MX542	Kalotermitidae	NA		Neotermes	Neotermes sp_nov_nr_phragmosus			Mexico		2003	13193	1.6.6 (Python v2.7.18)	OR636229
#5	807	TER_807_UCEDB	MX569	Termitidae	Microcerotermitinae		Microcerotermies	Microcerotermies septentrionalis			Mexico		2006	4825	1.6.6 (Python v2.7.18)	OR636230
#5	808	TER_808_UCEDB	MX572	Termitidae	Nasutitermitinae		Parvitermes	Parvitermes mexicanus			Mexico		2006	5316	1.6.6 (Python v2.7.18)	OR636231
#5	809	TER_809_UCEDB	MX582	Termitidae	Nasutitermitinae		Nasutitermes	Nasutitermes callimorphus			Mexico		2006	5175	1.6.6 (Python v2.7.18)	PX592496
#5	810	TER_810_UCEDB	MX588	Termitidae	Microcerotermitinae		Microcerotermes	Microcerotermes gracilis			Mexico		2006	1051	1.6.6 (Python v2.7.18)	OR636232
#5	811	TER_811_UCEDB	MX604	Termitidae	Nasutitermitinae		Tenuirostritermes	Tenuirostritermes incisus			Mexico		2011	16435	1.6.6 (Python v2.7.18)	PX022991
#5	812	TER_812_UCEDB	NI3	Kalotermitidae	NA		Glyptotermes	Glyptotermes contracticornis			Nicaragua		2004	4563	1.6.6 (Python v2.7.18)	PX592497
#5	813	TER_813_UCEDB	NI7	Kalotermitidae	NA		Glyptotermes	Glyptotermes sp			Nicaragua		2004	9501	1.6.6 (Python v2.7.18)	PX592498
#5	814	TER_814_UCEDB	NI483	Termitidae	Nasutitermitinae		Tenuirostritermes	Tenuirostritermes briciae			Nicaragua		2004	22893	1.6.6 (Python v2.7.18)	PX592499
#5	815	TER_815_UCEDB	NI572	Termitidae	Amitermitinae		Amitermes	Amitermes beaumonti			Nicaragua		2004	23260	1.6.6 (Python v2.7.18)	OR636233
#5	816	TER_816_UCEDB	NI801	Kalotermitidae	NA		Incisitermes	Incisitermes immigrans			Nicaragua		2004	20469	1.6.6 (Python v2.7.18)	OR636234
#5	817	TER_817_UCEDB	NI855	Termitidae	Nasutitermitinae		Tenuirostritermes	Tenuirostritermes sp			Nicaragua		2004	11909	1.6.6 (Python v2.7.18)	PX592500
#5	818	TER_818_UCEDB	NI871	Termitidae	Nasutitermitinae		Parvitermes	Parvitermes mesoamericanus			Nicaragua		2004	16838	1.6.6 (Python v2.7.18)	PX592501
#5	819	TER_819_UCEDB	NI922	Termitidae	Amitermitinae		Hoplotermes	Hoplotermes amplus			Nicaragua		2004	18493	1.6.6 (Python v2.7.18)	PX592502
#5	820	TER_820_UCEDB	PA41	Termitidae	Amitermitinae		Orthognathotermes	Orthognathotermes okeyma			Paraguay		2012	23740	1.6.6 (Python v2.7.18)	PX592503
#5	821	TER_821_UCEDB	PA64	Termitidae	Nasutitermitinae		Velocitermes	Velocitermes heteropterus			Paraguay		2012	23641	1.6.6 (Python v2.7.18)	OR636235
#5	822	TER_822_UCEDB	PA88	Kalotermitidae	NA		Tauritermes	Tauritermes sp_nov_1			Paraguay		2012	20209	1.6.6 (Python v2.7.18)	OR636236
#5	823	TER_823_UCEDB	PA89	Kalotermitidae	NA		Glyptotermes	Glyptotermes canellae			Paraguay		2012	19057	1.6.6 (Python v2.7.18)	PX592386
#5	824	TER_824_UCEDB	PA96	Kalotermitidae	NA		Rugitermes	Rugitermes sp			Paraguay		2012	21395	1.6.6 (Python v2.7.18)	OR636237
#5	825	TER_825_UCEDB	PA119	Termitidae	Syntermitinae		Procornitermes	Procornitermes lespesii			Paraguay		2012	8725	1.6.6 (Python v2.7.18)	PX592504
#5	826	TER_826_UCEDB	PA156	Termitidae	Apicotermitinae		Aparatermes	Aparatermes abbreviatus			Paraguay		2012	16557	1.6.6 (Python v2.7.18)	PX592505
#5	827	TER_827_UCEDB	PA178	Termitidae	Termitinae		Termes	Termes bolivianus			Paraguay		2012	21629	1.6.6 (Python v2.7.18)	OR636238
#5	828	TER_828_UCEDB	PA185	Termitidae	Syntermitinae		Syntermes	Syntermes obtusus			Paraguay		2012	4861	1.6.6 (Python v2.7.18)	OR636239
#5	829	TER_829_UCEDB	PA190	Termitidae	Syntermitinae		Cornitermes	Cornitermes bequaerti			Paraguay		2012	12902	1.6.6 (Python v2.7.18)	PX592506
#5	830	TER_830_UCEDB	PA203	Termitidae	Termitinae		Termes	Termes bolivianus			Paraguay		2012	23668	1.6.6 (Python v2.7.18)	OR636240
#5	831	TER_831_UCEDB	PA222	Termitidae	Nasutitermitinae		Nasutitermes	Nasutitermes sp			Paraguay		2012	10277	1.6.6 (Python v2.7.18)	OR636241
#5	832	TER_832_UCEDB	PA258	Kalotermitidae	NA		Rugitermes	Rugitermes sp			Paraguay		2012	12126	1.6.6 (Python v2.7.18)	OR636242
#5	833	TER_833_UCEDB	PA284	Termitidae	Nasutitermitinae		Convexitermes	Convexitermes convexifrons			Paraguay		2012	10717	1.6.6 (Python v2.7.18)	OR636243
#5	834	TER_834_UCEDB	PA308	Termitidae	Apicotermitinae		Mangolditermes	Mangolditermes curveileum			Paraguay		2012	6012	1.6.6 (Python v2.7.18)	PX592507
#5	835	TER_835_UCEDB	PA314	Termitidae	Apicotermitinae		Aparatermes	Aparatermes silvestrii			Paraguay		2012	10999	1.6.6 (Python v2.7.18)	PX592508
#5	836	TER_836_UCEDB	PA316	Termitidae	Apicotermitinae		Grigiotermes	Grigiotermes hageni			Paraguay		2012	13596	1.6.6 (Python v2.7.18)	PX592509
#5	837	TER_837_UCEDB	PA318	Termitidae	Nasutitermitinae		Nasutitermes	Nasutitermes corniger			Paraguay		2012	962	1.6.6 (Python v2.7.18)	OR636244
#5	838	TER_838_UCEDB	PA326	Kalotermitidae	NA		Glyptotermes	Glyptotermes hickmani			Paraguay		2012	10127	1.6.6 (Python v2.7.18)	PX592510
#5	839	TER_839_UCEDB	PA344	Termitidae	Apicotermitinae		Humutermes	Humutermes noiroti			Paraguay		2012	6700	1.6.6 (Python v2.7.18)	OR636259
#5	840	TER_840_UCEDB	PA345	Termitidae	Apicotermitinae		Aparatermes	Aparatermes sp			Paraguay		2012	10061	1.6.6 (Python v2.7.18)	OR636260
#5	841	TER_841_UCEDB	PA348	Termitidae	Nasutitermitinae		Parvitermes	Parvitermes bacchanalis			Paraguay		2012	19398	1.6.6 (Python v2.7.18)	OR636261
#5	842	TER_842_UCEDB	PA352	Termitidae	Syntermitinae		Embiratermes	Embiratermes latidens			Paraguay		2012	25887	1.6.6 (Python v2.7.18)	OR636262
#5	843	TER_843_UCEDB	PA359	Termitidae	Nasutitermitinae		Nasutitermes	Nasutitermes nordenskioldi			Paraguay		2012	4009	1.6.6 (Python v2.7.18)	OR636245
#5	844	TER_844_UCEDB	PA389	Termitidae	Apicotermitinae		Apicotermitinae	Apicotermitinae sp			Paraguay		2012	17245	1.6.6 (Python v2.7.18)	OR636246
#5	845	TER_845_UCEDB	PA395	Termitidae	Apicotermitinae		Grigiotermes	Grigiotermes sp			Paraguay		2012	8488	1.6.6 (Python v2.7.18)	PX592511
#5	846	TER_846_UCEDB	PA460	Termitidae	Syntermitinae		Labiotermes	Labiotermes orthocephalus			Paraguay		2012	15315	1.6.6 (Python v2.7.18)	OR636247
#5	847	TER_847_UCEDB	PA462	Termitidae	Syntermitinae		Labiotermes	Labiotermes laticephalus			Paraguay		2012	20769	1.6.6 (Python v2.7.18)	OR636248
#5	848	TER_848_UCEDB	PA469	Termitidae	Apicotermitinae		Ruptitermes	Ruptitermes xanthochiton			Paraguay		2012	20467	1.6.6 (Python v2.7.18)	PX592512
#5	849	TER_849_UCEDB	PA502	Termitidae	Nasutitermitinae		Nasutitermes	Nasutitermes corniger			Paraguay		2012	18975	1.6.6 (Python v2.7.18)	OR636249
#5	850	TER_850_UCEDB	PA505	Termitidae	Apicotermitinae		Aparatermes	Aparatermes abbreviatus			Paraguay		2012	25359	1.6.6 (Python v2.7.18)	OR636250
#5	851	TER_851_UCEDB	PA506	Termitidae	Apicotermitinae		Aparatermes	Aparatermes abbreviatus			Paraguay		2012	18025	1.6.6 (Python v2.7.18)	OR636251
#5	852	TER_852_UCEDB	PA517	Heterotermitidae	NA		Heterotermes	Heterotermes tenuis			Paraguay		2012	15357	1.6.6 (Python v2.7.18)	OR636252
#5	853	TER_853_UCEDB	PA529	Termitidae	Apicotermitinae		gen_nov	gen_nov AR_sp_nov			Paraguay		2012	1007	1.6.6 (Python v2.7.18)	OR636253
#5	854	TER_854_UCEDB	PA555	Termitidae	Nasutitermitinae		Diversitermes	Diversitermes castaniceps			Paraguay		2012	7997	1.6.6 (Python v2.7.18)	PX592513
#5	855	TER_855_UCEDB	PA573.1	Termitidae	Amitermitinae		Dentispicotermes	Dentispicotermes trapezia			Paraguay		2012	11550	1.6.6 (Python v2.7.18)	OR636263
#5	856	TER_856_UCEDB	PA591	Termitidae	Apicotermitinae		Aparatermes	Aparatermes abbreviatus			Paraguay		2012	18349	1.6.6 (Python v2.7.18)	OR636254
#5	857	TER_857_UCEDB	PA674	Termitidae	Syntermitinae		Procornitermes	Procornitermes triacifer			Paraguay		2012	9885	1.6.6 (Python v2.7.18)	OR636255
#5	858	TER_858_UCEDB	PA678	Termitidae	Microcerotermitinae		Onkotermes	Onkotermes corochus			Paraguay		2012	5095	1.6.6 (Python v2.7.18)	OR636256
#5	859	TER_859_UCEDB	PA707	Kalotermitidae	NA		Cryptotermes	Cryptotermes chacoensis			Paraguay		2012	9930	1.6.6 (Python v2.7.18)	PX592514
#5	860	TER_860_UCEDB	PA791	Termitidae	Syntermitinae		Rhynchotermes	Rhynchotermes nasutissimus			Paraguay		2012	9313	1.6.6 (Python v2.7.18)	PX592515
#5	861	TER_861_UCEDB	PA809	Termitidae	Amitermitinae		Amitermes	Amitermes lilloi			Paraguay		2012	22606	1.6.6 (Python v2.7.18)	PX592516
#5	862	TER_862_UCEDB	PA851	Termitidae	Syntermitinae		Procornitermes	Procornitermes lespesii			Paraguay		2012	23024	1.6.6 (Python v2.7.18)	OR636264
#5	863	TER_863_UCEDB	PA906	Termitidae	Termitinae		Termes	Termes bolivianus			Paraguay		2012	30940	1.6.6 (Python v2.7.18)	OR636257
#5	864	TER_864_UCEDB	PA944	Kalotermitidae	NA		Tauritermes	Tauritermes triceromegas			Paraguay		2012	5946	1.6.6 (Python v2.7.18)	OR636258
#5	865	TER_865_UCEDB	PA946	Heterotermitidae	NA		Heterotermes	Heterotermes lauralinearum			Paraguay		2012	25179	1.6.6 (Python v2.7.18)	PX592517
#5	866	TER_866_UCEDB	PA977	Termitidae	Termitinae		Termes	Termes bolivianus			Paraguay		2012	25573	1.6.6 (Python v2.7.18)	OR607561
#5	867	TER_867_UCEDB	PA987	Termitidae	Syntermitinae		Procornitermes	Procornitermes triacifer			Paraguay		2012	11590	1.6.6 (Python v2.7.18)	PX592518
#5	868	TER_868_UCEDB	PA1014	Termitidae	Nasutitermitinae		Cortaritermes	Cortaritermes fulviceps			Paraguay		2012	8756	1.6.6 (Python v2.7.18)	OR607562
#5	869	TER_869_UCEDB	PA1072.1	Termitidae	Apicotermitinae		gen_nov	gen_nov PA_sp_nov_2			Paraguay		2012	32844	1.6.6 (Python v2.7.18)	OR607563
#5	870	TER_870_UCEDB	PA1206	Termitidae	Nasutitermitinae		Nasutitermes	Nasutitermes aquilinus			Paraguay		2012	4582	1.6.6 (Python v2.7.18)	OR607564
#5	871	TER_871_UCEDB	PA1216	Termitidae	Apicotermitinae		gen_nov	gen_nov RE			Paraguay		2012	26757	1.6.6 (Python v2.7.18)	OR607565
#5	872	TER_872_UCEDB	PA1248	Termitidae	Nasutitermitinae		Nasutitermes	Nasutitermes aquilinus			Paraguay		2012	6158	1.6.6 (Python v2.7.18)	OR607566
#5	873	TER_873_UCEDB	PA1257	Termitidae	Apicotermitinae		Aparatermes	Aparatermes abbreviatus			Paraguay		2012	10726	1.6.6 (Python v2.7.18)	OR607567
#5	874	TER_874_UCEDB	PA1259	Termitidae	Nasutitermitinae		Nasutitermes	Nasutitermes sp			Paraguay		2012	6117	1.6.6 (Python v2.7.18)	OR607568
#5	875	TER_875_UCEDB	PE105	Kalotermitidae	NA		Cryptotermes	Cryptotermes brevis			Peru		2007	12170	1.6.6 (Python v2.7.18)	OR607569
#5	876	TER_876_UCEDB	PE144	Kalotermitidae	NA		Neotermes	Neotermes costaseca			Peru		2007	3599	1.6.6 (Python v2.7.18)	PX592406
#5	877	TER_877_UCEDB	PE147	Kalotermitidae	NA		Cryptotermes	Cryptotermes brevis			Peru		2007	8692	1.6.6 (Python v2.7.18)	OR607570
#5	878	TER_878_UCEDB	PE157	Heterotermitidae	NA		Heterotermes	Heterotermes tenuis			Peru		2007	10861	1.6.6 (Python v2.7.18)	PX592519
#5	879	TER_879_UCEDB	PE162	Termitidae	Nasutitermitinae		Nasutitermes	Nasutitermes corniger			Peru		2007	5294	1.6.6 (Python v2.7.18)	OR607571
#5	880	TER_880_UCEDB	PE170	Termitidae	Nasutitermitinae		Nasutitermes	Nasutitermes sp_nov_PE			Peru		2007	2310	1.6.6 (Python v2.7.18)	OR607572
#5	881	TER_881_UCEDB	PE171	Termitidae	Amitermitinae		Amitermes	Amitermes lunae			Peru		2009	8657	1.6.6 (Python v2.7.18)	OR607573
#5	882	TER_882_UCEDB	PN137	Termitidae	Apicotermitinae		gen_nov	gen_nov TR_sp_nov_1			Panama		2005	6302	1.6.6 (Python v2.7.18)	OR607574
#5	883	TER_883_UCEDB	PN153	Termitidae	Nasutitermitinae		Obtusitermes	Obtusitermes monomorphus			Panama		2005	2769	1.6.6 (Python v2.7.18)	OR607575
#5	884	TER_884_UCEDB	PN158	Termitidae	Syntermitinae		Rhynchotermes	Rhynchotermes perarmatus			Panama		2005	6501	1.6.6 (Python v2.7.18)	OR607576
#5	885	TER_885_UCEDB	PN166	Termitidae	Cylindrotermitinae		Cylindrotermes	Cylindrotermes macrognathus			Panama		2005	4874	1.6.6 (Python v2.7.18)	PX592520
#5	886	TER_886_UCEDB	PN181	Termitidae	Neocapritermitinae		Neocapritermes	Neocapritermes centralis			Panama		2005	19910	1.6.6 (Python v2.7.18)	OR607577
#5	887	TER_887_UCEDB	PN183	Termitidae	Nasutitermitinae		Nasutitermes	Nasutitermes glabritergus			Panama		2005	1725	1.6.6 (Python v2.7.18)	OR607578
#5	888	TER_888_UCEDB	PN208	Termitidae	Apicotermitinae		Ruptitermes	Ruptitermes sp			Panama		2005	12952	1.6.6 (Python v2.7.18)	OR607579
#5	889	TER_889_UCEDB	PN227	Termitidae	Nasutitermitinae		Nasutitermes	Nasutitermes guayanae			Panama		2005	2162	1.6.6 (Python v2.7.18)	PV608495
#5	890	TER_890_UCEDB	PN259	Kalotermitidae	NA		Glyptotermes	Glyptotermes brevicornis			Panama		2005	8231	1.6.6 (Python v2.7.18)	PX592521
#5	891	TER_891_UCEDB	PN282	Termitidae	Nasutitermitinae		Nasutitermes	Nasutitermes corniger			Panama		2005	15670	1.6.6 (Python v2.7.18)	OR607580
#5	892	TER_892_UCEDB	PN309	Termitidae	Amitermitinae		Amitermes	Amitermes beaumonti			Panama		2005	9181	1.6.6 (Python v2.7.18)	OR607581
#5	893	TER_893_UCEDB	PN313	Termitidae	Syntermitinae		Cornitermes	Cornitermes walkeri			Panama		2005	3768	1.6.6 (Python v2.7.18)	OR607582
#5	894	TER_894_UCEDB	PN356	Termitidae	Apicotermitinae		gen_nov	gen_nov PI_sp_nov			Panama		2005	11075	1.6.6 (Python v2.7.18)	PX592407
#5	895	TER_895_UCEDB	PN393	Heterotermitidae	NA		Heterotermes	Heterotermes tenuis			Panama		2005	22925	1.6.6 (Python v2.7.18)	OR607583
#5	896	TER_896_UCEDB	PN511	Termitidae	Nasutitermitinae		Nasutitermes	Nasutitermes corniger			Panama		2005	1792	1.6.6 (Python v2.7.18)	PV608496
#5	897	TER_897_UCEDB	PN538	Termitidae	Termitinae		Termes	Termes panamaensis			Panama		2005	22763	1.6.6 (Python v2.7.18)	OR607584
#5	898	TER_898_UCEDB	PN712	Kalotermitidae	NA		Calcaritermes	Calcaritermes emarginicollis			Panama		2005	11210	1.6.6 (Python v2.7.18)	PX592522
#5	899	TER_899_UCEDB	PN748	Termitidae	Apicotermitinae		gen_nov	gen_nov PR_sp_nov_3			Panama		2005	17592	1.6.6 (Python v2.7.18)	PX592523
#5	900	TER_900_UCEDB	PN788	Termitidae	Apicotermitinae		Ruptitermes	Ruptitermes reconditus			Panama		2005	20426	1.6.6 (Python v2.7.18)	OR607585
#5	901	TER_901_UCEDB	PN918	Termitidae	Microcerotermitinae		Microcerotermes	Microcerotermes sp			Panama		2010	4632	1.6.6 (Python v2.7.18)	PX592524
#5	902	TER_902_UCEDB	PN953	Termitidae	Nasutitermitinae		Nasutitermes	Nasutitermes ephratae			Panama		2010	5857	1.6.6 (Python v2.7.18)	OR607586
#5	903	TER_903_UCEDB	PN996	Kalotermitidae	NA		Calcaritermes	Calcaritermes sp_nov_PN			Panama		2010	23656	1.6.6 (Python v2.7.18)	PX592525
#5	904	TER_904_UCEDB	PN1010	Termitidae	Apicotermitinae		gen_nov	gen_nov PS			Panama		2010	25099	1.6.6 (Python v2.7.18)	PX592526
#5	905	TER_905_UCEDB	PN1019	Termitidae	Apicotermitinae		gen_nov	gen_nov SQ_sp_nov_2			Panama		2010	30469	1.6.6 (Python v2.7.18)	OR607587
#5	906	TER_906_UCEDB	PN1026	Termitidae	Microcerotermitinae		Microcerotermes	Microcerotermes sp			Panama		2010	6882	1.6.6 (Python v2.7.18)	OR607588
#5	907	TER_907_UCEDB	PN1048	Termitidae	Apicotermitinae		gen_nov	gen_nov SC			Panama		2010	16027	1.6.6 (Python v2.7.18)	PX592527
#5	908	TER_908_UCEDB	PN1063	Termitidae	Apicotermitinae		gen_nov	gen_nov SQ_sp_nov_1			Panama		2010	6084	1.6.6 (Python v2.7.18)	PX592528
#5	909	TER_909_UCEDB	PN1068	Termitidae	Microcerotermitinae		Microcerotermes	Microcerotermes sp			Panama		2010	23580	1.6.6 (Python v2.7.18)	OR607589
#5	910	TER_910_UCEDB	PN1086	Termitidae	Apicotermitinae		Ruptitermes	Ruptitermes reconditus			Panama		2010	20264	1.6.6 (Python v2.7.18)	OR607542
#5	911	TER_911_UCEDB	PN1170	Termitidae	Apicotermitinae		gen_nov	gen_nov SC			Panama		2010	25108	1.6.6 (Python v2.7.18)	PX022992
#5	912	TER_912_UCEDB	PN1182	Kalotermitidae	NA		Glyptotermes	Glyptotermes contracticornis			Panama		2010	25515	1.6.6 (Python v2.7.18)	OR607543
#5	913	TER_913_UCEDB	PN1195	Kalotermitidae	NA		Incisitermes	Incisitermes schwarzi			Panama		2010	11637	1.6.6 (Python v2.7.18)	OR607544
#5	914	TER_914_UCEDB	PN1283	Kalotermitidae	NA		Cryptotermes	Cryptotermes dudleyi			Panama		2010	38846	1.6.6 (Python v2.7.18)	PX592408
#5	915	TER_915_UCEDB	PN1289	Termitidae	Apicotermitinae		gen_nov	gen_nov SQ_sp_nov_1			Panama		2010	27572	1.6.6 (Python v2.7.18)	PX022993
#5	916	TER_916_UCEDB	PN1292	Termitidae	Microcerotermitinae		Microcerotermes	Microcerotermes sp			Panama		2010	16471	1.6.6 (Python v2.7.18)	OR607545
#5	917	TER_917_UCEDB	PN1310	Kalotermitidae	NA		gen_nov	gen_nov bilobatus			Panama		2010	25053	1.6.6 (Python v2.7.18)	PX592409
#5	918	TER_918_UCEDB	PN1315	Termitidae	Nasutitermitinae		Nasutitermes	Nasutitermes aurantius			Panama		2010	3627	1.6.6 (Python v2.7.18)	OR607546
#5	919	TER_919_UCEDB	PN1316	Termitidae	Nasutitermitinae		Nasutitermes	Nasutitermes aurantius			Panama		2010	1122	1.6.6 (Python v2.7.18)	OR607547
#5	920	TER_920_UCEDB	PN1334	Termitidae	Apicotermitinae		gen_nov	gen_nov CO			Panama		2010	25632	1.6.6 (Python v2.7.18)	PX592529
#5	921	TER_921_UCEDB	PN1354	Termitidae	Apicotermitinae		gen_nov	gen_nov CO			Panama		2010	4876	1.6.6 (Python v2.7.18)	OR607548
#5	922	TER_922_UCEDB	PN1356	Termitidae	Apicotermitinae		gen_nov	gen_nov CO			Panama		2010	23073	1.6.6 (Python v2.7.18)	PX022994
#5	923	TER_923_UCEDB	PN1371	Termitidae	Apicotermitinae		gen_nov	gen_nov SP			Panama		2010	33167	1.6.6 (Python v2.7.18)	PX592530
#5	924	TER_924_UCEDB	PN1415	Termitidae	Nasutitermitinae		Obtusitermes	Obtusitermes monomorphus			Panama		2010	563	1.6.6 (Python v2.7.18)	OR607549
#5	925	TER_925_UCEDB	PN1436	Termitidae	Syntermitinae		Cornitermes	Cornitermes walkeri			Panama		2010	4623	1.6.6 (Python v2.7.18)	OR607550
#5	926	TER_926_UCEDB	PN1444	Termitidae	Nasutitermitinae		Subulitermes	Subulitermes sp_nov			Panama		2010	8656	1.6.6 (Python v2.7.18)	OR607551
#5	927	TER_927_UCEDB	PN1449	Termitidae	Apicotermitinae		gen_nov	gen_nov RA			Panama		2010	13533	1.6.6 (Python v2.7.18)	PX592531
#5	928	TER_928_UCEDB	PN1483	Termitidae	Syntermitinae		Embiratermes	Embiratermes chagresi			Panama		2010	26176	1.6.6 (Python v2.7.18)	OR607552
#5	929	TER_929_UCEDB	PN1494	Termitidae	Nasutitermitinae		Ereymatermes	Ereymatermes panamensis			Panama		2010	25794	1.6.6 (Python v2.7.18)	PQ213042
#5	930	TER_930_UCEDB	PN1496.2	Termitidae	Nasutitermitinae		Nasutitermes	Nasutitermes ephratae			Panama		2010	14384	1.6.6 (Python v2.7.18)	OR607553
#5	931	TER_931_UCEDB	PN1499	Termitidae	Apicotermitinae		gen_nov	gen_nov SQ_sp_nov_1			Panama		2014	23063	1.6.6 (Python v2.7.18)	OR607554
#5	932	TER_932_UCEDB	PN1503	Termitidae	Apicotermitinae		gen_nov	gen_nov RA			Panama		2014	11979	1.6.6 (Python v2.7.18)	OR607555
#5	933	TER_933_UCEDB	PN1517	Termitidae	Apicotermitinae		gen_nov	gen_nov sp_nov			Panama		2014	23946	1.6.6 (Python v2.7.18)	PX592532
#5	934	TER_934_UCEDB	PN1529	Termitidae	Nasutitermitinae		Nasutitermes	Nasutitermes nr_nigriceps			Panama		2013	33317	1.6.6 (Python v2.7.18)	PX592533
#5	935	TER_935_UCEDB	PN1532	Termitidae	Microcerotermitinae		Microcerotermes	Microcerotermes sp			Panama		2011	28811	1.6.6 (Python v2.7.18)	OR607556
#5	936	TER_936_UCEDB	PR217	Kalotermitidae	NA		Cryptotermes	Cryptotermes rotundiceps			Puerto Rico	(U.S. Terr.)	1993	21386	1.6.6 (Python v2.7.18)	PX592534
#5	937	TER_937_UCEDB	PR277	Kalotermitidae	NA		Incisitermes	Incisitermes furvus			Puerto Rico	(U.S. Terr.)	1993	15356	1.6.6 (Python v2.7.18)	PX592535
#5	938	TER_938_UCEDB	PR367	Termitidae	Nasutitermitinae		Caribitermes	Caribitermes discolor			Puerto Rico	(U.S. Terr.)	2002	2645	1.6.6 (Python v2.7.18)	PX592536
#5	939	TER_939_UCEDB	PR433	Termitidae	Nasutitermitinae		Nasutitermes	Nasutitermes corniger			Puerto Rico	(U.S. Terr.)	2002	6166	1.6.6 (Python v2.7.18)	OR607557
#5	940	TER_940_UCEDB	PR465	Termitidae	Termitinae		Termes	Termes hispaniolae			Puerto Rico	(U.S. Terr.)	2002	1754	1.6.6 (Python v2.7.18)	PX592537
#5	941	TER_941_UCEDB	PR470	Termitidae	Nasutitermitinae		Parvitermes	Parvitermes wolcotti			Puerto Rico	(U.S. Terr.)	2002	10249	1.6.6 (Python v2.7.18)	PX592538
#5	942	TER_942_UCEDB	PR495	Termitidae	Nasutitermitinae		Nasutitermes	Nasutitermes acajutlae			Puerto Rico	(U.S. Terr.)	2002	19054	1.6.6 (Python v2.7.18)	OR607558
#5	943	TER_943_UCEDB	PR499	Kalotermitidae	NA		Procryptotermes	Procryptotermes corniceps			Puerto Rico	(U.S. Terr.)	2002	4455	1.6.6 (Python v2.7.18)	OR607559
#5	944	TER_944_UCEDB	PR515	Kalotermitidae	NA		Incisitermes	Incisitermes bequaerti			Puerto Rico	(U.S. Terr.)	2002	22415	1.6.6 (Python v2.7.18)	PX592539
#5	945	TER_945_UCEDB	PR612	Termitidae	Nasutitermitinae		Nasutitermes	Nasutitermes acajutlae			Puerto Rico	(U.S. Terr.)	1999	10165	1.6.6 (Python v2.7.18)	PV608497
#5	946	TER_946_UCEDB	PR842	Termitidae	Nasutitermitinae		Nasutitermes	Nasutitermes acajutlae			Puerto Rico	(U.S. Terr.)	2002	24496	1.6.6 (Python v2.7.18)	OR607531
#5	947	TER_947_UCEDB	PR973	Kalotermitidae	NA		Incisitermes	Incisitermes incisus			Puerto Rico	(U.S. Terr.)	2002	22672	1.6.6 (Python v2.7.18)	OR607532
#5	948	TER_948_UCEDB	PR1038	Kalotermitidae	NA		Cryptotermes	Cryptotermes brevis			Puerto Rico	(U.S. Terr.)	2015	3098	1.6.6 (Python v2.7.18)	OR607533
#5	949	TER_949_UCEDB	PU38	Termitidae	Nasutitermitinae		Nasutitermes	Nasutitermes corniger			Peru		2014	6635	1.6.6 (Python v2.7.18)	OR607534
#5	950	TER_950_UCEDB	PU62	Termitidae	Neocapritermitinae		Neocapritermes	Neocapritermes villosus			Peru		2014	15222	1.6.6 (Python v2.7.18)	OR607535
#5	951	TER_951_UCEDB	PU107	Termitidae	Apicotermitinae		gen_nov	gen_nov TR_sp_nov_2			Peru		2014	7351	1.6.6 (Python v2.7.18)	PX592540
#5	952	TER_952_UCEDB	PU118	Kalotermitidae	NA		Rugitermes	Rugitermes sp			Peru		2014	22342	1.6.6 (Python v2.7.18)	PX592411
#5	953	TER_953_UCEDB	PU146	Termitidae	Cylindrotermitinae		Cylindrotermes	Cylindrotermes flangiatus			Peru		2014	22252	1.6.6 (Python v2.7.18)	OR607536
#5	954	TER_954_UCEDB	PU193	Termitidae	Apicotermitinae		gen_nov	gen_nov TI			Peru		2014	22511	1.6.6 (Python v2.7.18)	OR607537
#5	955	TER_955_UCEDB	PU196	Termitidae	Nasutitermitinae		Velocitermes	Velocitermes sp			Peru		2014	20847	1.6.6 (Python v2.7.18)	OR607538
#5	956	TER_956_UCEDB	PU216	Termitidae	Nasutitermitinae		Nasutitermes	Nasutitermes callimorphus			Peru		2014	16981	1.6.6 (Python v2.7.18)	OR607539
#5	957	TER_957_UCEDB	PU222	Kalotermitidae	NA		Rugitermes	Rugitermes magninotus			Peru		2014	10373	1.6.6 (Python v2.7.18)	OR607540
#5	958	TER_958_UCEDB	PU257	Termitidae	Nasutitermitinae		Nasutitermes	Nasutitermes rotundatus			Peru		2014	836	1.6.6 (Python v2.7.18)	OR607541
#5	959	TER_959_UCEDB	PU297	Termitidae	Nasutitermitinae		Ereymatermes	Ereymatermes piquira			Peru		2014	19456	1.6.6 (Python v2.7.18)	PX592412
#5	960	TER_960_UCEDB	PU305	Termitidae	Neocapritermitinae		Neocapritermes	Neocapritermes sp			Peru		2014	20235	1.6.6 (Python v2.7.18)	OR601024
#5	961	TER_961_UCEDB	PU311	Termitidae	Syntermitinae		Uncitermes	Uncitermes almeriae			Peru		2014	19434	1.6.6 (Python v2.7.18)	OR601025
#5	962	TER_962_UCEDB	PU328	Termitidae	Nasutitermitinae		Subulitermes	Subulitermes microsoma			Peru		2014	20289	1.6.6 (Python v2.7.18)	PX592541
#5	963	TER_963_UCEDB	PU342	Termitidae	Nasutitermitinae		Coatitermes	Coatitermes sp			Peru		2014	25989	1.6.6 (Python v2.7.18)	OR601026
#5	964	TER_964_UCEDB	PU347	Termitidae	Syntermitinae		Embiratermes	Embiratermes neotenicus			Peru		2014	26975	1.6.6 (Python v2.7.18)	OR601027
#5	965	TER_965_UCEDB	PU361	Termitidae	Nasutitermitinae		Nasutitermes	Nasutitermes callimorphus			Peru		2014	12976	1.6.6 (Python v2.7.18)	OR601028
#5	966	TER_966_UCEDB	PU367	Termitidae	Nasutitermitinae		Convexitermes	Convexitermes convexifrons			Peru		2014	7516	1.6.6 (Python v2.7.18)	OR601029
#5	967	TER_967_UCEDB	PU371	Termitidae	Nasutitermitinae		Ereymatermes	Ereymatermes piquira			Peru		2014	18056	1.6.6 (Python v2.7.18)	OR601030
#5	968	TER_968_UCEDB	PU390	Termitidae	Apicotermitinae		Anoplotermes	Anoplotermes janus			Peru		2014	22581	1.6.6 (Python v2.7.18)	PX592542
#5	969	TER_969_UCEDB	PU419	Termitidae	Apicotermitinae		Anoplotermes	Anoplotermes sp_nov_2			Peru		2014	29302	1.6.6 (Python v2.7.18)	PX592543
#5	970	TER_970_UCEDB	PU444	Termitidae	Nasutitermitinae		Triangularitermes	Triangularitermes triangulariceps			Peru		2014	19283	1.6.6 (Python v2.7.18)	OR601031
#5	971	TER_971_UCEDB	PU457	Termitidae	Apicotermitinae		gen_nov	gen_nov SP			Peru		2014	26430	1.6.6 (Python v2.7.18)	PX592544
#5	972	TER_972_UCEDB	PU458	Termitidae	Syntermitinae		Cornitermes	Cornitermes bolivianus			Peru		2014	26828	1.6.6 (Python v2.7.18)	OR601032
#5	973	TER_973_UCEDB	PU505	Termitidae	Apicotermitinae		Disjunctitermes	Disjunctitermes insularis			Peru		2014	21851	1.6.6 (Python v2.7.18)	OR601034
#5	974	TER_974_UCEDB	PU537	Kalotermitidae	NA		Calcaritermes	Calcaritermes temnocephalus			Peru		2014	26570	1.6.6 (Python v2.7.18)	PX592545
#5	975	TER_975_UCEDB	PU606	Termitidae	Apicotermitinae		Anoplotermes	Anoplotermes parvus			Peru		2014	8969	1.6.6 (Python v2.7.18)	OR601018
#5	976	TER_976_UCEDB	PU629	Termitidae	Microcerotermitinae		Microcerotermes	Microcerotermes arboreus			Peru		2014	13741	1.6.6 (Python v2.7.18)	OR601019
#5	977	TER_977_UCEDB	PU648	Termitidae	Termitinae		Termes	Termes sp			Peru		2014	16066	1.6.6 (Python v2.7.18)	PX592413
#5	978	TER_978_UCEDB	PU660	Termitidae	Amitermitinae		Orthognathotermes	Orthognathotermes aduncus			Peru		2014	12113	1.6.6 (Python v2.7.18)	OR601020
#5	979	TER_979_UCEDB	PU670	Termitidae	Nasutitermitinae		Coatitermes	Coatitermes kartaboensis			Peru		2014	6592	1.6.6 (Python v2.7.18)	OR601021
#5	980	TER_980_UCEDB	PU683	Termitidae	Nasutitermitinae		Angularitermes	Angularitermes pinocchio			Peru		2014	9609	1.6.6 (Python v2.7.18)	OR601022
#5	981	TER_981_UCEDB	PU688	Termitidae	Apicotermitinae		gen_nov	gen_nov CA_sp_nov_1			Peru		2014	18606	1.6.6 (Python v2.7.18)	OR601009
#5	982	TER_982_UCEDB	PU721	Termitidae	Syntermitinae		Labiotermes	Labiotermes labralis			Peru		2014	21640	1.6.6 (Python v2.7.18)	PX592546
#5	983	TER_983_UCEDB	PU724	Termitidae	Nasutitermitinae		Nasutitermes	Nasutitermes macrocephalus			Peru		2014	16015	1.6.6 (Python v2.7.18)	OR601010
#5	984	TER_984_UCEDB	PU726	Termitidae	Neocapritermitinae		Neocapritermes	Neocapritermes talpa			Peru		2014	10697	1.6.6 (Python v2.7.18)	PX592547
#5	985	TER_985_UCEDB	PU744	Termitidae	Apicotermitinae		gen_nov	gen_nov PA_sp_nov_2			Peru		2014	36065	1.6.6 (Python v2.7.18)	OR601013
#5	986	TER_986_UCEDB	PU766	Termitidae	Nasutitermitinae		Nasutitermes	Nasutitermes corniger			Peru		2014	14964	1.6.6 (Python v2.7.18)	OR601014
#5	987	TER_987_UCEDB	PU783	Termitidae	Apicotermitinae		gen_nov	gen_nov TR_sp_nov_1			Peru		2014	9090	1.6.6 (Python v2.7.18)	OR601015
#5	988	TER_988_UCEDB	PU787	Termitidae	Nasutitermitinae		Nasutitermes	Nasutitermes surinamensis			Peru		2014	11800	1.6.6 (Python v2.7.18)	OR601016
#5	989	TER_989_UCEDB	PU833	Termitidae	Syntermitinae		Embiratermes	Embiratermes neotenicus			Peru		2014	19719	1.6.6 (Python v2.7.18)	PX592548
#5	990	TER_990_UCEDB	PU843	Termitidae	Nasutitermitinae		Nasutitermes	Nasutitermes guayanae			Peru		2014	12562	1.6.6 (Python v2.7.18)	PV158741
#5	991	TER_991_UCEDB	PU855	Termitidae	Neocapritermitinae		Neocapritermes	Neocapritermes utiariti			Peru		2014	18589	1.6.6 (Python v2.7.18)	PV158742
#5	992	TER_992_UCEDB	PU871	Termitidae	Nasutitermitinae		Atlantitermes	Atlantitermes sp			Peru		2014	17776	1.6.6 (Python v2.7.18)	PX592550
#5	993	TER_993_UCEDB	PU872	Termitidae	Nasutitermitinae		Atlantitermes	Atlantitermes nr_oculatissimus			Peru		2014	15182	1.6.6 (Python v2.7.18)	PX592551
#5	994	TER_994_UCEDB	PU882	Kalotermitidae	NA		Rugitermes	Rugitermes sp_nov_nr_bicolor			Peru		2014	7642	1.6.6 (Python v2.7.18)	PV158743
#5	995	TER_995_UCEDB	PU906	Termitidae	Syntermitinae		Embiratermes	Embiratermes spissus			Peru		2014	20798	1.6.6 (Python v2.7.18)	PX592552
#5	996	TER_996_UCEDB	PU916	Termitidae	Nasutitermitinae		Subulitermes	Subulitermes nr_microsoma			Peru		2014	14472	1.6.6 (Python v2.7.18)	PV158744
#5	997	TER_997_UCEDB	PU1016	Kalotermitidae	NA		Rugitermes	Rugitermes sp			Peru		2014	15859	1.6.6 (Python v2.7.18)	PV158745
#5	998	TER_998_UCEDB	PU1019	Kalotermitidae	NA		Neotermes	Neotermes costaseca			Peru		2014	17508	1.6.6 (Python v2.7.18)	PV158746
#5	999	TER_999_UCEDB	PU1020	Kalotermitidae	NA		Cryptotermes	Cryptotermes brevis			Peru		2014	17024	1.6.6 (Python v2.7.18)	PV158747
#5	1000	TER_1000_UCEDB	PU1090	Termitidae	Apicotermitinae		gen_nov	gen_nov PA			Peru		2015	1655	1.6.6 (Python v2.7.18)	PX592554
#5	1001	TER_1001_UCEDB	SA1	Kalotermitidae	NA		Rugitermes	Rugitermes sp			Bolivia		1986	4881	1.6.6 (Python v2.7.18)	PX592555
#5	1002	TER_1002_UCEDB	SA5	Termitidae	Nasutitermitinae		Cortaritermes	Cortaritermes sp			Bolivia		1996	19917	1.6.6 (Python v2.7.18)	PV158748
#5	1003	TER_1003_UCEDB	SA87	Termitidae	Nasutitermitinae		Nasutitermes	Nasutitermes corniger			Bolivia		1997	2900	1.6.6 (Python v2.7.18)	PX592556
#5	1004	TER_1004_UCEDB	SA108	Termitidae	Syntermitinae		Syntermes	Syntermes molestus			Venezuela		1998	5816	1.6.6 (Python v2.7.18)	PV158749
#5	1005	TER_1005_UCEDB	SA114	Termitidae	Nasutitermitinae		Velocitermes	Velocitermes sp			Venezuela		1982	2100	1.6.6 (Python v2.7.18)	PX592557
#5	1006	TER_1006_UCEDB	SA157	Termitidae	Syntermitinae		Syntermes	Syntermes spinosus			Bolivia		1997	5418	1.6.6 (Python v2.7.18)	PV158751
#5	1007	TER_1007_UCEDB	SA203	Rhinotermitidae	NA		Rhinotermes	Rhinotermes hispidus			Venezuela		1999	11099	1.6.6 (Python v2.7.18)	PX592558
#5	1008	TER_1008_UCEDB	SA216	Kalotermitidae	NA		Cryptotermes	Cryptotermes nr_domesticus			Ecuador		2001	37770	1.6.6 (Python v2.7.18)	PV158752
#5	1009	TER_1009_UCEDB	SA220	Termitidae	Nasutitermitinae		Nasutitermes	Nasutitermes corniger			Venezuela		2001	4553	1.6.6 (Python v2.7.18)	PV158753
#5	1010	TER_1010_UCEDB	SA252	Termitidae	Apicotermitinae		Aparatermes	Aparatermes cingulatus			Uruguay		2003	4240	1.6.6 (Python v2.7.18)	PV158754
#5	1011	TER_1011_UCEDB	SA263	Heterotermitidae	NA		Heterotermes	Heterotermes crinitus			Peru		2004	37262	1.6.6 (Python v2.7.18)	PV158755
#5	1012	TER_1012_UCEDB	SA268	Heterotermitidae	NA		Heterotermes	Heterotermes convexinotatus			Venezuela		2004	28296	1.6.6 (Python v2.7.18)	PX592559
#5	1013	TER_1013_UCEDB	SA299	Termitidae	Cylindrotermitinae		Cylindrotermes	Cylindrotermes parvignathus			Venezuela		2004	17506	1.6.6 (Python v2.7.18)	PX592560
#5	1014	TER_1014_UCEDB	SA333	Termitidae	Nasutitermitinae		Velocitermes	Velocitermes sp			Venezuela		2004	8258	1.6.6 (Python v2.7.18)	PX592561
#5	1015	TER_1015_UCEDB	SA354	Termitidae	Nasutitermitinae		Nasutitermes	Nasutitermes ephratae			Venezuela		2005	1240	1.6.6 (Python v2.7.18)	PV158756
#5	1016	TER_1016_UCEDB	SA361	Termitidae	Nasutitermitinae		Velocitermes	Velocitermes sp			Venezuela		2005	8908	1.6.6 (Python v2.7.18)	PV158757
#5	1017	TER_1017_UCEDB	SA362	Termitidae	Syntermitinae		Cornitermes	Cornitermes cumulans			Paraguay		2006	7727	1.6.6 (Python v2.7.18)	PV158758
#5	1018	TER_1018_UCEDB	SKN38	Termitidae	Termitinae		Termes	Termes hispaniolae			St Kitts-Nevis		1997	21840	1.6.6 (Python v2.7.18)	PV158759
#5	1019	TER_1019_UCEDB	SKN239	Kalotermitidae	NA		Cryptotermes	Cryptotermes brevis			St Kitts-Nevis		1997	1982	1.6.6 (Python v2.7.18)	PV158760
#5	1020	TER_1020_UCEDB	STL37	Heterotermitidae	NA		Heterotermes	Heterotermes tenuis			St. Lucia		1998	31495	1.6.6 (Python v2.7.18)	PX592563
#5	1021	TER_1021_UCEDB	STL65	Kalotermitidae	NA		Cryptotermes	Cryptotermes darlingtonae			St. Lucia		1998	22123	1.6.6 (Python v2.7.18)	PV158763
#5	1022	TER_1022_UCEDB	STL66	Kalotermitidae	NA		Glyptotermes	Glyptotermes n_sp_nr_adamsoni			St. Lucia		1998	21505	1.6.6 (Python v2.7.18)	PX592562
#5	1023	TER_1023_UCEDB	STL175	Termitidae	Nasutitermitinae		Nasutitermes	Nasutitermes corniger			St. Lucia		1998	5929	1.6.6 (Python v2.7.18)	PV158764
#5	1024	TER_1024_UCEDB	STL240	Termitidae	Termitinae		Termes	Termes hispaniolae			St. Lucia		1998	22704	1.6.6 (Python v2.7.18)	PV158765
#5	1025	TER_1025_UCEDB	STL327	Kalotermitidae	NA		Glyptotermes	Glyptotermes tuberifer			St. Lucia		1998	27706	1.6.6 (Python v2.7.18)	PV158762
#5	1026	TER_1026_UCEDB	STL375	Kalotermitidae	NA		Cryptotermes	Cryptotermes havilandi			St. Lucia		1998	2083	1.6.6 (Python v2.7.18)	PX592564
#5	1027	TER_1027_UCEDB	STL417	Kalotermitidae	NA		Glyptotermes	Glyptotermes amplus			St. Lucia		1998	4173	1.6.6 (Python v2.7.18)	PX592565
#5	1028	TER_1028_UCEDB	STV30	Heterotermitidae	NA		Heterotermes	Heterotermes tenuis			St. Vincent		1998	27086	1.6.6 (Python v2.7.18)	PV158766
#5	1029	TER_1029_UCEDB	STV56	Kalotermitidae	NA		Glyptotermes	Glyptotermes tuberifer			St. Vincent		1998	507	1.6.6 (Python v2.7.18)	PX592566
#5	1030	TER_1030_UCEDB	STV100	Kalotermitidae	NA		Calcaritermes	Calcaritermes nigriceps			St. Vincent		1998	11357	1.6.6 (Python v2.7.18)	PV158767
#5	1031	TER_1031_UCEDB	STV156	Termitidae	Nasutitermitinae		Nasutitermes	Nasutitermes corniger			St. Vincent		1996	3746	1.6.6 (Python v2.7.18)	PV158768
#5	1032	TER_1032_UCEDB	TC156	Kalotermitidae	NA		Incisitermes	Incisitermes bequaerti			Turks & Caicos		2001	15791	1.6.6 (Python v2.7.18)	PV158769
#5	1033	TER_1033_UCEDB	TC262	Kalotermitidae	NA		Neotermes	Neotermes castaneus			Turks & Caicos		2001	12042	1.6.6 (Python v2.7.18)	PV158770
#5	1034	TER_1034_UCEDB	TC280	Termitidae	Nasutitermitinae		Nasutitermes	Nasutitermes corniger			Turks & Caicos		2001	3951	1.6.6 (Python v2.7.18)	PX592567
#5	1035	TER_1035_UCEDB	TC334	Kalotermitidae	NA		Cryptotermes	Cryptotermes brevis			Turks & Caicos		2001	34432	1.6.6 (Python v2.7.18)	PV158771
#5	1036	TER_1036_UCEDB	TC422	Heterotermitidae	NA		Heterotermes	Heterotermes cardini			Turks & Caicos		2001	29461	1.6.6 (Python v2.7.18)	PX592568
#5	1037	TER_1037_UCEDB	TC435	Kalotermitidae	NA		Neotermes	Neotermes mona			Turks & Caicos		2001	283	1.6.6 (Python v2.7.18)	PX592569
#5	1038	TER_1038_UCEDB	TC512	Kalotermitidae	NA		Neotermes	Neotermes luykxi			Turks & Caicos		2001	10561	1.6.6 (Python v2.7.18)	PV158772
#5	1039	TER_1039_UCEDB	TT233	Termitidae	Nasutitermitinae		Subulitermes	Subulitermes baileyi			Trinidad and Tobago		1996	3643	1.6.6 (Python v2.7.18)	PX592570
#5	1040	TER_1040_UCEDB	TT319	Kalotermitidae	NA		Cryptotermes	Cryptotermes aequacornis			Trinidad and Tobago		1996	6539	1.6.6 (Python v2.7.18)	PX592572
#5	1041	TER_1041_UCEDB	TT372	Termitidae	Nasutitermitinae		Araujotermes	Araujotermes sp			Trinidad and Tobago		1996	3867	1.6.6 (Python v2.7.18)	PV022511
#5	1042	TER_1042_UCEDB	TT504.4	Termitidae	Apicotermitinae		Grigiotermes	Grigiotermes hageni			Trinidad and Tobago		1996	7144	1.6.6 (Python v2.7.18)	PX592573
#5	1043	TER_1043_UCEDB	TT508	Termitidae	Apicotermitinae		gen_nov	gen_nov sp_nov			Trinidad and Tobago		1996	10482	1.6.6 (Python v2.7.18)	PX592574
#5	1044	TER_1044_UCEDB	TT1006	Termitidae	Nasutitermitinae		Nasutitermes	Nasutitermes nigriceps			Trinidad and Tobago		1990	1030	1.6.6 (Python v2.7.18)	PV022513
#5	1045	TER_1045_UCEDB	TT1080	Kalotermitidae	NA		Cryptotermes	Cryptotermes brevis			Trinidad and Tobago		1999	35119	1.6.6 (Python v2.7.18)	PV022514
#5	1046	TER_1046_UCEDB	TT1189	Termitidae	Nasutitermitinae		Convexitermes	Convexitermes convexifrons			Trinidad and Tobago		2003	20091	1.6.6 (Python v2.7.18)	PX592575
#5	1047	TER_1047_UCEDB	TT1220	Termitidae	Nasutitermitinae		Obtusitermes	Obtusitermes formosulus			Trinidad and Tobago		2003	4262	1.6.6 (Python v2.7.18)	PQ558610
#5	1048	TER_1048_UCEDB	TT1251	Heterotermitidae	NA		Heterotermes	Heterotermes tenuis			Trinidad and Tobago		2003	23416	1.6.6 (Python v2.7.18)	PV022516
#5	1049	TER_1049_UCEDB	TT1348.1	Termitidae	Termitinae		Termes	Termes fatalis			Trinidad and Tobago		2003	22078	1.6.6 (Python v2.7.18)	PV946941
#5	1050	TER_1050_UCEDB	TT1360	Termitidae	Apicotermitinae		gen_nov	gen_nov CO			Trinidad and Tobago		2003	26248	1.6.6 (Python v2.7.18)	PX592576
#5	1051	TER_1051_UCEDB	TT1365	Termitidae	Nasutitermitinae		Nasutitermes	Nasutitermes ephratae			Trinidad and Tobago		2003	9942	1.6.6 (Python v2.7.18)	PX592577
#5	1052	TER_1052_UCEDB	TT1428	Kalotermitidae	NA		Glyptotermes	Glyptotermes parvoculatus			Trinidad and Tobago		2003	14098	1.6.6 (Python v2.7.18)	PX592578
#5	1053	TER_1053_UCEDB	TT1458	Termitidae	Nasutitermitinae		Nasutitermes	Nasutitermes acajutlae			Trinidad and Tobago		2003	8359	1.6.6 (Python v2.7.18)	PX592579
#5	1054	TER_1054_UCEDB	TT1614	Termitidae	Apicotermitinae		Rustitermes	Rustitermes boteroi			Trinidad and Tobago		2003	21416	1.6.6 (Python v2.7.18)	PX592580
#5	1055	TER_1055_UCEDB	TT1615	Termitidae	Apicotermitinae		gen_nov	gen_nov PR			Trinidad and Tobago		2003	12930	1.6.6 (Python v2.7.18)	PX592581
#5	1056	TER_1056_UCEDB	TT1677	Termitidae	Termitinae		Termes	Termes hispaniolae			Trinidad and Tobago		2003	21160	1.6.6 (Python v2.7.18)	PX592582
#5	1057	TER_1057_UCEDB	TT1686	Kalotermitidae	NA		Neotermes	Neotermes n_sp			Trinidad and Tobago		2003	7767	1.6.6 (Python v2.7.18)	PX592583
#5	1058	TER_1058_UCEDB	TT1765	Kalotermitidae	NA		Cryptotermes	Cryptotermes dudleyi			Trinidad and Tobago		2003	6177	1.6.6 (Python v2.7.18)	PX592584
#5	1059	TER_1059_UCEDB	TT1858	Termitidae	Apicotermitinae		gen_nov	gen_nov TS_sp_nov_2			Trinidad and Tobago		2003	18466	1.6.6 (Python v2.7.18)	PV022517
#5	1060	TER_1060_UCEDB	TT2046	Kalotermitidae	NA		Calcaritermes	Calcaritermes nigriceps			Trinidad and Tobago		2003	34943	1.6.6 (Python v2.7.18)	PX592585
#5	1061	TER_1061_UCEDB	TT2059	Termitidae	Syntermitinae		Labiotermes	Labiotermes labralis			Trinidad and Tobago		2003	19819	1.6.6 (Python v2.7.18)	PX592586
#5	1062	TER_1062_UCEDB	TT2068	Termitidae	Nasutitermitinae		Agnathotermes	Agnathotermes glaber			Trinidad and Tobago		2003	15770	1.6.6 (Python v2.7.18)	PX592587
#5	1063	TER_1063_UCEDB	TT2110	Termitidae	Nasutitermitinae		Araujotermes	Araujotermes parvellus			Trinidad and Tobago		2003	12161	1.6.6 (Python v2.7.18)	PQ213044
#5	1064	TER_1064_UCEDB	TT2172	Termitidae	Nasutitermitinae		Araujotermes	Araujotermes sp			Trinidad and Tobago		2012	18123	1.6.6 (Python v2.7.18)	PV022519
#5	1065	TER_1065_UCEDB	TT2204	Termitidae	Nasutitermitinae		Araujotermes	Araujotermes sp			Trinidad and Tobago		2012	17075	1.6.6 (Python v2.7.18)	PX592589
#5	1066	TER_1066_UCEDB	US10	Termitidae	Amitermitinae		Gnathamitermes	Gnathamitermes perplexus			United States	Cochise	1997	27892	1.6.6 (Python v2.7.18)	PX592590
#5	1067	TER_1067_UCEDB	US10/US11	Termitidae	Nasutitermitinae		Tenuirostritermes	Tenuirostritermes tenuirostris			United States	Cochise	1997	14475	1.6.6 (Python v2.7.18)	PX592591
#5	1068	TER_1068_UCEDB	US43	Heterotermitidae	NA		Reticulitermes	Reticulitermes sp			United States	Hudspeth	1989	28419	1.6.6 (Python v2.7.18)	PV022520
#5	1069	TER_1069_UCEDB	US72	Heterotermitidae	NA		Reticulitermes	Reticulitermes hesperus			United States		1993	39254	1.6.6 (Python v2.7.18)	PV022522
#5	1070	TER_1070_UCEDB	US84	Termitidae	Amitermitinae		Amitermes	Amitermes emersoni			United States	Riverside	1987	2127	1.6.6 (Python v2.7.18)	PX592592
#5	1071	TER_1071_UCEDB	US96	Termitidae	Amitermitinae		Gnathamitermes	Gnathamitermes perplexus			United States	Pima	1996	24459	1.6.6 (Python v2.7.18)	PV022523
#5	1072	TER_1072_UCEDB	US150	Heterotermitidae	NA		Reticulitermes	Reticulitermes hesperus			United States	San Bernardino	1978	24273	1.6.6 (Python v2.7.18)	PX592593
#5	1073	TER_1073_UCEDB	US291	Kalotermitidae	NA		Kalotermes	Kalotermes approximatus			United States		1999	30123	1.6.6 (Python v2.7.18)	PX592595
#5	1074	TER_1074_UCEDB	US400	Heterotermitidae	NA		Reticulitermes	Reticulitermes flavipes			United States		1999	17084	1.6.6 (Python v2.7.18)	PX592596
#5	1075	TER_1075_UCEDB	US520	Heterotermitidae	NA		Reticulitermes	Reticulitermes tibialis			United States	El Paso	2001	25151	1.6.6 (Python v2.7.18)	PV022524
#5	1076	TER_1076_UCEDB	US537	Termitidae	Amitermitinae		Gnathamitermes	Gnathamitermes sp			United States		2002	18424	1.6.6 (Python v2.7.18)	PV022525
#5	1077	TER_1077_UCEDB	US630	Heterotermitidae	NA		Heterotermes	Heterotermes aureus			United States		2005	26244	1.6.6 (Python v2.7.18)	PX592598
#5	1078	TER_1078_UCEDB	US647	Kalotermitidae	NA		Marginitermes	Marginitermes hubbardi			United States		2005	4895	1.6.6 (Python v2.7.18)	PX592599
#5	1079	TER_1079_UCEDB	US748	Heterotermitidae	NA		Heterotermes	Heterotermes aureus			United States		2005	25535	1.6.6 (Python v2.7.18)	PX592600
#5	1080	TER_1080_UCEDB	US1005	Termitidae	Amitermitinae		Gnathamitermes	Gnathamitermes sp_nov			United States	Hidalgo	2007	33760	1.6.6 (Python v2.7.18)	PV022526
#5	1081	TER_1081_UCEDB	US1214.2	Termitidae	Amitermitinae		Gnathamitermes	Gnathamitermes sp			United States		2008	24051	1.6.6 (Python v2.7.18)	PX592601
#5	1082	TER_1082_UCEDB	US1221.2	Termitidae	Amitermitinae		Gnathamitermes	Gnathamitermes sp			United States		2008	29556	1.6.6 (Python v2.7.18)	PV022528
#5	1083	TER_1083_UCEDB	US1230	Heterotermitidae	NA		Reticulitermes	Reticulitermes tibialis			United States		2008	38333	1.6.6 (Python v2.7.18)	PV022529
#5	1084	TER_1084_UCEDB	US1245	Termitidae	Amitermitinae		Amitermes	Amitermes californicus			United States		2008	13377	1.6.6 (Python v2.7.18)	PV022530
#5	1085	TER_1085_UCEDB	US1262.1	Termitidae	Amitermitinae		Gnathamitermes	Gnathamitermes sp_nov			United States		2008	19895	1.6.6 (Python v2.7.18)	PX592603
#5	1086	TER_1086_UCEDB	US1308	Termitidae	Amitermitinae		Amitermes	Amitermes californicus			United States		2008	24196	1.6.6 (Python v2.7.18)	PV022531
#5	1087	TER_1087_UCEDB	US1365.1	Termitidae	Amitermitinae		Gnathamitermes	Gnathamitermes sp_nov			United States		2008	17773	1.6.6 (Python v2.7.18)	PV022532
#5	1088	TER_1088_UCEDB	US1385.1	Termitidae	Amitermitinae		Gnathamitermes	Gnathamitermes sp_nov			United States		2008	28176	1.6.6 (Python v2.7.18)	PV022533
#5	1089	TER_1089_UCEDB	US1401.2	Termitidae	Amitermitinae		Gnathamitermes	Gnathamitermes sp_nov			United States		2008	26664	1.6.6 (Python v2.7.18)	PV022534
#5	1090	TER_1090_UCEDB	US1402	Termitidae	Amitermitinae		Amitermes	Amitermes emersoni			United States		2008	31556	1.6.6 (Python v2.7.18)	PV022535
#5	1091	TER_1091_UCEDB	US1413	Termitidae	Amitermitinae		Gnathamitermes	Gnathamitermes sp			United States		2009	1103	1.6.6 (Python v2.7.18)	PX592604
#5	1092	TER_1092_UCEDB	US1484	Termitidae	Amitermitinae		Gnathamitermes	Gnathamitermes sp_nov			United States		2009	35011	1.6.6 (Python v2.7.18)	PV022536
#5	1093	TER_1093_UCEDB	US1582	Termitidae	Amitermitinae		Gnathamitermes	Gnathamitermes sp_nov			United States	San Bernardino 	2010	7882	1.6.6 (Python v2.7.18)	PX592605
#5	1094	TER_1094_UCEDB	VI191	Termitidae	Nasutitermitinae		Nasutitermes	Nasutitermes corniger			British Virgin Islands		2000	1974	1.6.6 (Python v2.7.18)	PX592606
#5	1095	TER_1095_UCEDB	VI411	Termitidae	Nasutitermitinae		Parvitermes	Parvitermes wolcotti			British Virgin Islands		2000	3804	1.6.6 (Python v2.7.18)	PX592607
#5	1096	TER_1096_UCEDB	VI480	Kalotermitidae	NA		Cryptotermes	Cryptotermes havilandi			British Virgin Islands		2000	27	1.6.6 (Python v2.7.18)	PX592608
#5	1097	TER_1097_UCEDB	VI505	Termitidae	Nasutitermitinae		Nasutitermes	Nasutitermes corniger			British Virgin Islands		1992	3906	1.6.6 (Python v2.7.18)	PV022537
#5	1098	TER_1098_UCEDB	VI530	Termitidae	Nasutitermitinae		Nasutitermes	Nasutitermes acajutlae			British Virgin Islands		2011	9597	1.6.6 (Python v2.7.18)	PV022538
#5	1099	TER_1099_UCEDB	VZ8	Termitidae	Nasutitermitinae		Tenuirostritermes	Tenuirostritermes nr_briciae			Venezuela		2007	11284	1.6.6 (Python v2.7.18)	PX592609
#5	1100	TER_1100_UCEDB	VZ17.1	Kalotermitidae	NA		Cryptotermes	Cryptotermes aequacornis			Venezuela		2007	4805	1.6.6 (Python v2.7.18)	PX592610
#5	1101	TER_1101_UCEDB	VZ43.1	Termitidae	Apicotermitinae		gen_nov	gen_nov SQ_sp_nov_1			Venezuela		2007	10419	1.6.6 (Python v2.7.18)	PX592612
#5	1102	TER_1102_UCEDB	VZ50	Termitidae	Nasutitermitinae		Nasutitermes	Nasutitermes guayanae			Venezuela		2007	4184	1.6.6 (Python v2.7.18)	PX592388
#5	1103	TER_1103_UCEDB	VZ66.1	Termitidae	Apicotermitinae		Grigiotermes	Grigiotermes hageni			Venezuela		2007	13560	1.6.6 (Python v2.7.18)	PX592613
#5	1104	TER_1104_UCEDB	VZ120	Kalotermitidae	NA		Cryptotermes	Cryptotermes cylindroceps			Venezuela		2007	8054	1.6.6 (Python v2.7.18)	PV022539
#5	1105	TER_1105_UCEDB	VZ197.1	Termitidae	Apicotermitinae		gen_nov	gen_nov CO			Venezuela		2007	24696	1.6.6 (Python v2.7.18)	PV022540
#5	1106	TER_1106_UCEDB	VZ218	Termitidae	Apicotermitinae		gen_nov	gen_nov PO			Venezuela		2007	27842	1.6.6 (Python v2.7.18)	PV022541
#5	1107	TER_1107_UCEDB	VZ243	Kalotermitidae	NA		Incisitermes	Incisitermes mariae			Venezuela		2007	15686	1.6.6 (Python v2.7.18)	PX592614
#5	1108	TER_1108_UCEDB	VZ298	Termitidae	Nasutitermitinae		Nasutitermes	Nasutitermes nr_guayanae			Venezuela		2007	2864	1.6.6 (Python v2.7.18)	PX592615
#5	1109	TER_1109_UCEDB	VZ303	Termitidae	Apicotermitinae		gen_nov	gen_nov sp_nov			Venezuela		2007	10116	1.6.6 (Python v2.7.18)	PX592616
#5	1110	TER_1110_UCEDB	VZ335	Termitidae	Microcerotermitinae		Microcerotermes	Microcerotermes arboreus			Venezuela		2007	10493	1.6.6 (Python v2.7.18)	PV022542
#5	1111	TER_1111_UCEDB	VZ345	Termitidae	Nasutitermitinae		Nasutitermes	Nasutitermes corniger			Venezuela		2007	4826	1.6.6 (Python v2.7.18)	PV022543
#5	1112	TER_1112_UCEDB	VZ355/VZ355.1	Termitidae	Apicotermitinae		gen_nov	gen_nov SQ_sp_nov_1			Venezuela		NA	22780	1.6.6 (Python v2.7.18)	PX592618
#5	1113	TER_1113_UCEDB	VZ387	Kalotermitidae	NA		Rugitermes	Rugitermes bicolor			Venezuela		2007	17748	1.6.6 (Python v2.7.18)	PV022544
#5	1114	TER_1114_UCEDB	VZ392	Termitidae	Apicotermitinae		gen_nov	gen_nov PS			Venezuela		2007	14095	1.6.6 (Python v2.7.18)	PV022545
#5	1115	TER_1115_UCEDB	VZ413	Kalotermitidae	NA		Glyptotermes	Glyptotermes sp_nov			Venezuela		NA	9978	1.6.6 (Python v2.7.18)	PX592620
#5	1116	TER_1116_UCEDB	VZ465	Termitidae	Nasutitermitinae		Subulitermes	Subulitermes baileyi			Venezuela		2008	3567	1.6.6 (Python v2.7.18)	PX592621
#5	1117	TER_1117_UCEDB	VZ474	Kalotermitidae	NA		Neotermes	Neotermes sp_nov_1			Venezuela		2008	4858	1.6.6 (Python v2.7.18)	PV022546
#5	1118	TER_1118_UCEDB	VZ491	Termitidae	Microcerotermitinae		Microcerotermes	Microcerotermes sp			Venezuela		2008	16192	1.6.6 (Python v2.7.18)	PX592622
#5	1119	TER_1119_UCEDB	VZ494	Termitidae	Nasutitermitinae		Nasutitermes	Nasutitermes callimorphus			Venezuela		2008	5915	1.6.6 (Python v2.7.18)	PV032240
#5	1120	TER_1120_UCEDB	VZ497	Kalotermitidae	NA		Cryptotermes	Cryptotermes cylindroceps			Venezuela		2008	2313	1.6.6 (Python v2.7.18)	PV032241
#5	1121	TER_1121_UCEDB	VZ509	Termitidae	Nasutitermitinae		Nasutitermes	Nasutitermes nr_nigriceps			Venezuela		2008	13671	1.6.6 (Python v2.7.18)	PV032242
#5	1122	TER_1122_UCEDB	VZ578	Kalotermitidae	NA		Neotermes	Neotermes sp_nov_2			Venezuela		2008	14887	1.6.6 (Python v2.7.18)	PX592624
#5	1123	TER_1123_UCEDB	VZ646	Termitidae	Nasutitermitinae		Subulitermes	Subulitermes baileyi			Venezuela		2008	4733	1.6.6 (Python v2.7.18)	PQ213045
#5	1124	TER_1124_UCEDB	VZ659	Termitidae	Microcerotermitinae		Microcerotermes	Microcerotermes arboreus			Venezuela		2008	1937	1.6.6 (Python v2.7.18)	PX592625
#5	1125	TER_1125_UCEDB	VZ725	Termitidae	Amitermitinae		Amitermes	Amitermes amicki			Venezuela		2008	2347	1.6.6 (Python v2.7.18)	PX592626
#5	1126	TER_1126_UCEDB	VZ780	Termitidae	Amitermitinae		Amitermes	Amitermes foreli			Venezuela		2008	5525	1.6.6 (Python v2.7.18)	PX592627
#5	1127	TER_1127_UCEDB	VZ796	Termitidae	Apicotermitinae		Ruptitermes	Ruptitermes franciscoi			Venezuela		2008	6447	1.6.6 (Python v2.7.18)	PX592628
#5	1128	TER_1128_UCEDB	VZ819	Termitidae	Nasutitermitinae		Nasutitermes	Nasutitermes nr_nigriceps			Venezuela		2008	15303	1.6.6 (Python v2.7.18)	PX592630
#5	1129	TER_1129_UCEDB	VZ919	Termitidae	Nasutitermitinae		Obtusitermes	Obtusitermes formosulus			Venezuela		2008	887	1.6.6 (Python v2.7.18)	PQ558611
#5	1130	TER_1130_UCEDB	VZ1019	Termitidae	Apicotermitinae		gen_nov	gen_nov CB			Venezuela		2008	8634	1.6.6 (Python v2.7.18)	PX592631
#5	1131	TER_1131_UCEDB	VZ1035	Termitidae	Apicotermitinae		Patawatermes	Patawatermes turricola			Venezuela		2008	18802	1.6.6 (Python v2.7.18)	PX592632
#5	1132	TER_1132_UCEDB	VZ1057	Termitidae	Termitinae		Spinitermes	Spinitermes nigrostomus			Venezuela		2008	30676	1.6.6 (Python v2.7.18)	PX592633
#5	1133	TER_1133_UCEDB	VZ1064	Termitidae	Amitermitinae		Dentispicotermes	Dentispicotermes cupiporanga			Venezuela		2008	10519	1.6.6 (Python v2.7.18)	PX592634
#5	1134	TER_1134_UCEDB	VZ1080	Kalotermitidae	NA		Rugitermes	Rugitermes sp			Venezuela		2008	30437	1.6.6 (Python v2.7.18)	PX592635
#5	1135	TER_1135_UCEDB	VZ1092	Kalotermitidae	NA		Rugitermes	Rugitermes bicolor			Venezuela		2008	29859	1.6.6 (Python v2.7.18)	PX592636
#5	1136	TER_1136_UCEDB	VZ1199	Termitidae	Nasutitermitinae		Nasutitermes	Nasutitermes callimorphus			Venezuela		2008	8189	1.6.6 (Python v2.7.18)	PX592637
#5	1137	TER_1137_UCEDB	VZ1228	Termitidae	Nasutitermitinae		Nasutitermes	Nasutitermes callimorphus			Venezuela		2008	5007	1.6.6 (Python v2.7.18)	PX592638
#5	1138	TER_1138_UCEDB	VZ1328.1	Termitidae	Termitinae		Termes	Termes hispaniolae			Venezuela		2008	13411	1.6.6 (Python v2.7.18)	PX592639
#5	1139	TER_1139_UCEDB	VZ1340	Kalotermitidae	NA		Glyptotermes	Glyptotermes adamsoni			Venezuela		2008	30595	1.6.6 (Python v2.7.18)	PX592640
#5	1140	TER_1140_UCEDB	MZUSP12579	Termitidae	Syntermitinae		Embiratermes	Embiratermes festivellus			Brazil		NA	12377	1.6.6 (Python v2.7.18)	PX592642
#5	1141	TER_1141_UCEDB	MZUSP12740	Termitidae	Termitinae		Cavitermes	Cavitermes tuberosus			Brazil		NA	2354	1.6.6 (Python v2.7.18)	PX592643
#5	1142	TER_1142_UCEDB	MZUSP12794	Termitidae	Syntermitinae		Curvitermes	Curvitermes odontognathus			Brazil		NA	25886	1.6.6 (Python v2.7.18)	PX592644
#5	1143	TER_1143_UCEDB	MZUSP12795	Termitidae	Syntermitinae		Curvitermes	Curvitermes minor			Brazil		NA	10688	1.6.6 (Python v2.7.18)	PX592645
#5	1144	TER_1144_UCEDB	MZUSP12808	Termitidae	Cylindrotermitinae		Cylindrotermes	Cylindrotermes parvignathus			Brazil		NA	5149	1.6.6 (Python v2.7.18)	PX592646
#5	1145	TER_1145_UCEDB	MZUSP14595	Termitidae	Syntermitinae		Cornitermes	Cornitermes pilosus			Brazil		NA	2543	1.6.6 (Python v2.7.18)	PV032245
#5	1146	TER_1146_UCEDB	MZUSP14753	Termitidae	Syntermitinae		Syntermes	Syntermes molestus			Brazil		NA	5930	1.6.6 (Python v2.7.18)	PX592648
#5	1147	TER_1147_UCEDB	MZUSP15975	Termitidae	Termitinae		Cavitermes	Cavitermes tuberosus			Brazil		NA	12526	1.6.6 (Python v2.7.18)	PV032246
#5	1148	TER_1148_UCEDB	MZUSP16103	Termitidae	Syntermitinae		Macuxitermes	Macuxitermes triceratops			Brazil		NA	12232	1.6.6 (Python v2.7.18)	PX592649
#5	1149	TER_1149_UCEDB	MZUSP16233	Termitidae	Amitermitinae		Orthognathotermes	Orthognathotermes heberi			Brazil		NA	8719	1.6.6 (Python v2.7.18)	PX592650
#5	1150	TER_1150_UCEDB	MZUSP16338	Termitidae	Syntermitinae		Syntermes	Syntermes grandis			Brazil		NA	2052	1.6.6 (Python v2.7.18)	PX592651
#5	1151	TER_1151_UCEDB	MZUSP20573	Termitidae	Syntermitinae		Mapinguaritermes	Mapinguaritermes peruanus			Brazil		NA	728	1.6.6 (Python v2.7.18)	PX592653
#5	1152	TER_1152_UCEDB	MZUSP20587	Termitidae	Syntermitinae		Uncitermes	Uncitermes teevani			Brazil		NA	10105	1.6.6 (Python v2.7.18)	PV032247
#5	1153	TER_1153_UCEDB	MZUSP20596	Termitidae	Syntermitinae		Cornitermes	Cornitermes bolivianus			Brazil		NA	10224	1.6.6 (Python v2.7.18)	PX592655
#5	1154	TER_1154_UCEDB	MZUSP20648	Termitidae	Syntermitinae		Cornitermes	Cornitermes pugnax			Brazil		NA	9930	1.6.6 (Python v2.7.18)	PX592656
#5	1155	TER_1155_UCEDB	MZUSP20686	Termitidae	Syntermitinae		Cornitermes	Cornitermes pugnax			Brazil		NA	1927	1.6.6 (Python v2.7.18)	PX592657
#5	1156	TER_1156_UCEDB	MZUSP20709	Termitidae	Syntermitinae		Cyrilliotermes	Cyrilliotermes angulariceps			Brazil		NA	12905	1.6.6 (Python v2.7.18)	PX592658
#5	1157	TER_1157_UCEDB	MZUSP20730	Termitidae	Syntermitinae		Cyrilliotermes	Cyrilliotermes strictinasus			Brazil		NA	23235	1.6.6 (Python v2.7.18)	PX592659
#5	1158	TER_1158_UCEDB	MZUSP20757	Termitidae	Syntermitinae		Vaninitermes	Vaninitermes ignotus			Brazil		NA	9339	1.6.6 (Python v2.7.18)	PX592660
#5	1159	TER_1159_UCEDB	MZUSP20825	Termitidae	Syntermitinae		Embiratermes	Embiratermes latidens			Brazil		NA	11300	1.6.6 (Python v2.7.18)	PX592661
#5	1160	TER_1160_UCEDB	MZUSP20827	Termitidae	Syntermitinae		Embiratermes	Embiratermes latidens			Brazil		NA	8034	1.6.6 (Python v2.7.18)	PX592662
#5	1161	TER_1161_UCEDB	MZUSP20973	Termitidae	Syntermitinae		Labiotermes	Labiotermes guasu			Brazil		NA	11653	1.6.6 (Python v2.7.18)	PX592367
#5	1162	TER_1162_UCEDB	MZUSP20974	Termitidae	Syntermitinae		Labiotermes	Labiotermes guasu			Brazil		NA	21556	1.6.6 (Python v2.7.18)	PV032249
#5	1163	TER_1163_UCEDB	MZUSP20995	Termitidae	Syntermitinae		Labiotermes	Labiotermes labralis			Brazil		NA	18877	1.6.6 (Python v2.7.18)	PX592663
#5	1164	TER_1164_UCEDB	MZUSP20996	Termitidae	Syntermitinae		Labiotermes	Labiotermes leptothrix			Brazil		NA	1996	1.6.6 (Python v2.7.18)	PV032250
#5	1165	TER_1165_UCEDB	MZUSP21007	Termitidae	Syntermitinae		Labiotermes	Labiotermes pelliceus			Brazil		NA	28730	1.6.6 (Python v2.7.18)	PV032251
#5	1166	TER_1166_UCEDB	MZUSP21020	Termitidae	Syntermitinae		Vaninitermes	Vaninitermes sp			Brazil		NA	2867	1.6.6 (Python v2.7.18)	PX592664
#5	1167	TER_1167_UCEDB	MZUSP21032	Termitidae	Syntermitinae		Silvestritermes	Silvestritermes minutus			Brazil		NA	12288	1.6.6 (Python v2.7.18)	PV032252
#5	1168	TER_1168_UCEDB	MZUSP21033	Termitidae	Syntermitinae		Silvestritermes	Silvestritermes minutus			Brazil		NA	14533	1.6.6 (Python v2.7.18)	PV032253
#5	1169	TER_1169_UCEDB	MZUSP21037	Termitidae	Syntermitinae		Syntermes	Syntermes aculeosus			Brazil		NA	23954	1.6.6 (Python v2.7.18)	PV032254
#5	1170	TER_1170_UCEDB	MZUSP21044	Termitidae	Syntermitinae		Syntermes	Syntermes spinosus			Brazil		NA	18119	1.6.6 (Python v2.7.18)	PV032256
#5	1171	TER_1171_UCEDB	MZUSP21045	Termitidae	Syntermitinae		Syntermes	Syntermes crassilabrum			Brazil		NA	15277	1.6.6 (Python v2.7.18)	PV032257
#5	1172	TER_1172_UCEDB	MZUSP21050	Termitidae	Syntermitinae		Syntermes	Syntermes molestus			Brazil		NA	9839	1.6.6 (Python v2.7.18)	PV032258
#5	1173	TER_1173_UCEDB	MZUSP21060	Termitidae	Syntermitinae		Syntermes	Syntermes molestus			Brazil		NA	14752	1.6.6 (Python v2.7.18)	PV032259
#5	1174	TER_1174_UCEDB	MZUSP21138	Termitidae	Syntermitinae		Syntermes	Syntermes territus			Brazil		NA	19543	1.6.6 (Python v2.7.18)	PV032260
#5	1175	TER_1175_UCEDB	MZUSP21139	Termitidae	Syntermitinae		Syntermes	Syntermes sp			Brazil		NA	13239	1.6.6 (Python v2.7.18)	PV032261
#5	1176	TER_1176_UCEDB	MZUSP21158	Termitidae	Syntermitinae		Syntermes	Syntermes spinosus			Brazil		NA	7630	1.6.6 (Python v2.7.18)	PV032262
#5	1177	TER_1177_UCEDB	MZUSP21160	Termitidae	Syntermitinae		Syntermes	Syntermes spinosus			Brazil		NA	12120	1.6.6 (Python v2.7.18)	PV032263
#5	1178	TER_1178_UCEDB	MZUSP21161	Termitidae	Syntermitinae		Syntermes	Syntermes tanygnathus			Brazil		NA	7073	1.6.6 (Python v2.7.18)	PV032264
#5	1179	TER_1179_UCEDB	MZUSP21165	Termitidae	Termitinae		Cavitermes	Cavitermes rozeni			Brazil		NA	21334	1.6.6 (Python v2.7.18)	PV032265
#5	1180	TER_1180_UCEDB	MZUSP21166	Termitidae	Termitinae		Cavitermes	Cavitermes rozeni			Brazil		NA	6107	1.6.6 (Python v2.7.18)	PX592665
#5	1181	TER_1181_UCEDB	MZUSP21177	Termitidae	Termitinae		Cornicapritermes	Cornicapritermes mucronatus			Brazil		NA	12877	1.6.6 (Python v2.7.18)	PX592666
#5	1182	TER_1182_UCEDB	MZUSP21179	Termitidae	Termitinae		Cornicapritermes	Cornicapritermes mucronatus			Brazil		NA	3140	1.6.6 (Python v2.7.18)	PV032266
#5	1183	TER_1183_UCEDB	MZUSP21227	Termitidae	Crepititermitinae		Crepititermes	Crepititermes verruculosus			Brazil		NA	17479	1.6.6 (Python v2.7.18)	PV032267
#5	1184	TER_1184_UCEDB	MZUSP21431	Termitidae	Amitermitinae		Dentispicotermes	Dentispicotermes globicephalus			Brazil		NA	12557	1.6.6 (Python v2.7.18)	PX592667
#5	1185	TER_1185_UCEDB	MZUSP21441	Termitidae	Termitinae		Inquilinitermes	Inquilinitermes inquilinus			Brazil		NA	7270	1.6.6 (Python v2.7.18)	PV032268
#5	1186	TER_1186_UCEDB	MZUSP21468	Termitidae	Microcerotermitinae		Microcerotermes	Microcerotermes sp			Brazil		NA	7162	1.6.6 (Python v2.7.18)	PV032269
#5	1187	TER_1187_UCEDB	MZUSP21508	Termitidae	Microcerotermitinae		Microcerotermes	Microcerotermes sp			Brazil		NA	9119	1.6.6 (Python v2.7.18)	PV032270
#5	1188	TER_1188_UCEDB	MZUSP21519	Termitidae	Neocapritermitinae		Neocapritermes	Neocapritermes longinotus			Brazil		NA	773	1.6.6 (Python v2.7.18)	PV032271
#5	1189	TER_1189_UCEDB	MZUSP21526	Termitidae	Neocapritermitinae		Neocapritermes	Neocapritermes opacus			Brazil		NA	8963	1.6.6 (Python v2.7.18)	PX592368
#5	1190	TER_1190_UCEDB	MZUSP21527	Termitidae	Neocapritermitinae		Neocapritermes	Neocapritermes sp			Brazil		NA	21851	1.6.6 (Python v2.7.18)	PV032272
#5	1191	TER_1191_UCEDB	MZUSP21528	Termitidae	Neocapritermitinae		Neocapritermes	Neocapritermes opacus			Brazil		NA	15354	1.6.6 (Python v2.7.18)	PX592369
#5	1192	TER_1192_UCEDB	MZUSP21544	Termitidae	Neocapritermitinae		Neocapritermes	Neocapritermes pumilis			Brazil		NA	456	1.6.6 (Python v2.7.18)	PV032273
#5	1193	TER_1193_UCEDB	MZUSP21549	Termitidae	Neocapritermitinae		Neocapritermes	Neocapritermes pumilis			Brazil		NA	21124	1.6.6 (Python v2.7.18)	PX592668
#5	1194	TER_1194_UCEDB	MZUSP21606	Termitidae	Neocapritermitinae		Neocapritermes	Neocapritermes talpa			Brazil		NA	20273	1.6.6 (Python v2.7.18)	PV032275
#5	1195	TER_1195_UCEDB	MZUSP21607	Termitidae	Neocapritermitinae		Neocapritermes	Neocapritermes talpa			Brazil		NA	4215	1.6.6 (Python v2.7.18)	PV032276
#5	1196	TER_1196_UCEDB	MZUSP21610	Termitidae	Neocapritermitinae		Neocapritermes	Neocapritermes pumilis			Brazil		NA	4757	1.6.6 (Python v2.7.18)	PV032277
#5	1197	TER_1197_UCEDB	MZUSP21640	Termitidae	Neocapritermitinae		Neocapritermes	Neocapritermes taracua			Brazil		NA	3584	1.6.6 (Python v2.7.18)	PV032278
#5	1198	TER_1198_UCEDB	MZUSP21647	Termitidae	Neocapritermitinae		Neocapritermes	Neocapritermes taracua			Brazil		NA	3689	1.6.6 (Python v2.7.18)	PV032279
#5	1199	TER_1199_UCEDB	MZUSP21673	Termitidae	Neocapritermitinae		Neocapritermes	Neocapritermes utiariti			Brazil		NA	4810	1.6.6 (Python v2.7.18)	PV032280
#5	1200	TER_1200_UCEDB	MZUSP21676	Termitidae	Amitermitinae		Orthognathotermes	Orthognathotermes humilis			Brazil		NA	17640	1.6.6 (Python v2.7.18)	PX592670
#5	1201	TER_1201_UCEDB	MZUSP21680	Termitidae	Neocapritermitinae		Planicapritermes	Planicapritermes longilabrum			Brazil		NA	7563	1.6.6 (Python v2.7.18)	PV032281
#5	1202	TER_1202_UCEDB	MZUSP21700	Termitidae	Neocapritermitinae		Planicapritermes	Planicapritermes planiceps			Brazil		NA	8363	1.6.6 (Python v2.7.18)	PV032282
#5	1203	TER_1203_UCEDB	MZUSP21767	Termitidae	Termitinae		Termes	Termes grp_fatalis			Brazil		NA	13368	1.6.6 (Python v2.7.18)	PV032283
#5	1204	TER_1204_UCEDB	MZUSP21814	Termitidae	Termitinae		Termes	Termes grp_fatalis			Brazil		NA	15908	1.6.6 (Python v2.7.18)	PV032284
#5	1205	TER_1205_UCEDB	MZUSP21819	Termitidae	Termitinae		Termes	Termes grp_fatalis			Brazil		NA	5357	1.6.6 (Python v2.7.18)	PV032285
#5	1206	TER_1206_UCEDB	MZUSP21963	Termitidae	Syntermitinae		Cornitermes	Cornitermes bequaerti			Brazil		NA	9188	1.6.6 (Python v2.7.18)	PX592389
#5	1207	TER_1207_UCEDB	MZUSP22629	Termitidae	Syntermitinae		Curvitermes	Curvitermes odontognathus			Brazil		NA	12847	1.6.6 (Python v2.7.18)	PX592671
#5	1208	TER_1208_UCEDB	MZUSP22930	Termitidae	Syntermitinae		Cornitermes	Cornitermes cumulans			Brazil		NA	10269	1.6.6 (Python v2.7.18)	PX592672
#5	1209	TER_1209_UCEDB	MZUSP22949	Termitidae	Syntermitinae		Cornitermes	Cornitermes cumulans			Brazil		NA	6852	1.6.6 (Python v2.7.18)	PX592673
#5	1210	TER_1210_UCEDB	MZUSP22956	Termitidae	Syntermitinae		Cornitermes	Cornitermes cumulans			Brazil		NA	4818	1.6.6 (Python v2.7.18)	PX592674
#5	1211	TER_1211_UCEDB	MZUSP23402	Termitidae	Syntermitinae		Cornitermes	Cornitermes cumulans			Brazil		NA	2023	1.6.6 (Python v2.7.18)	PX592675
#5	1212	TER_1212_UCEDB	MZUSP23404	Termitidae	Syntermitinae		Cornitermes	Cornitermes cumulans			Brazil		NA	12987	1.6.6 (Python v2.7.18)	PX592676
#5	1213	TER_1213_UCEDB	MZUSP23408	Termitidae	Syntermitinae		Cornitermes	Cornitermes cumulans			Brazil		NA	9851	1.6.6 (Python v2.7.18)	PX592677
#5	1214	TER_1214_UCEDB	MZUSP23531	Termitidae	Syntermitinae		Labiotermes	Labiotermes brevilabius			Brazil		NA	13892	1.6.6 (Python v2.7.18)	PV032286
#5	1215	TER_1215_UCEDB	MZUSP23535	Termitidae	Syntermitinae		Labiotermes	Labiotermes brevilabius			Brazil		NA	3568	1.6.6 (Python v2.7.18)	PX592370
#5	1216	TER_1216_UCEDB	MZUSP23549	Termitidae	Syntermitinae		Labiotermes	Labiotermes labralis			Brazil		NA	4422	1.6.6 (Python v2.7.18)	PX592678
#5	1217	TER_1217_UCEDB	MZUSP23557	Termitidae	Syntermitinae		Labiotermes	Labiotermes longilabius			Brazil		NA	1033	1.6.6 (Python v2.7.18)	PV032288
#5	1218	TER_1218_UCEDB	MZUSP23727	Termitidae	Amitermitinae		Amitermes	Amitermes excellens			Brazil		NA	1997	1.6.6 (Python v2.7.18)	PV059221
#5	1219	TER_1219_UCEDB	MZUSP24169	Termitidae	Syntermitinae		Labiotermes	Labiotermes orthocephalus			Brazil		NA	10270	1.6.6 (Python v2.7.18)	PV059222
#5	1220	TER_1220_UCEDB	MZUSP24176	Termitidae	Syntermitinae		Labiotermes	Labiotermes oreadicus			Brazil		NA	11394	1.6.6 (Python v2.7.18)	PX592679
#5	1221	TER_1221_UCEDB	MZUSP24326	Termitidae	Amitermitinae		Amitermes	Amitermes excellens			Brazil		NA	28934	1.6.6 (Python v2.7.18)	PV059223
#5	1222	TER_1222_UCEDB	MZUSP24344	Termitidae	Amitermitinae		Amitermes	Amitermes excellens			Brazil		NA	15885	1.6.6 (Python v2.7.18)	PV059224
#5	1223	TER_1223_UCEDB	MZUSP24365	Termitidae	Syntermitinae		Labiotermes	Labiotermes pelliceus			Brazil		NA	6641	1.6.6 (Python v2.7.18)	PV059225
#5	1224	TER_1224_UCEDB	MZUSP24422	Termitidae	Syntermitinae		Cornitermes	Cornitermes acignathus			Colombia		NA	20037	1.6.6 (Python v2.7.18)	PV059226
#5	1225	TER_1225_UCEDB	MZUSP24477	Termitidae	Termitinae		Dihoplotermes	Dihoplotermes inusitatus			Brazil		NA	37572	1.6.6 (Python v2.7.18)	PX592681
#5	1226	TER_1226_UCEDB	MZUSP24539	Termitidae	Cylindrotermitinae		Cylindrotermes	Cylindrotermes sapiranga			Brazil		NA	6108	1.6.6 (Python v2.7.18)	PV059228
#5	1227	TER_1227_UCEDB	MZUSP24541	Termitidae	Amitermitinae		Orthognathotermes	Orthognathotermes mirim			Brazil		NA	8702	1.6.6 (Python v2.7.18)	PV059230
#5	1228	TER_1228_UCEDB	MZUSP24547	Termitidae	Amitermitinae		Orthognathotermes	Orthognathotermes pilosus			Brazil		NA	9303	1.6.6 (Python v2.7.18)	PV059231
#5	1229	TER_1229_UCEDB	MZUSP24614	Termitidae	Syntermitinae		Silvestritermes	Silvestritermes heyeri			Brazil		NA	11608	1.6.6 (Python v2.7.18)	PV059232
#5	1230	TER_1230_UCEDB	MZUSP24620	Termitidae	Syntermitinae		Silvestritermes	Silvestritermes heyeri			Brazil		NA	18759	1.6.6 (Python v2.7.18)	PV059233
#5	1231	TER_1231_UCEDB	MZUSP24624	Termitidae	Termitinae		Spinitermes	Spinitermes trispinosus			Brazil		NA	18754	1.6.6 (Python v2.7.18)	PV059234
#5	1232	TER_1232_UCEDB	MZUSP24643	Termitidae	Termitinae		Termes	Termes grp_fatalis			Brazil		NA	8160	1.6.6 (Python v2.7.18)	PV059235
#5	1233	TER_1233_UCEDB	MZUSP24657	Termitidae	Termitinae		Termes	Termes riograndensis			Brazil		NA	21039	1.6.6 (Python v2.7.18)	PV059236
#5	1234	TER_1234_UCEDB	MZUSP24658	Termitidae	Termitinae		Termes	Termes grp_fatalis			Brazil		NA	19090	1.6.6 (Python v2.7.18)	PX592683
#5	1235	TER_1235_UCEDB	MZUSP24805	Termitidae	Syntermitinae		Mapinguaritermes	Mapinguaritermes peruanus			Brazil		NA	3469	1.6.6 (Python v2.7.18)	PX592684
#5	1236	TER_1236_UCEDB	MZUSP24843	Termitidae	Neocapritermitinae		Neocapritermes	Neocapritermes angusticeps			Brazil		NA	24161	1.6.6 (Python v2.7.18)	PV059238
#5	1237	TER_1237_UCEDB	MZUSP24915	Termitidae	Amitermitinae		Amitermes	Amitermes bandeirai			Brazil		NA	12306	1.6.6 (Python v2.7.18)	PV059239
#5	1238	TER_1238_UCEDB	MZUSP24918	Termitidae	Amitermitinae		Amitermes	Amitermes bandeirai			Brazil		NA	16258	1.6.6 (Python v2.7.18)	PV059240
#5	1239	TER_1239_UCEDB	MZUSP24925	Termitidae	Amitermitinae		Amitermes	Amitermes amifer			Brazil		NA	2152	1.6.6 (Python v2.7.18)	PV059241
#5	1240	TER_1240_UCEDB	MZUSP24928	Termitidae	Syntermitinae		Syntermes	Syntermes cearensis			Brazil		NA	22606	1.6.6 (Python v2.7.18)	PV059242
#5	1241	TER_1241_UCEDB	MZUSP24997	Termitidae	Termitinae		Spinitermes	Spinitermes trispinosus			Brazil		NA	7064	1.6.6 (Python v2.7.18)	PV059244
#5	1242	TER_1242_UCEDB	MZUSP25107	Termitidae	Syntermitinae		Rhynchotermes	Rhynchotermes nasutissimus			Brazil		NA	691	1.6.6 (Python v2.7.18)	PV059245
#5	1243	TER_1243_UCEDB	MZUSP25109	Termitidae	Syntermitinae		Noirotitermes	Noirotitermes noiroti			Brazil		NA	3448	1.6.6 (Python v2.7.18)	PX592685
#5	1244	TER_1244_UCEDB	MZUSP25137	Termitidae	Syntermitinae		Bandeiratermes	Bandeiratermes silvestrii			Brazil		NA	5437	1.6.6 (Python v2.7.18)	PV059246
#5	1245	TER_1245_UCEDB	MZUSP25139	Termitidae	Syntermitinae		Embiratermes	Embiratermes heterotypus			Brazil		NA	15975	1.6.6 (Python v2.7.18)	PV059247
#5	1246	TER_1246_UCEDB	MZUSP25169	Termitidae	Termitinae		Termes	Termes grp_fatalis			Brazil		NA	5618	1.6.6 (Python v2.7.18)	PV059248
#5	1247	TER_1247_UCEDB	MZUSP25180	Termitidae	Syntermitinae		Embiratermes	Embiratermes neotenicus			Brazil		NA	6262	1.6.6 (Python v2.7.18)	PV059249
#5	1248	TER_1248_UCEDB	MZUSP25183	Termitidae	Termitinae		Termes	Termes nr_ayri			Brazil		NA	10201	1.6.6 (Python v2.7.18)	PV059250
#5	1249	TER_1249_UCEDB	MZUSP25188	Termitidae	Termitinae		Termes	Termes grp_fatalis			Brazil		NA	5371	1.6.6 (Python v2.7.18)	PV059252
#5	1250	TER_1250_UCEDB	MZUSP25191	Termitidae	Termitinae		Termes	Termes grp_fatalis			Brazil		NA	17665	1.6.6 (Python v2.7.18)	PV059253
#5	1251	TER_1251_UCEDB	MZUSP25214	Termitidae	Cylindrotermitinae		Cylindrotermes	Cylindrotermes flangiatus			Brazil		NA	13103	1.6.6 (Python v2.7.18)	PV059254
#5	1252	TER_1252_UCEDB	MZUSP25228	Termitidae	Neocapritermitinae		Neocapritermes	Neocapritermes angusticeps			Brazil		NA	4204	1.6.6 (Python v2.7.18)	PV059255
#5	1253	TER_1253_UCEDB	MZUSP25229	Termitidae	Microcerotermitinae		Microcerotermes	Microcerotermes sp			Brazil		NA	18501	1.6.6 (Python v2.7.18)	PV059256
#5	1254	TER_1254_UCEDB	MZUSP25407	Termitidae	Amitermitinae		Dentispicotermes	Dentispicotermes trapezia			Brazil		NA	13827	1.6.6 (Python v2.7.18)	PX592371
#5	1255	TER_1255_UCEDB	MZUSP25715	Termitidae	Syntermitinae		Silvestritermes	Silvestritermes lanei			Brazil		NA	9982	1.6.6 (Python v2.7.18)	PX592700
#5	1256	TER_1256_UCEDB	MZUSP25743	Termitidae	Cylindrotermitinae		Cylindrotermes	Cylindrotermes brevipilosus			Brazil		NA	3303	1.6.6 (Python v2.7.18)	PX592687
#5	1257	TER_1257_UCEDB	MZUSP25801	Termitidae	Syntermitinae		Labiotermes	Labiotermes orthocephalus			Brazil		NA	9919	1.6.6 (Python v2.7.18)	PV059258
#5	1258	TER_1258_UCEDB	MZUSP25808	Termitidae	Syntermitinae		Labiotermes	Labiotermes emersoni			Brazil		NA	11655	1.6.6 (Python v2.7.18)	PV059259
#5	1259	TER_1259_UCEDB	MZUSP25810	Termitidae	Syntermitinae		Labiotermes	Labiotermes emersoni			Brazil		NA	11691	1.6.6 (Python v2.7.18)	PV059260
#5	1260	TER_1260_UCEDB	MZUSP25813	Termitidae	Syntermitinae		Labiotermes	Labiotermes orthocephalus			Brazil		NA	19950	1.6.6 (Python v2.7.18)	PV059261
#5	1261	TER_1261_UCEDB	MZUSP25905	Termitidae	Neocapritermitinae		Neocapritermes	Neocapritermes villosus			Peru		NA	21020	1.6.6 (Python v2.7.18)	PV059262
#5	1262	TER_1262_UCEDB	MZUSP26011	Termitidae	Amitermitinae		Amitermes	Amitermes amifer			Brazil		NA	13186	1.6.6 (Python v2.7.18)	PV059263
#5	1263	TER_1263_UCEDB	MZUSP26014	Termitidae	Cylindrotermitinae		Cylindrotermes	Cylindrotermes sapiranga			Brazil		NA	14034	1.6.6 (Python v2.7.18)	PV059264
#5	1264	TER_1264_UCEDB	MZUSP26018	Termitidae	Amitermitinae		Amitermes	Amitermes amifer			Brazil		NA	10827	1.6.6 (Python v2.7.18)	PV059265
#5	1265	TER_1265_UCEDB	MZUSP26024	Termitidae	Termitinae		Divinotermes	Divinotermes allognathus			Brazil		NA	11992	1.6.6 (Python v2.7.18)	PX592688
#5	1266	TER_1266_UCEDB	MZUSP26049	Termitidae	Termitinae		Spinitermes	Spinitermes robustus			Brazil		NA	17535	1.6.6 (Python v2.7.18)	PV059266
#5	1267	TER_1267_UCEDB	MZUSP26115	Termitidae	Termitinae		Termes	Termes grp_fatalis			Brazil		NA	6195	1.6.6 (Python v2.7.18)	PV059268
#5	1268	TER_1268_UCEDB	MZUSP26116	Termitidae	Termitinae		Termes	Termes grp_fatalis			Brazil		NA	7033	1.6.6 (Python v2.7.18)	PV059269
#5	1269	TER_1269_UCEDB	MZUSP26121	Termitidae	Termitinae		Termes	Termes grp_fatalis			Brazil		NA	14654	1.6.6 (Python v2.7.18)	PV059270
#5	1270	TER_1270_UCEDB	MZUSP26132	Termitidae	Termitinae		Termes	Termes grp_fatalis			Brazil		NA	18426	1.6.6 (Python v2.7.18)	PV059271
#5	1271	TER_1271_UCEDB	MZUSP26275	Termitidae	Microcerotermitinae		Microcerotermes	Microcerotermes sp			Brazil		NA	11946	1.6.6 (Python v2.7.18)	PV077900
#5	1272	TER_1272_UCEDB	MZUSP26420	Termitidae	Amitermitinae		Dentispicotermes	Dentispicotermes sp			Brazil		NA	23912	1.6.6 (Python v2.7.18)	PX592689
#5	1273	TER_1273_UCEDB	MZUSP26718	Termitidae	Crepititermitinae		Crepititermes	Crepititermes verruculosus			Brazil		NA	19283	1.6.6 (Python v2.7.18)	PV077902
#5	1274	TER_1274_UCEDB	MZUSP26727	Termitidae	Amitermitinae		Dentispicotermes	Dentispicotermes spn			Brazil		NA	13158	1.6.6 (Python v2.7.18)	PX592690
#5	1275	TER_1275_UCEDB	MZUSP26733	Termitidae	Amitermitinae		Dentispicotermes	Dentispicotermes spn			Brazil		NA	7288	1.6.6 (Python v2.7.18)	PV077903
#5	1276	TER_1276_UCEDB	MZUSP26735	Termitidae	Microcerotermitinae		Microcerotermes	Microcerotermes sp			Brazil		NA	8574	1.6.6 (Python v2.7.18)	PV077904
#5	1277	TER_1277_UCEDB	INPA_180-185	Termitidae	Amitermitinae		Dentispicotermes	Dentispicotermes cupiporanga			Brazil	Roraima	NA	6089	1.6.6 (Python v2.7.18)	PX592691
#5	1278	TER_1278_UCEDB	INPA_230-235	Termitidae	Amitermitinae		Dentispicotermes	Dentispicotermes n_sp			Brazil	Roraima	NA	16303	1.6.6 (Python v2.7.18)	PX592692
#5	1279	TER_1279_UCEDB	MZUSP12147	Termitidae	Amitermitinae		Orthognathotermes	Orthognathotermes okeyma			Brazil		NA	15629	1.6.6 (Python v2.7.18)	PV077906
#5	1280	TER_1280_UCEDB	MZUSP12154	Termitidae	Amitermitinae		Orthognathotermes	Orthognathotermes okeyma			Brazil		NA	6449	1.6.6 (Python v2.7.18)	PX592693
#5	1281	TER_1281_UCEDB	MZUSP12569	Termitidae	Amitermitinae		Dentispicotermes	Dentispicotermes pantanalis			Brazil		NA	3309	1.6.6 (Python v2.7.18)	PX592694
#5	1282	TER_1282_UCEDB	MZUSP13343	Termitidae	Termitinae		Inquilinitermes	Inquilinitermes microcerus			Brazil		NA	9554	1.6.6 (Python v2.7.18)	PX592695
#5	1283	TER_1283_UCEDB	MZUSP13345	Termitidae	Syntermitinae		Syntermes	Syntermes dirus			Brazil		NA	7875	1.6.6 (Python v2.7.18)	PV077908
#5	1284	TER_1284_UCEDB	MZUSP13346	Termitidae	Termitinae		Inquilinitermes	Inquilinitermes fur			Brazil	Piauí	NA	10279	1.6.6 (Python v2.7.18)	PV077909
#5	1285	TER_1285_UCEDB	MZUSP14424	Termitidae	Syntermitinae		Syntermes	Syntermes praecellens			Brazil		NA	18176	1.6.6 (Python v2.7.18)	PV077910
#5	1286	TER_1286_UCEDB	MZUSP14610	Termitidae	Syntermitinae		Cornitermes	Cornitermes ovatus			Brazil		NA	19573	1.6.6 (Python v2.7.18)	PV077911
#5	1287	TER_1287_UCEDB	MZUSP14903	Termitidae	Amitermitinae		Dentispicotermes	Dentispicotermes n_sp			Brazil		NA	2369	1.6.6 (Python v2.7.18)	PX592696
#5	1288	TER_1288_UCEDB	MZUSP14932	Termitidae	Amitermitinae		Orthognathotermes	Orthognathotermes insignis			Brazil		NA	583	1.6.6 (Python v2.7.18)	PV077912
#5	1289	TER_1289_UCEDB	MZUSP14933	Termitidae	Amitermitinae		Orthognathotermes	Orthognathotermes tubesauassu			Brazil		NA	8198	1.6.6 (Python v2.7.18)	PV077913
#5	1290	TER_1290_UCEDB	MZUSP16003	Termitidae	Amitermitinae		Dentispicotermes	Dentispicotermes globicephalus			Brazil		NA	2720	1.6.6 (Python v2.7.18)	PX592697
#5	1291	TER_1291_UCEDB	MZUSP16133	Termitidae	Syntermitinae		Rhynchotermes	Rhynchotermes piauy			Brazil		NA	12103	1.6.6 (Python v2.7.18)	PX592698
#5	1292	TER_1292_UCEDB	MZUSP16139	Termitidae	Syntermitinae		Syntermes	Syntermes dirus			Brazil		NA	26702	1.6.6 (Python v2.7.18)	PV077914
#5	1293	TER_1293_UCEDB	MZUSP25715	Termitidae	Syntermitinae		Silvestritermes	Silvestritermes lanei			Brazil		NA	37055	1.6.6 (Python v2.7.18)	PV059257
#5	1294	TER_1294_UCEDB	MZUSP26739	Termitidae	Syntermitinae		Embiratermes	Embiratermes heterotypus			Brazil		NA	3165	1.6.6 (Python v2.7.18)	PV077915
#5	1295	TER_1295_UCEDB	MZUSP26863	Termitidae	Amitermitinae		Amitermes	Amitermes aporema			Brazil		NA	8186	1.6.6 (Python v2.7.18)	PX592701
#5	1296	TER_1296_UCEDB	MZUSP9799	Termitidae	Syntermitinae		Syntermes	Syntermes dirus			Brazil		NA	25649	1.6.6 (Python v2.7.18)	PX592702
#5	1297	TER_1297_UCEDB	MZUSP24940	Termitidae	Syntermitinae		Procornitermes	Procornitermes triacifer			Brazil		NA	5923	1.6.6 (Python v2.7.18)	PV077916
#5	1298	TER_1298_UCEDB	Guyane189	Termitidae	Syntermitinae		Vaninitermes	Vaninitermes spE			French Guiana		before2010	23597	1.6.6 (Python v2.7.18)	PV077917
#5	1299	TER_1299_UCEDB	Nour_1-2_b	Termitidae	Syntermitinae		Embiratermes	Embiratermes neotenicus			French Guiana		before2010	26284	1.6.6 (Python v2.7.18)	PV077918
#5	1300	TER_1300_UCEDB	Nour_1-34_b	Termitidae	Syntermitinae		Cornitermes	Cornitermes pugnax			French Guiana		before2010	3160	1.6.6 (Python v2.7.18)	PV077919
#5	1301	TER_1301_UCEDB	HONZA_342-355	Termitidae	Syntermitinae		Embiratermes	Embiratermes neotenicus			French Guiana		before2010	5041	1.6.6 (Python v2.7.18)	PX592703
#5	1302	TER_1302_UCEDB	Nour_3-17	Termitidae	Syntermitinae		Silvestritermes	Silvestritermes heyeri			French Guiana		before2010	14373	1.6.6 (Python v2.7.18)	PX592704
#5	1303	TER_1303_UCEDB	Nour_3-37_a	Termitidae	Syntermitinae		Cyrilliotermes	Cyrilliotermes angulariceps			French Guiana		before2010	18602	1.6.6 (Python v2.7.18)	PX592705
#5	1304	TER_1304_UCEDB	Guyane_343	Termitidae	Syntermitinae		Syntermes	Syntermes spC			French Guiana		before2010	17	1.6.6 (Python v2.7.18)	PV077921
#5	1305	TER_1305_UCEDB	TR1-pt50	Termitidae	Syntermitinae		Syntermes	Syntermes spA			French Guiana		before2010	6770	1.6.6 (Python v2.7.18)	PV077922
#5	1306	TER_1306_UCEDB	S_molestus	Termitidae	Syntermitinae		Syntermes	Syntermes molestus			French Guiana		before2010	9215	1.6.6 (Python v2.7.18)	PV077923
#5	1307	TER_1307_UCEDB	Guyane_247	Termitidae	Apicotermitinae		Anoplotermes	Anoplotermes spAV			French Guiana		before2010	9031	1.6.6 (Python v2.7.18)	PX667145
#5	1308	TER_1308_UCEDB	G392	Termitidae	Apicotermitinae		Aparatermes	Aparatermes sp			French Guiana		before2010	6293	1.6.6 (Python v2.7.18)	PV077925
#5	1309	TER_1309_UCEDB	Nour_1-21_c	Termitidae	Apicotermitinae		Ourissotermes	Ourissotermes giblinorum			French Guiana		before2010	4287	1.6.6 (Python v2.7.18)	PX592707
#5	1310	TER_1310_UCEDB	G5/3_5A	Termitidae	Apicotermitinae		Anoplotermes	Anoplotermes spAF			French Guiana		before2010	6203	1.6.6 (Python v2.7.18)	PX592708
#5	1311	TER_1311_UCEDB	HONZA_175	Termitidae	Apicotermitinae		Anoplotermes	Anoplotermes spQ			French Guiana		before2010	1268	1.6.6 (Python v2.7.18)	PV077926
#5	1312	TER_1312_UCEDB	G478	Termitidae	Apicotermitinae		Anoplotermes	Anoplotermes spN			French Guiana		before2010	2433	1.6.6 (Python v2.7.18)	PV077927
#5	1313	TER_1313_UCEDB	Nour_3-6a	Termitidae	Apicotermitinae		Anoplotermes	Anoplotermes nr_distans			French Guiana		before2010	405	1.6.6 (Python v2.7.18)	PV077928
#5	1314	TER_1314_UCEDB	Quadrat_1_3	Kalotermitidae	NA		Rugitermes	Rugitermes spA			French Guiana		before2010	4803	1.6.6 (Python v2.7.18)	PV077929
#5	1315	TER_1315_UCEDB	Q5/3_7A	Heterotermitidae	NA		Heterotermes	Heterotermes crinitus			French Guiana		before2010	19124	1.6.6 (Python v2.7.18)	PV077930
#5	1316	TER_1316_UCEDB	Nour_1-44_a	Heterotermitidae	NA		Coptotermes	Coptotermes testaceus			French Guiana		before2010	28799	1.6.6 (Python v2.7.18)	PV077931
#5	1317	TER_1317_UCEDB	Nour_1-49_F	Kalotermitidae	NA		Calcaritermes	Calcaritermes sp			French Guiana		before2010	4523	1.6.6 (Python v2.7.18)	PV077932
#5	1318	TER_1318_UCEDB	G347	Kalotermitidae	NA		Glyptotermes	Glyptotermes spB			French Guiana		before2010	25359	1.6.6 (Python v2.7.18)	PX592372
#5	1319	TER_1319_UCEDB	Nour_2-43_a	Termitidae	Nasutitermitinae		Nasutitermes	Nasutitermes banksi_F			French Guiana		before2010	11894	1.6.6 (Python v2.7.18)	PX592709
#5	1320	TER_1320_UCEDB	Nour_3-22_c	Termitidae	Nasutitermitinae		Nasutitermes	Nasutitermes surinamensis			French Guiana		before2010	10136	1.6.6 (Python v2.7.18)	PV077933
#5	1321	TER_1321_UCEDB	Nour_1-49_b	Termitidae	Nasutitermitinae		Nasutitermes	Nasutitermes octopilis			French Guiana		before2010	18234	1.6.6 (Python v2.7.18)	PV608491
#5	1322	TER_1322_UCEDB	Nour_2-30_a	Termitidae	Nasutitermitinae		Nasutitermes	Nasutitermes gaigei			French Guiana		before2010	21429	1.6.6 (Python v2.7.18)	PX592710
#5	1323	TER_1323_UCEDB	Nour_1-12_b	Termitidae	Nasutitermitinae		Convexitermes	Convexitermes manni			French Guiana		before2010	23222	1.6.6 (Python v2.7.18)	PX592711
#5	1324	TER_1324_UCEDB	P_3/10_a	Termitidae	Nasutitermitinae		Nasutitermes	Nasutitermes spD			French Guiana		before2010	9040	1.6.6 (Python v2.7.18)	PV077935
#5	1325	TER_1325_UCEDB	Guyane_205	Termitidae	Nasutitermitinae		Anhangatermes	Anhangatermes macarthuri			French Guiana		before2010	1384	1.6.6 (Python v2.7.18)	PV077936
#5	1326	TER_1326_UCEDB	Nour_2-23_e	Termitidae	Nasutitermitinae		Nasutitermes	Nasutitermes spG			French Guiana		before2010	961	1.6.6 (Python v2.7.18)	PX592712
#5	1327	TER_1327_UCEDB	Nour_2-30_c	Termitidae	Nasutitermitinae		Nasutitermes	Nasutitermes spH			French Guiana		before2010	7749	1.6.6 (Python v2.7.18)	PV078067
#5	1328	TER_1328_UCEDB	Nour_2-23_a	Termitidae	Neocapritermitinae		Neocapritermes	Neocapritermes taracua			French Guiana		before2010	7025	1.6.6 (Python v2.7.18)	PV078068
#5	1329	TER_1329_UCEDB	Nouragues_Inselberg_30/03/06	Termitidae	Microcerotermitinae		Microcerotermes	Microcerotermes spA			French Guiana		before2010	2075	1.6.6 (Python v2.7.18)	PV078069
#5	1330	TER_1330_UCEDB	Nour_2-49_a	Termitidae	Neocapritermitinae		Neocapritermes	Neocapritermes angusticeps			French Guiana		before2010	3803	1.6.6 (Python v2.7.18)	PV078070
#5	1331	TER_1331_UCEDB	Nour_1-21_d	Termitidae	Amitermitinae		Orthognathotermes	Orthognathotermes aduncus			French Guiana		before2010	1324	1.6.6 (Python v2.7.18)	PV078071
#5	1332	TER_1332_UCEDB	Nour_3-34_b	Termitidae	Amitermitinae		Orthognathotermes	Orthognathotermes gibberorum			French Guiana		before2010	8133	1.6.6 (Python v2.7.18)	PX592714
#5	1333	TER_1333_UCEDB	Nour_1-46_b	Termitidae	Termitinae		Dihoplotermes	Dihoplotermes sp			French Guiana		before2010	16430	1.6.6 (Python v2.7.18)	PV078073
#5	1334	TER_1334_UCEDB	Guyane_204	Termitidae	Amitermitinae		Dentispicotermes	Dentispicotermes brevicarinatus			French Guiana		before2010	11197	1.6.6 (Python v2.7.18)	PX592715
#5	1335	TER_1335_UCEDB	Nour_2_2_b	Termitidae	Termitinae		Cavitermes	Cavitermes tuberosus			French Guiana		before2010	26263	1.6.6 (Python v2.7.18)	PV078074
#5	1336	TER_1336_UCEDB	Nour_1-35_b	Termitidae	Neocapritermitinae		Neocapritermes	Neocapritermes spA			French Guiana		before2010	12858	1.6.6 (Python v2.7.18)	PX592716
#5	1337	TER_1337_UCEDB	Nour_3-29	Termitidae	Neocapritermitinae		Planicapritermes	Planicapritermes planiceps			French Guiana		before2010	10015	1.6.6 (Python v2.7.18)	PX592717
#5	1338	TER_1338_UCEDB	G19-041	Termitidae	Termitinae		Termes	Termes sp			French Guiana		2019	14499	1.6.6 (Python v2.7.18)	PV078075
#5	1339	TER_1339_UCEDB	BR18-06	Termitidae	Termitinae		Cavitermes	Cavitermes tuberosus			Brazil		2018	29539	1.6.6 (Python v2.7.18)	PV078076
#5	1340	TER_1340_UCEDB	G17B-105	Termitidae	Termitinae		Termes	Termes incognitus			French Guiana		2017	15071	1.6.6 (Python v2.7.18)	PV078077
#5	1341	TER_1341_UCEDB	G18-156	Termitidae	Termitinae		Cavitermes	Cavitermes tuberosus			French Guiana		2018	25335	1.6.6 (Python v2.7.18)	PV078078
#5	1342	TER_1342_UCEDB	G16-117	Termitidae	Apicotermitinae		Aparatermes	Aparatermes aff_thornatus			French Guiana		2016	15015	1.6.6 (Python v2.7.18)	PV078079
#5	1343	TER_1343_UCEDB	G19_046	Termitidae	Nasutitermitinae		Subulitermes	Subulitermes sp1-2			French Guiana		2019	19578	1.6.6 (Python v2.7.18)	PV078080
#5	1344	TER_1344_UCEDB	COL17_14	Termitidae	Nasutitermitinae		Subulitermes	Subulitermes sp2			Colombia		2017	15580	1.6.6 (Python v2.7.18)	PV078081
#5	1345	TER_1345_UCEDB	COL17_21	Termitidae	Nasutitermitinae		Coatitermes	Coatitermes clevelandi			Colombia		2017	13712	1.6.6 (Python v2.7.18)	PV078082
#5	1346	TER_1346_UCEDB	G16_069c	Termitidae	Nasutitermitinae		Subulitermes	Subulitermes sp3			French Guiana		2016	12182	1.6.6 (Python v2.7.18)	PV078083
#5	1347	TER_1347_UCEDB	G18_116	Termitidae	Nasutitermitinae		Coatitermes	Coatitermes sp1-1			French Guiana		2018	16795	1.6.6 (Python v2.7.18)	PV078084
#5	1348	TER_1348_UCEDB	G18_054	Termitidae	Nasutitermitinae		Coatitermes	Coatitermes sp1-2			French Guiana		2018	10066	1.6.6 (Python v2.7.18)	PV078085
#5	1349	TER_1349_UCEDB	G19_038	Termitidae	Nasutitermitinae		Coatitermes	Coatitermes sp1-3			French Guiana		2019	12976	1.6.6 (Python v2.7.18)	PV078086
#5	1350	TER_1350_UCEDB	G18_079	Termitidae	Nasutitermitinae		Atlantitermes	Atlantitermes sp1-1			French Guiana		2018	19086	1.6.6 (Python v2.7.18)	PV078087
#5	1351	TER_1351_UCEDB	G18_142	Termitidae	Nasutitermitinae		Atlantitermes	Atlantitermes sp1-2			French Guiana		2018	18134	1.6.6 (Python v2.7.18)	PX592718
#5	1352	TER_1352_UCEDB	G18_144a	Termitidae	Nasutitermitinae		Atlantitermes	Atlantitermes sp1-3			French Guiana		2018	8858	1.6.6 (Python v2.7.18)	PX592719
#5	1353	TER_1353_UCEDB	G18_191	Termitidae	Nasutitermitinae		Atlantitermes	Atlantitermes sp1-4			French Guiana		2018	14374	1.6.6 (Python v2.7.18)	PX592720
#5	1354	TER_1354_UCEDB	G16_187	Termitidae	Nasutitermitinae		Angularitermes	Angularitermes nasutissimus			French Guiana		2016	19884	1.6.6 (Python v2.7.18)	PV078088
#5	1355	TER_1355_UCEDB	G16_190b	Termitidae	Nasutitermitinae		Coatitermes	Coatitermes sp2-1			French Guiana		2016	25608	1.6.6 (Python v2.7.18)	PV078089
#5	1356	TER_1356_UCEDB	G18_201B	Termitidae	Nasutitermitinae		Coatitermes	Coatitermes sp2-2			French Guiana		2016	24498	1.6.6 (Python v2.7.18)	PV078090
#5	1357	TER_1357_UCEDB	G19_006	Termitidae	Nasutitermitinae		Coatitermes	Coatitermes sp2-3			French Guiana		2019	22576	1.6.6 (Python v2.7.18)	PV078091
#5	1358	TER_1358_UCEDB	G16_SUBRH	Termitidae	Nasutitermitinae		Velocitermes-gp	Velocitermes-gp sp1-1			French Guiana		2016	12832	1.6.6 (Python v2.7.18)	PX592721
#5	1359	TER_1359_UCEDB	L22-100A	Termitidae	Nasutitermitinae		Velocitermes-gp	Velocitermes-gp sp1-2			French Guiana		2019	10316	1.6.6 (Python v2.7.18)	PX592722
#5	1360	TER_1360_UCEDB	G17B_124	Termitidae	Nasutitermitinae		Agnathotermes	Agnathotermes sp1			French Guiana		2017	13524	1.6.6 (Python v2.7.18)	PX592373
#5	1361	TER_1361_UCEDB	G17B_147	Termitidae	Nasutitermitinae		Subulitermes	Subulitermes sp5			French Guiana		2017	21232	1.6.6 (Python v2.7.18)	PV078092
#5	1362	TER_1362_UCEDB	G17B_148	Termitidae	Nasutitermitinae		Araujotermes	Araujotermes sp1-1			French Guiana		2017	11326	1.6.6 (Python v2.7.18)	PV078093
#5	1363	TER_1363_UCEDB	G18_057	Termitidae	Nasutitermitinae		Araujotermes	Araujotermes sp1-2			French Guiana		2018	9306	1.6.6 (Python v2.7.18)	PV078094
#5	1364	TER_1364_UCEDB	TT18_19	Termitidae	Nasutitermitinae		Araujotermes	Araujotermes sp1-3			Trinidad		2018	10709	1.6.6 (Python v2.7.18)	PV078095
#5	1365	TER_1365_UCEDB	TT18_15	Termitidae	Nasutitermitinae		Araujotermes	Araujotermes sp1-4			Trinidad		2018	16936	1.6.6 (Python v2.7.18)	PV078096
#5	1366	TER_1366_UCEDB	TT18_24	Termitidae	Nasutitermitinae		Araujotermes	Araujotermes sp1-5			Trinidad		2018	19398	1.6.6 (Python v2.7.18)	PV078097
#5	1367	TER_1367_UCEDB	N06_100A	Termitidae	Nasutitermitinae		Araujotermes	Araujotermes sp1-6			French Guiana		2019	19433	1.6.6 (Python v2.7.18)	PV078098
#5	1368	TER_1368_UCEDB	G18_052	Termitidae	Nasutitermitinae		Atlantitermes	Atlantitermes snyderi-1			French Guiana		2018	18618	1.6.6 (Python v2.7.18)	PX592723
#5	1369	TER_1369_UCEDB	TT18_52	Termitidae	Nasutitermitinae		Atlantitermes	Atlantitermes snyderi-2			Trinidad		2018	22295	1.6.6 (Python v2.7.18)	PX592724
#5	1370	TER_1370_UCEDB	G17B_153b	Termitidae	Nasutitermitinae		Atlantitermes	Atlantitermes sp2			French Guiana		2017	28454	1.6.6 (Python v2.7.18)	PX592725
#5	1371	TER_1371_UCEDB	G18_103	Termitidae	Nasutitermitinae		Angularitermes	Angularitermes clypeatus			French Guiana		2018	21261	1.6.6 (Python v2.7.18)	PV078099
#5	1372	TER_1372_UCEDB	G18_143a	Termitidae	Nasutitermitinae		Coatitermes	Coatitermes sp3			French Guiana		2018	23802	1.6.6 (Python v2.7.18)	PV078100
#5	1373	TER_1373_UCEDB	G18_176	Termitidae	Nasutitermitinae		Caetetermes	Caetetermes taquarussu-1			French Guiana		2018	12503	1.6.6 (Python v2.7.18)	PV078101
#5	1374	TER_1374_UCEDB	G18_201A	Termitidae	Nasutitermitinae		Caetetermes	Caetetermes taquarussu-2			French Guiana		2018	24001	1.6.6 (Python v2.7.18)	PV078103
#5	1375	TER_1375_UCEDB	L19-60D	Termitidae	Nasutitermitinae		Atlantitermes	Atlantitermes sp4-1			French Guiana		2019	17805	1.6.6 (Python v2.7.18)	PV078104
#5	1376	TER_1376_UCEDB	L19-100B	Termitidae	Nasutitermitinae		Atlantitermes	Atlantitermes sp4-2			French Guiana		2019	21255	1.6.6 (Python v2.7.18)	PV078105
#5	1377	TER_1377_UCEDB	P03_30	Termitidae	Nasutitermitinae		Cyranotermes	Cyranotermes glaber			French Guiana		2019	17544	1.6.6 (Python v2.7.18)	PV078106
#5	1378	TER_1378_UCEDB	P10-60E	Termitidae	Nasutitermitinae		Velocitermes	Velocitermes group_sp2			French Guiana		2019	12886	1.6.6 (Python v2.7.18)	PX592374
#5	1379	TER_1379_UCEDB	G16_28RH	Termitidae	Nasutitermitinae		Coatitermes	Coatitermes sp4-1			French Guiana		2016	9808	1.6.6 (Python v2.7.18)	PV078107
#5	1380	TER_1380_UCEDB	G18_157	Termitidae	Nasutitermitinae		Coatitermes	Coatitermes sp4-2			French Guiana		2018	29562	1.6.6 (Python v2.7.18)	PV078108
#5	1381	TER_1381_UCEDB	G18_174	Termitidae	Nasutitermitinae		Coatitermes	Coatitermes sp4-3			French Guiana		2018	25146	1.6.6 (Python v2.7.18)	PV078109
#5	1382	TER_1382_UCEDB	G18_184	Termitidae	Nasutitermitinae		Coatitermes	Coatitermes sp4-4			French Guiana		2018	23081	1.6.6 (Python v2.7.18)	PV078110
#5	1383	TER_1383_UCEDB	P25-60A	Termitidae	Nasutitermitinae		Coatitermes	Coatitermes sp5			French Guiana		2019	18446	1.6.6 (Python v2.7.18)	PV078111
#5	1384	TER_1384_UCEDB	P-22-30-D	Termitidae	Apicotermitinae		Anoplotermes	Anoplotermes spE1			French Guiana		2019	25908	1.6.6 (Python v2.7.18)	PV078112
#5	1385	TER_1385_UCEDB	Pa-16-30-E	Termitidae	Apicotermitinae		Anoplotermes	Anoplotermes nr_distans			French Guiana		2019	17460	1.6.6 (Python v2.7.18)	PV078113
#5	1386	TER_1386_UCEDB	P-04-30-E	Termitidae	Apicotermitinae		Anoplotermes	Anoplotermes spN			French Guiana		2019	21301	1.6.6 (Python v2.7.18)	PV078114
#5	1387	TER_1387_UCEDB	P-25-100-B	Termitidae	Apicotermitinae		Anoplotermes	Anoplotermes spAW			French Guiana		2019	18003	1.6.6 (Python v2.7.18)	PX592727
#5	1388	TER_1388_UCEDB	Pa-07-30-D	Termitidae	Apicotermitinae		Anoplotermes	Anoplotermes spAP			French Guiana		2019	11672	1.6.6 (Python v2.7.18)	PX592728
#5	1389	TER_1389_UCEDB	Pb-20-30-C	Termitidae	Apicotermitinae		Anoplotermes	Anoplotermes cf_distans			French Guiana		2019	18135	1.6.6 (Python v2.7.18)	PV078116
#5	1390	TER_1390_UCEDB	G18-138	Termitidae	Microcerotermitinae		Microcerotermes	Microcerotermes exiguus			French Guiana		2014-2019	13513	1.6.6 (Python v2.7.18)	PV076132
#5	1391	TER_1391_UCEDB	TT18-03	Termitidae	Microcerotermitinae		Microcerotermes	Microcerotermes sp			Trinidad		2014-2019	3743	1.6.6 (Python v2.7.18)	PX592729
#5	1392	TER_1392_UCEDB	G16-171	Termitidae	Apicotermitinae		Anoplotermes	Anoplotermes spJ04			French Guiana		2014-2019	25400	1.6.6 (Python v2.7.18)	PV076133
#5	1393	TER_1393_UCEDB	G17-007	Termitidae	Nasutitermitinae		Cortaritermes	Cortaritermes intermedius			French Guiana		2017	10807	1.6.6 (Python v2.7.18)	PV076134
#5	1394	TER_1394_UCEDB	G17-017	Termitidae	Nasutitermitinae		Nasutitermes	Nasutitermes sp			French Guiana		2017	14667	1.6.6 (Python v2.7.18)	PV076135
#5	1395	TER_1395_UCEDB	G16-151	Termitidae	Apicotermitinae		Ruptitermes	Ruptitermes franciscoi			French Guiana		2016	8715	1.6.6 (Python v2.7.18)	PV076136
#5	1396	TER_1396_UCEDB	G16-155	Termitidae	Apicotermitinae		Anoplotermes	Anoplotermes spE4			French Guiana		2016	11118	1.6.6 (Python v2.7.18)	PV076137
#5	1397	TER_1397_UCEDB	G16-148	Termitidae	Apicotermitinae		Anoplotermes	Anoplotermes spJ01			French Guiana		2016	14398	1.6.6 (Python v2.7.18)	PV076138
#5	1398	TER_1398_UCEDB	G16-202B	Termitidae	Apicotermitinae		Anoplotermes	Anoplotermes spJ02			French Guiana		2016	16543	1.6.6 (Python v2.7.18)	PV076139
#5	1399	TER_1399_UCEDB	Nour_1-21F	Termitidae	Apicotermitinae		Ruptitermes	Ruptitermes nr_xanthochiton			French Guiana		before2010	25664	1.6.6 (Python v2.7.18)	PX592731
#5	1400	TER_1400_UCEDB	MZUSP12784	Termitidae	Nasutitermitinae		Paraconvexitermes	Paraconvexitermes acangapua			Brazil		NA	37632	1.6.6 (Python v2.7.18)	PV076140
#5	1401	TER_1401_UCEDB	MZUSP14311	Termitidae	Nasutitermitinae		Velocitermes	Velocitermes sp4			Brazil		NA	14412	1.6.6 (Python v2.7.18)	PV076141
#5	1402	TER_1402_UCEDB	MZUSP19227	Termitidae	Nasutitermitinae		Angularitermes	Angularitermes coninasus			Brazil		NA	31029	1.6.6 (Python v2.7.18)	PV076142
#5	1403	TER_1403_UCEDB	MZUSP19229	Termitidae	Nasutitermitinae		Angularitermes	Angularitermes coninasus			Brazil		NA	29730	1.6.6 (Python v2.7.18)	PX592733
#5	1404	TER_1404_UCEDB	MZUSP19231	Termitidae	Nasutitermitinae		Angularitermes	Angularitermes nasutissimus			Brazil		NA	10664	1.6.6 (Python v2.7.18)	PV076144
#5	1405	TER_1405_UCEDB	MZUSP19234	Termitidae	Nasutitermitinae		Anhangatermes	Anhangatermes macarthuri			Brazil		NA	7276	1.6.6 (Python v2.7.18)	PX592734
#5	1406	TER_1406_UCEDB	MZUSP19256	Termitidae	Nasutitermitinae		Atlantitermes	Atlantitermes oculatissimus			Brazil		NA	20137	1.6.6 (Python v2.7.18)	PV076145
#5	1407	TER_1407_UCEDB	MZUSP19334	Termitidae	Nasutitermitinae		Ereymatermes	Ereymatermes piquira			Brazil		NA	5232	1.6.6 (Python v2.7.18)	PX592735
#5	1408	TER_1408_UCEDB	MZUSP19385	Termitidae	Nasutitermitinae		Coatitermes	Coatitermes clevelandi			Brazil		NA	37621	1.6.6 (Python v2.7.18)	PV076146
#5	1409	TER_1409_UCEDB	MZUSP19388	Termitidae	Nasutitermitinae		Coatitermes	Coatitermes clevelandi			Brazil		NA	17434	1.6.6 (Python v2.7.18)	PV076147
#5	1410	TER_1410_UCEDB	MZUSP19405	Termitidae	Nasutitermitinae		Coatitermes	Coatitermes kartaboensis			Brazil		NA	25556	1.6.6 (Python v2.7.18)	PX592736
#5	1411	TER_1411_UCEDB	MZUSP19421	Termitidae	Nasutitermitinae		Coatitermes	Coatitermes kartaboensis			Brazil		NA	39084	1.6.6 (Python v2.7.18)	PX592737
#5	1412	TER_1412_UCEDB	MZUSP19439	Termitidae	Nasutitermitinae		Constrictotermes	Constrictotermes cavifrons			Brazil		NA	35989	1.6.6 (Python v2.7.18)	PV076148
#5	1413	TER_1413_UCEDB	MZUSP19440	Termitidae	Nasutitermitinae		Constrictotermes	Constrictotermes cavifrons			Brazil		NA	21666	1.6.6 (Python v2.7.18)	PV076149
#5	1414	TER_1414_UCEDB	MZUSP19443	Termitidae	Nasutitermitinae		Convexitermes	Convexitermes convexifrons			Brazil		NA	16126	1.6.6 (Python v2.7.18)	PV076150
#5	1415	TER_1415_UCEDB	MZUSP19446	Termitidae	Nasutitermitinae		Convexitermes	Convexitermes convexifrons			Brazil		NA	24310	1.6.6 (Python v2.7.18)	PX592738
#5	1416	TER_1416_UCEDB	MZUSP19448	Termitidae	Nasutitermitinae		Cyranotermes	Cyranotermes karipuna			Brazil		NA	23610	1.6.6 (Python v2.7.18)	PX592739
#5	1417	TER_1417_UCEDB	MZUSP19449	Termitidae	Nasutitermitinae		Cyranotermes	Cyranotermes karipuna			Brazil		NA	22787	1.6.6 (Python v2.7.18)	PX592740
#5	1418	TER_1418_UCEDB	MZUSP19451	Termitidae	Nasutitermitinae		Cyranotermes	Cyranotermes timuassu			Brazil		NA	3357	1.6.6 (Python v2.7.18)	PV076151
#5	1419	TER_1419_UCEDB	MZUSP19452	Termitidae	Nasutitermitinae		Cyranotermes	Cyranotermes timuassu			Brazil		NA	10438	1.6.6 (Python v2.7.18)	PV076152
#5	1420	TER_1420_UCEDB	MZUSP19456	Termitidae	Nasutitermitinae		Diversitermes	Diversitermes diversimilis			Brazil		NA	30571	1.6.6 (Python v2.7.18)	PX592742
#5	1421	TER_1421_UCEDB	MZUSP19457	Termitidae	Nasutitermitinae		Diversitermes	Diversitermes diversimilis			Brazil		NA	10699	1.6.6 (Python v2.7.18)	PV076153
#5	1422	TER_1422_UCEDB	MZUSP19458	Termitidae	Nasutitermitinae		Diversitermes	Diversitermes diversimilis			Brazil		NA	12687	1.6.6 (Python v2.7.18)	PV076154
#5	1423	TER_1423_UCEDB	MZUSP19473	Termitidae	Nasutitermitinae		Ereymatermes	Ereymatermes sp			Brazil		NA	20387	1.6.6 (Python v2.7.18)	PX592743
#5	1424	TER_1424_UCEDB	MZUSP19482	Termitidae	Nasutitermitinae		Nasutitermes	Nasutitermes acangussu			Brazil		NA	17119	1.6.6 (Python v2.7.18)	PX592744
#5	1425	TER_1425_UCEDB	MZUSP19514	Termitidae	Nasutitermitinae		Nasutitermes	Nasutitermes banksi			Brazil		NA	13273	1.6.6 (Python v2.7.18)	PX592745
#5	1426	TER_1426_UCEDB	MZUSP19522	Termitidae	Nasutitermitinae		Nasutitermes	Nasutitermes banksi			Brazil		NA	11703	1.6.6 (Python v2.7.18)	PV076155
#5	1427	TER_1427_UCEDB	MZUSP19695	Termitidae	Nasutitermitinae		Nasutitermes	Nasutitermes ephratae			Brazil		NA	7757	1.6.6 (Python v2.7.18)	PV076156
#5	1428	TER_1428_UCEDB	MZUSP19812	Termitidae	Nasutitermitinae		Nasutitermes	Nasutitermes gaigei			Brazil		NA	27673	1.6.6 (Python v2.7.18)	PX592746
#5	1429	TER_1429_UCEDB	MZUSP19917	Termitidae	Nasutitermitinae		Nasutitermes	Nasutitermes macrocephalus			Brazil		NA	21794	1.6.6 (Python v2.7.18)	PX592747
#5	1430	TER_1430_UCEDB	MZUSP19933	Termitidae	Nasutitermitinae		Nasutitermes	Nasutitermes rotundatus			Brazil		NA	25190	1.6.6 (Python v2.7.18)	PV076158
#5	1431	TER_1431_UCEDB	MZUSP20112	Termitidae	Nasutitermitinae		Nasutitermes	Nasutitermes wheeleri			Brazil		NA	8022	1.6.6 (Python v2.7.18)	PX592748
#5	1432	TER_1432_UCEDB	MZUSP20115	Termitidae	Nasutitermitinae		Nasutitermes	Nasutitermes wheeleri			Brazil		NA	14791	1.6.6 (Python v2.7.18)	PV076159
#5	1433	TER_1433_UCEDB	MZUSP20147	Termitidae	Nasutitermitinae		Nasutitermes	Nasutitermes sp06			Brazil		NA	22079	1.6.6 (Python v2.7.18)	PV076160
#5	1434	TER_1434_UCEDB	MZUSP20151	Termitidae	Nasutitermitinae		Nasutitermes	Nasutitermes sp06			Brazil		NA	19137	1.6.6 (Python v2.7.18)	PV076161
#5	1435	TER_1435_UCEDB	MZUSP20204	Termitidae	Nasutitermitinae		Sandsitermes	Sandsitermes robustus			Brazil		NA	11835	1.6.6 (Python v2.7.18)	PX592749
#5	1436	TER_1436_UCEDB	MZUSP20258	Termitidae	Nasutitermitinae		Nasutitermes	Nasutitermes sp07			Brazil		NA	36532	1.6.6 (Python v2.7.18)	PV076162
#5	1437	TER_1437_UCEDB	MZUSP20261	Termitidae	Nasutitermitinae		Nasutitermes	Nasutitermes major			Brazil		NA	13957	1.6.6 (Python v2.7.18)	PX592750
#5	1438	TER_1438_UCEDB	MZUSP20268	Termitidae	Nasutitermitinae		Nasutitermes	Nasutitermes major			Brazil		NA	24268	1.6.6 (Python v2.7.18)	PX592751
#5	1439	TER_1439_UCEDB	MZUSP20286	Termitidae	Nasutitermitinae		Nasutitermes	Nasutitermes sp09			Brazil		NA	24492	1.6.6 (Python v2.7.18)	PV076164
#5	1440	TER_1440_UCEDB	MZUSP20300	Termitidae	Nasutitermitinae		Nasutitermes	Nasutitermes sp13			Brazil		NA	28440	1.6.6 (Python v2.7.18)	PV076165
#5	1441	TER_1441_UCEDB	MZUSP20308	Termitidae	Nasutitermitinae		Nasutitermes	Nasutitermes surinamensis			Brazil		NA	24997	1.6.6 (Python v2.7.18)	PV076166
#5	1442	TER_1442_UCEDB	MZUSP20309	Termitidae	Nasutitermitinae		Nasutitermes	Nasutitermes surinamensis			Brazil		NA	20392	1.6.6 (Python v2.7.18)	PV076167
#5	1443	TER_1443_UCEDB	MZUSP20323	Termitidae	Nasutitermitinae		Nasutitermitinae_gen_nov	Nasutitermitinae_gen_nov sp_nov			Brazil		NA	10499	1.6.6 (Python v2.7.18)	PV076168
#5	1444	TER_1444_UCEDB	MZUSP20333	Termitidae	Nasutitermitinae		Paraconvexitermes	Paraconvexitermes acangapua			Brazil		NA	10372	1.6.6 (Python v2.7.18)	PV076169
#5	1445	TER_1445_UCEDB	MZUSP20380	Termitidae	Nasutitermitinae		Subulitermes	Subulitermes baileyi			Brazil		NA	23086	1.6.6 (Python v2.7.18)	PX592752
#5	1446	TER_1446_UCEDB	MZUSP20477	Termitidae	Nasutitermitinae		Triangularitermes	Triangularitermes triangulariceps			Brazil		NA	6564	1.6.6 (Python v2.7.18)	PV076170
#5	1447	TER_1447_UCEDB	MZUSP20497	Termitidae	Nasutitermitinae		Triangularitermes	Triangularitermes triangulariceps			Brazil		NA	6917	1.6.6 (Python v2.7.18)	PV076171
#5	1448	TER_1448_UCEDB	MZUSP20517	Termitidae	Nasutitermitinae		Velocitermes	Velocitermes beebei			Brazil		NA	6021	1.6.6 (Python v2.7.18)	PX592753
#5	1449	TER_1449_UCEDB	MZUSP20529	Termitidae	Nasutitermitinae		Velocitermes	Velocitermes sp2			Brazil		NA	15814	1.6.6 (Python v2.7.18)	PV076172
#5	1450	TER_1450_UCEDB	MZUSP20534	Termitidae	Nasutitermitinae		Velocitermes	Velocitermes sp2			Brazil		NA	24844	1.6.6 (Python v2.7.18)	PV076173
#5	1451	TER_1451_UCEDB	MZUSP23366	Termitidae	Nasutitermitinae		Nasutitermes	Nasutitermes macrocephalus			Brazil		NA	12830	1.6.6 (Python v2.7.18)	PV076175
#5	1452	TER_1452_UCEDB	MZUSP23367	Termitidae	Nasutitermitinae		Nasutitermes	Nasutitermes aquilinus			Brazil		NA	4100	1.6.6 (Python v2.7.18)	PV076176
#5	1453	TER_1453_UCEDB	MZUSP23481	Termitidae	Nasutitermitinae		Nasutitermes	Nasutitermes jaraguae			Brazil		NA	10039	1.6.6 (Python v2.7.18)	PV076177
#5	1454	TER_1454_UCEDB	MZUSP23485	Termitidae	Nasutitermitinae		Nasutitermes	Nasutitermes jaraguae			Brazil		NA	17703	1.6.6 (Python v2.7.18)	PV076178
#5	1455	TER_1455_UCEDB	MZUSP23620	Termitidae	Nasutitermitinae		Nasutitermes	Nasutitermes corniger			Brazil		NA	6266	1.6.6 (Python v2.7.18)	PV076179
#5	1456	TER_1456_UCEDB	MZUSP23741	Termitidae	Nasutitermitinae		Agnathotermes	Agnathotermes glaber			Brazil		NA	26037	1.6.6 (Python v2.7.18)	PX592754
#5	1457	TER_1457_UCEDB	MZUSP23743	Termitidae	Nasutitermitinae		Agnathotermes	Agnathotermes glaber			Brazil		NA	8669	1.6.6 (Python v2.7.18)	PX592375
#5	1458	TER_1458_UCEDB	MZUSP23748	Termitidae	Nasutitermitinae		Parvitermes	Parvitermes sp			Brazil		NA	16432	1.6.6 (Python v2.7.18)	PX592755
#5	1459	TER_1459_UCEDB	MZUSP23753	Termitidae	Nasutitermitinae		Parvitermes	Parvitermes sp			Brazil		NA	11313	1.6.6 (Python v2.7.18)	PV076180
#5	1460	TER_1460_UCEDB	MZUSP23755	Termitidae	Nasutitermitinae		Parvitermes	Parvitermes sp			Brazil		NA	15219	1.6.6 (Python v2.7.18)	PV076181
#5	1461	TER_1461_UCEDB	MZUSP23766	Termitidae	Nasutitermitinae		Parvitermes	Parvitermes sp			Brazil		NA	18397	1.6.6 (Python v2.7.18)	PV076182
#5	1462	TER_1462_UCEDB	MZUSP23795	Termitidae	Nasutitermitinae		Angularitermes	Angularitermes pinocchio			Brazil		NA	11187	1.6.6 (Python v2.7.18)	PV076183
#5	1463	TER_1463_UCEDB	MZUSP23797	Termitidae	Nasutitermitinae		Angularitermes	Angularitermes pinocchio			Brazil		NA	7217	1.6.6 (Python v2.7.18)	PX592757
#5	1464	TER_1464_UCEDB	MZUSP24085	Termitidae	Syntermitinae		Acangaobitermes	Acangaobitermes krishnai			Brazil		NA	24531	1.6.6 (Python v2.7.18)	PX592758
#5	1465	TER_1465_UCEDB	MZUSP24093	Termitidae	Nasutitermitinae		Velocitermes	Velocitermes sp			Brazil		NA	12922	1.6.6 (Python v2.7.18)	PV076184
#5	1466	TER_1466_UCEDB	MZUSP24211	Termitidae	Nasutitermitinae		Subulitermes	Subulitermes microsoma			Brazil		NA	9798	1.6.6 (Python v2.7.18)	PX592759
#5	1467	TER_1467_UCEDB	MZUSP24232	Termitidae	Nasutitermitinae		Araujotermes	Araujotermes caissara			Brazil		NA	12922	1.6.6 (Python v2.7.18)	PV076185
#5	1468	TER_1468_UCEDB	MZUSP24297	Termitidae	Nasutitermitinae		Subulitermes	Subulitermes microsoma			Brazil		NA	15572	1.6.6 (Python v2.7.18)	PV076186
#5	1469	TER_1469_UCEDB	MZUSP24299	Termitidae	Nasutitermitinae		Parvitermes	Parvitermes bacchanalis			Brazil		NA	7733	1.6.6 (Python v2.7.18)	PV076187
#5	1470	TER_1470_UCEDB	MZUSP24301	Termitidae	Nasutitermitinae		Convexitermes	Convexitermes manni			Brazil		NA	600	1.6.6 (Python v2.7.18)	PV076188
#5	1471	TER_1471_UCEDB	MZUSP24303	Termitidae	Nasutitermitinae		Paraconvexitermes	Paraconvexitermes junceus			Brazil		NA	13235	1.6.6 (Python v2.7.18)	PV076189
#5	1472	TER_1472_UCEDB	MZUSP24304	Termitidae	Nasutitermitinae		Paraconvexitermes	Paraconvexitermes junceus			Brazil		NA	5003	1.6.6 (Python v2.7.18)	PV076190
#5	1473	TER_1473_UCEDB	MZUSP24383	Termitidae	Nasutitermitinae		Rotunditermes	Rotunditermes sp			Brazil		NA	12376	1.6.6 (Python v2.7.18)	PV076191
#5	1474	TER_1474_UCEDB	MZUSP24384	Termitidae	Nasutitermitinae		Rotunditermes	Rotunditermes sp			Brazil		NA	6866	1.6.6 (Python v2.7.18)	PV076192
#5	1475	TER_1475_UCEDB	MZUSP24389	Termitidae	Nasutitermitinae		Araujotermes	Araujotermes parvellus			Brazil		NA	7773	1.6.6 (Python v2.7.18)	PV076193
#5	1476	TER_1476_UCEDB	MZUSP24391	Termitidae	Nasutitermitinae		Araujotermes	Araujotermes parvellus			Brazil		NA	13370	1.6.6 (Python v2.7.18)	PV076194
#5	1477	TER_1477_UCEDB	MZUSP24393	Termitidae	Nasutitermitinae		Subulitermes	Subulitermes constricticeps			Brazil		NA	6186	1.6.6 (Python v2.7.18)	PV076195
#5	1478	TER_1478_UCEDB	MZUSP24394	Termitidae	Nasutitermitinae		Subulitermes	Subulitermes microsoma			Brazil		NA	14105	1.6.6 (Python v2.7.18)	PV076196
#5	1479	TER_1479_UCEDB	MZUSP24400	Termitidae	Nasutitermitinae		Paraconvexitermes	Paraconvexitermes junceus			Brazil		NA	13457	1.6.6 (Python v2.7.18)	PV076197
#5	1480	TER_1480_UCEDB	MZUSP24435	Termitidae	Nasutitermitinae		Nasutitermes	Nasutitermes corniger			Brazil		NA	5358	1.6.6 (Python v2.7.18)	PV078223
#5	1481	TER_1481_UCEDB	MZUSP24436	Termitidae	Nasutitermitinae		Nasutitermes	Nasutitermes corniger			Brazil		NA	18996	1.6.6 (Python v2.7.18)	PV078224
#5	1482	TER_1482_UCEDB	MZUSP24437	Termitidae	Nasutitermitinae		Nasutitermes	Nasutitermes corniger			Brazil		NA	9451	1.6.6 (Python v2.7.18)	PV078225
#5	1483	TER_1483_UCEDB	MZUSP24439	Termitidae	Nasutitermitinae		Nasutitermes	Nasutitermes sp			Brazil		NA	11123	1.6.6 (Python v2.7.18)	PV078226
#5	1484	TER_1484_UCEDB	MZUSP24667	Termitidae	Nasutitermitinae		Diversitermes	Diversitermes castaniceps			Brazil		NA	15202	1.6.6 (Python v2.7.18)	PV078227
#5	1485	TER_1485_UCEDB	MZUSP24716	Termitidae	Nasutitermitinae		Cortaritermes	Cortaritermes fulviceps			Brazil		NA	7707	1.6.6 (Python v2.7.18)	PV078228
#5	1486	TER_1486_UCEDB	MZUSP24719	Termitidae	Nasutitermitinae		Cortaritermes	Cortaritermes fulviceps			Brazil		NA	6885	1.6.6 (Python v2.7.18)	PV078229
#5	1487	TER_1487_UCEDB	MZUSP24727	Termitidae	Nasutitermitinae		Cortaritermes	Cortaritermes rizzinii			Brazil		NA	9509	1.6.6 (Python v2.7.18)	PV078230
#5	1488	TER_1488_UCEDB	MZUSP24731	Termitidae	Nasutitermitinae		Velocitermes	Velocitermes sp			Brazil		NA	13496	1.6.6 (Python v2.7.18)	PX592762
#5	1489	TER_1489_UCEDB	MZUSP24738	Termitidae	Nasutitermitinae		Velocitermes	Velocitermes sp			Brazil		NA	2962	1.6.6 (Python v2.7.18)	PV078231
#5	1490	TER_1490_UCEDB	MZUSP24739	Termitidae	Nasutitermitinae		Velocitermes	Velocitermes sp			Brazil		NA	11188	1.6.6 (Python v2.7.18)	PV078232
#5	1491	TER_1491_UCEDB	MZUSP24947	Termitidae	Nasutitermitinae		Nasutitermes	Nasutitermes ephratae			Brazil		NA	4461	1.6.6 (Python v2.7.18)	PV078233
#5	1492	TER_1492_UCEDB	MZUSP24950	Termitidae	Nasutitermitinae		Nasutitermes	Nasutitermes ephratae			Brazil		NA	3688	1.6.6 (Python v2.7.18)	PV078234
#5	1493	TER_1493_UCEDB	MZUSP24962	Termitidae	Nasutitermitinae		Nasutitermes	Nasutitermes sp			Brazil		NA	2932	1.6.6 (Python v2.7.18)	PV078235
#5	1494	TER_1494_UCEDB	MZUSP24968	Termitidae	Nasutitermitinae		Nasutitermes	Nasutitermes kemneri			Brazil		NA	5257	1.6.6 (Python v2.7.18)	PV078236
#5	1495	TER_1495_UCEDB	MZUSP25076	Termitidae	Nasutitermitinae		Nasutitermes	Nasutitermes sp			Brazil		NA	7123	1.6.6 (Python v2.7.18)	PV078237
#5	1496	TER_1496_UCEDB	MZUSP25078	Termitidae	Nasutitermitinae		Nasutitermes	Nasutitermes kemneri			Brazil		NA	1226	1.6.6 (Python v2.7.18)	PV078238
#5	1497	TER_1497_UCEDB	MZUSP25148	Termitidae	Nasutitermitinae		Nasutitermes	Nasutitermes jaraguae			Brazil		NA	3757	1.6.6 (Python v2.7.18)	PV078239
#5	1498	TER_1498_UCEDB	MZUSP25151	Termitidae	Nasutitermitinae		Nasutitermes	Nasutitermes guayanae			Brazil		NA	4517	1.6.6 (Python v2.7.18)	PV078240
#5	1499	TER_1499_UCEDB	MZUSP25185	Termitidae	Nasutitermitinae		Cortaritermes	Cortaritermes intermedius			Brazil		NA	6028	1.6.6 (Python v2.7.18)	PV078241
#5	1500	TER_1500_UCEDB	MZUSP25208	Termitidae	Nasutitermitinae		Cortaritermes	Cortaritermes intermedius			Brazil		NA	9025	1.6.6 (Python v2.7.18)	PV078242
#5	1501	TER_1501_UCEDB	MZUSP25252	Termitidae	Nasutitermitinae		Nasutitermes	Nasutitermes aquilinus			Brazil		NA	2255	1.6.6 (Python v2.7.18)	PV078243
#5	1502	TER_1502_UCEDB	MZUSP25253	Termitidae	Nasutitermitinae		Nasutitermes	Nasutitermes corniger			Brazil		NA	7074	1.6.6 (Python v2.7.18)	PV078244
#5	1503	TER_1503_UCEDB	MZUSP25254	Termitidae	Nasutitermitinae		Nasutitermes	Nasutitermes nr_rotundatus			Brazil		NA	1240	1.6.6 (Python v2.7.18)	PV078245
#5	1504	TER_1504_UCEDB	MZUSP25255	Termitidae	Nasutitermitinae		Nasutitermes	Nasutitermes nr_rotundatus			Brazil		NA	14203	1.6.6 (Python v2.7.18)	PV078246
#5	1505	TER_1505_UCEDB	MZUSP25261	Termitidae	Nasutitermitinae		Nasutitermes	Nasutitermes octopilis			Brazil		NA	4837	1.6.6 (Python v2.7.18)	PV078247
#5	1506	TER_1506_UCEDB	MZUSP25264	Termitidae	Nasutitermitinae		Nasutitermes	Nasutitermes similis			Brazil		NA	7367	1.6.6 (Python v2.7.18)	PV078248
#5	1507	TER_1507_UCEDB	MZUSP25266	Termitidae	Nasutitermitinae		Nasutitermes	Nasutitermes guayanae			Brazil		NA	3905	1.6.6 (Python v2.7.18)	PV078249
#5	1508	TER_1508_UCEDB	MZUSP25268	Termitidae	Nasutitermitinae		Nasutitermes	Nasutitermes sp			Brazil		NA	5217	1.6.6 (Python v2.7.18)	PV078250
#5	1509	TER_1509_UCEDB	MZUSP25271	Termitidae	Nasutitermitinae		Nasutitermes	Nasutitermes nr_coxipoensis_spA			Brazil		NA	6254	1.6.6 (Python v2.7.18)	PV078251
#5	1510	TER_1510_UCEDB	MZUSP25274	Termitidae	Nasutitermitinae		Nasutitermes	Nasutitermes banksi			Brazil		NA	13144	1.6.6 (Python v2.7.18)	PV608492
#5	1511	TER_1511_UCEDB	MZUSP25275	Termitidae	Nasutitermitinae		Nasutitermes	Nasutitermes callimorphus			Brazil		NA	16914	1.6.6 (Python v2.7.18)	PV078253
#5	1512	TER_1512_UCEDB	MZUSP25276	Termitidae	Nasutitermitinae		Nasutitermes	Nasutitermes banksi			Brazil		NA	10481	1.6.6 (Python v2.7.18)	PX592763
#5	1513	TER_1513_UCEDB	MZUSP25281	Termitidae	Nasutitermitinae		Nasutitermes	Nasutitermes similis			Brazil		NA	22406	1.6.6 (Python v2.7.18)	PV078254
#5	1514	TER_1514_UCEDB	MZUSP25291	Termitidae	Nasutitermitinae		Nasutitermes	Nasutitermes nr_rotundatus			Brazil		NA	21116	1.6.6 (Python v2.7.18)	PV078255
#5	1515	TER_1515_UCEDB	MZUSP25292	Termitidae	Nasutitermitinae		Nasutitermes	Nasutitermes nr_rotundatus			Brazil		NA	11874	1.6.6 (Python v2.7.18)	PV078256
#5	1516	TER_1516_UCEDB	MZUSP25294	Termitidae	Nasutitermitinae		Nasutitermes	Nasutitermes sp			Brazil		NA	37725	1.6.6 (Python v2.7.18)	PV078257
#5	1517	TER_1517_UCEDB	MZUSP25297	Termitidae	Nasutitermitinae		Nasutitermes	Nasutitermes nr_ephratae			Brazil		NA	15647	1.6.6 (Python v2.7.18)	PV078258
#5	1518	TER_1518_UCEDB	MZUSP25299	Termitidae	Nasutitermitinae		Nasutitermes	Nasutitermes nr_rotundatus			Brazil		NA	15915	1.6.6 (Python v2.7.18)	PV078259
#5	1519	TER_1519_UCEDB	MZUSP25310	Termitidae	Nasutitermitinae		Nasutitermes	Nasutitermes sp			Brazil		NA	12092	1.6.6 (Python v2.7.18)	PV078260
#5	1520	TER_1520_UCEDB	MZUSP25318	Termitidae	Nasutitermitinae		Nasutitermes	Nasutitermes nr_rotundatus			Brazil		NA	8474	1.6.6 (Python v2.7.18)	PV078261
#5	1521	TER_1521_UCEDB	MZUSP25393	Termitidae	Nasutitermitinae		Constrictotermes	Constrictotermes cyphergaster			Brazil		NA	18032	1.6.6 (Python v2.7.18)	PV078262
#5	1522	TER_1522_UCEDB	MZUSP25405	Termitidae	Nasutitermitinae		Diversitermes	Diversitermes castaniceps			Brazil		NA	9754	1.6.6 (Python v2.7.18)	PV078263
#5	1523	TER_1523_UCEDB	MZUSP25692	Termitidae	Nasutitermitinae		Nasutitermes	Nasutitermes sp			Brazil		NA	11189	1.6.6 (Python v2.7.18)	PV078264
#5	1524	TER_1524_UCEDB	MZUSP25733	Termitidae	Nasutitermitinae		Nasutitermes	Nasutitermes ehrhardti			Brazil		NA	10201	1.6.6 (Python v2.7.18)	PV078265
#5	1525	TER_1525_UCEDB	MZUSP25755	Termitidae	Nasutitermitinae		Nasutitermes	Nasutitermes sp			Brazil		NA	11440	1.6.6 (Python v2.7.18)	PV078266
#5	1526	TER_1526_UCEDB	MZUSP25756	Termitidae	Nasutitermitinae		Mulleritermes	Mulleritermes globiceps			Brazil		NA	6724	1.6.6 (Python v2.7.18)	PX592765
#5	1527	TER_1527_UCEDB	MZUSP25766	Termitidae	Nasutitermitinae		Nasutitermes	Nasutitermes kemneri			Brazil		NA	11707	1.6.6 (Python v2.7.18)	PV078267
#5	1528	TER_1528_UCEDB	MZUSP25770	Termitidae	Nasutitermitinae		Nasutitermes	Nasutitermes kemneri			Brazil		NA	90	1.6.6 (Python v2.7.18)	PV078268
#5	1529	TER_1529_UCEDB	MZUSP25780	Termitidae	Nasutitermitinae		Nasutitermes	Nasutitermes sp			Brazil		NA	38617	1.6.6 (Python v2.7.18)	PV078270
#5	1530	TER_1530_UCEDB	MZUSP25791	Termitidae	Nasutitermitinae		Nasutitermes	Nasutitermes wheeleri			Brazil		NA	7767	1.6.6 (Python v2.7.18)	PV078271
#5	1531	TER_1531_UCEDB	MZUSP25798	Termitidae	Nasutitermitinae		Nasutitermes	Nasutitermes nr_coxipoensis_spC			Brazil		NA	9250	1.6.6 (Python v2.7.18)	PV078272
#5	1532	TER_1532_UCEDB	MZUSP25827	Termitidae	Nasutitermitinae		Nasutitermes	Nasutitermes kemneri			Brazil		NA	1186	1.6.6 (Python v2.7.18)	PX592766
#5	1533	TER_1533_UCEDB	MZUSP25862	Termitidae	Nasutitermitinae		Nasutitermes	Nasutitermes corniger			Brazil		NA	10145	1.6.6 (Python v2.7.18)	PV171414
#5	1534	TER_1534_UCEDB	MZUSP25981	Termitidae	Nasutitermitinae		Nasutitermes	Nasutitermes gaigei			Brazil		NA	18295	1.6.6 (Python v2.7.18)	PX592767
#5	1535	TER_1535_UCEDB	MZUSP26231	Termitidae	Nasutitermitinae		Nasutitermes	Nasutitermes nr_rotundatus			Brazil		NA	3209	1.6.6 (Python v2.7.18)	PV171415
#5	1536	TER_1536_UCEDB	MZUSP26282	Termitidae	Nasutitermitinae		Constrictotermes	Constrictotermes cyphergaster			Brazil		NA	24773	1.6.6 (Python v2.7.18)	PV171416
#5	1537	TER_1537_UCEDB	MZUSP26295	Termitidae	Nasutitermitinae		Velocitermes	Velocitermes sp			Brazil		NA	11210	1.6.6 (Python v2.7.18)	PV171417
#5	1538	TER_1538_UCEDB	MZUSP26297	Termitidae	Nasutitermitinae		Velocitermes	Velocitermes cf_velox			Brazil		NA	12960	1.6.6 (Python v2.7.18)	PV171418
#5	1539	TER_1539_UCEDB	MZUSP26300	Termitidae	Nasutitermitinae		Velocitermes	Velocitermes heteropterus			Brazil		NA	13970	1.6.6 (Python v2.7.18)	PV171420
#5	1540	TER_1540_UCEDB	MZUSP26447	Termitidae	Nasutitermitinae		Constrictotermes	Constrictotermes cyphergaster			Brazil		NA	2872	1.6.6 (Python v2.7.18)	PV171421
#5	1541	TER_1541_UCEDB	MZUSP26452	Termitidae	Nasutitermitinae		Cortaritermes	Cortaritermes rizzinii			Brazil		NA	12667	1.6.6 (Python v2.7.18)	PV171422
#5	1542	TER_1542_UCEDB	MZUSP26724	Termitidae	Nasutitermitinae		Velocitermes	Velocitermes cf_velox			Brazil		NA	12663	1.6.6 (Python v2.7.18)	PV171423
#5	1543	TER_1543_UCEDB	MZUSP26753	Termitidae	Nasutitermitinae		Velocitermes	Velocitermes sp			Brazil		NA	4937	1.6.6 (Python v2.7.18)	PV171424
#5	1544	TER_1544_UCEDB	MZUSP26756	Termitidae	Nasutitermitinae		Velocitermes	Velocitermes velox			Brazil		NA	7875	1.6.6 (Python v2.7.18)	PV171425
#5	1545	TER_1545_UCEDB	MZUSP10347	Termitidae	Nasutitermitinae		Constrictotermes	Constrictotermes rupestris			Brazil		NA	5474	1.6.6 (Python v2.7.18)	PX592768
#5	1546	TER_1546_UCEDB	MZUSP10348	Termitidae	Nasutitermitinae		Constrictotermes	Constrictotermes rupestris			Brazil		NA	9587	1.6.6 (Python v2.7.18)	PX592769
#5	1547	TER_1547_UCEDB	MZUSP11346	Termitidae	Nasutitermitinae		Diversitermes	Diversitermes tiapuan			Brazil		NA	1551	1.6.6 (Python v2.7.18)	PX592770
#5	1548	TER_1548_UCEDB	MZUSP12070	Termitidae	Nasutitermitinae		Obtusitermes	Obtusitermes formosulus			Venezuela		NA	8807	1.6.6 (Python v2.7.18)	PV171427
#5	1549	TER_1549_UCEDB	MZUSP16387	Termitidae	Nasutitermitinae		Velocitermes	Velocitermes heteropterus			Brazil		NA	17974	1.6.6 (Python v2.7.18)	PX592771
#5	1550	TER_1550_UCEDB	MZUSP20340	Termitidae	Nasutitermitinae		Rotunditermes	Rotunditermes bragantinus			Brazil		NA	4544	1.6.6 (Python v2.7.18)	PX592772
#5	1551	TER_1551_UCEDB	MZUSP23318	Termitidae	Nasutitermitinae		Mulleritermes	Mulleritermes fritzi			Brazil		NA	1723	1.6.6 (Python v2.7.18)	PV171428
#5	1552	TER_1552_UCEDB	MZUSP23479	Termitidae	Nasutitermitinae		Nasutitermes	Nasutitermes ehrhardti			Brazil		NA	9698	1.6.6 (Python v2.7.18)	PV171429
#5	1553	TER_1553_UCEDB	MZUSP23492	Termitidae	Nasutitermitinae		Nasutitermes	Nasutitermes sp3			Brazil		NA	8174	1.6.6 (Python v2.7.18)	PV171430
#5	1554	TER_1554_UCEDB	MZUSP23510	Termitidae	Nasutitermitinae		Nasutitermes	Nasutitermes ehrhardti			Brazil		NA	5952	1.6.6 (Python v2.7.18)	PX592774
#5	1555	TER_1555_UCEDB	MZUSP23905	Termitidae	Nasutitermitinae		Velocitermes	Velocitermes sp			Brazil		NA	4654	1.6.6 (Python v2.7.18)	PX592775
#5	1556	TER_1556_UCEDB	MZUSP25014	Termitidae	Nasutitermitinae		Velocitermes	Velocitermes heteropterus			Brazil		NA	13938	1.6.6 (Python v2.7.18)	PX592777
#5	1557	TER_1557_UCEDB	MZUSP25219	Termitidae	Nasutitermitinae		Velocitermes	Velocitermes sp			Brazil		NA	11538	1.6.6 (Python v2.7.18)	PV171431
#5	1558	TER_1558_UCEDB	MZUSP25508	Termitidae	Nasutitermitinae		Velocitermes	Velocitermes spn			Brazil		NA	17044	1.6.6 (Python v2.7.18)	PV171432
#5	1559	TER_1559_UCEDB	MZUSP27471	Termitidae	Nasutitermitinae		Nasutitermes	Nasutitermes ephratae			Brazil		NA	22281	1.6.6 (Python v2.7.18)	PV171433
#5	1560	TER_1560_UCEDB	MZUSP24729	Termitidae	Nasutitermitinae		Velocitermes	Velocitermes heteropterus			Brazil		NA	7762	1.6.6 (Python v2.7.18)	PX592778
#5	1561	TER_1561_UCEDB	MZUSP13049	Termitidae	Apicotermitinae		Apicotermitinae_n_gen5	Apicotermitinae_n_gen5 sp5			Brazil		2010	9677	1.6.6 (Python v2.7.18)	PV171435
#5	1562	TER_1562_UCEDB	MZUSP13073	Termitidae	Apicotermitinae		Longustitermes	Longustitermes sp			Brazil		2010	11047	1.6.6 (Python v2.7.18)	PV171436
#5	1563	TER_1563_UCEDB	MZUSP13088	Termitidae	Apicotermitinae		Apicotermitinae_n_gen12	Apicotermitinae_n_gen12 sp6			Brazil		2010	16633	1.6.6 (Python v2.7.18)	PV171437
#5	1564	TER_1564_UCEDB	MZUSP13119	Termitidae	Apicotermitinae		Longustitermes	Longustitermes sp			Brazil		2010	26204	1.6.6 (Python v2.7.18)	PX592779
#5	1565	TER_1565_UCEDB	MZUSP13200	Termitidae	Apicotermitinae		Anoplotermes	Anoplotermes sp9			Brazil		2010	23955	1.6.6 (Python v2.7.18)	PX592780
#5	1566	TER_1566_UCEDB	MZUSP13226	Termitidae	Apicotermitinae		Anoplotermes	Anoplotermes sp8			Brazil		2010	26896	1.6.6 (Python v2.7.18)	PX592781
#5	1567	TER_1567_UCEDB	MZUSP13234	Termitidae	Apicotermitinae		Anoplotermes	Anoplotermes sp1			Brazil		2010	30647	1.6.6 (Python v2.7.18)	PX592782
#5	1568	TER_1568_UCEDB	MZUSP13235	Termitidae	Apicotermitinae		Anoplotermes	Anoplotermes sp7			Brazil		2010	23895	1.6.6 (Python v2.7.18)	PX592783
#5	1569	TER_1569_UCEDB	MZUSP16756	Termitidae	Apicotermitinae		Anoplotermes	Anoplotermes sp			Brazil		2010	18224	1.6.6 (Python v2.7.18)	PV171439
#5	1570	TER_1570_UCEDB	MZUSP16797	Termitidae	Apicotermitinae		Anoplotermes	Anoplotermes sp			Brazil		2010	20209	1.6.6 (Python v2.7.18)	PX592784
#5	1571	TER_1571_UCEDB	MZUSP16927	Termitidae	Apicotermitinae		Anoplotermes	Anoplotermes sp			Brazil		2011	19683	1.6.6 (Python v2.7.18)	PV171440
#5	1572	TER_1572_UCEDB	MZUSP17007	Termitidae	Apicotermitinae		Anoplotermes	Anoplotermes sp1			Brazil		2010	21374	1.6.6 (Python v2.7.18)	PX592786
#5	1573	TER_1573_UCEDB	MZUSP17101	Termitidae	Apicotermitinae		Mangolditermes	Mangolditermes curveileum			Brazil		2010	12601	1.6.6 (Python v2.7.18)	PX592787
#5	1574	TER_1574_UCEDB	MZUSP17106	Termitidae	Apicotermitinae		Mangolditermes	Mangolditermes curveileum			Brazil		2010	10336	1.6.6 (Python v2.7.18)	PV171441
#5	1575	TER_1575_UCEDB	MZUSP17127	Termitidae	Apicotermitinae		Apicotermitinae	Apicotermitinae sp			Brazil		2010	30060	1.6.6 (Python v2.7.18)	PX592788
#5	1576	TER_1576_UCEDB	MZUSP17135	Termitidae	Apicotermitinae		Apicotermitinae	Apicotermitinae sp			Brazil		2012	26004	1.6.6 (Python v2.7.18)	PV171442
#5	1577	TER_1577_UCEDB	MZUSP17167	Termitidae	Apicotermitinae		Apicotermitinae_n_gen12	Apicotermitinae_n_gen12 sp6			Brazil		2010	21175	1.6.6 (Python v2.7.18)	PX592789
#5	1578	TER_1578_UCEDB	MZUSP17193	Termitidae	Apicotermitinae		Tonsuritermes	Tonsuritermes tucki			Brazil		2010	16314	1.6.6 (Python v2.7.18)	PX592790
#5	1579	TER_1579_UCEDB	MZUSP17225	Termitidae	Apicotermitinae		Rubeotermes	Rubeotermes jheringi			Brazil		2011	29295	1.6.6 (Python v2.7.18)	PX592791
#5	1580	TER_1580_UCEDB	MZUSP17250	Termitidae	Apicotermitinae		Rustitermes	Rustitermes boteroi			Brazil		2012	16329	1.6.6 (Python v2.7.18)	PV171443
#5	1581	TER_1581_UCEDB	MZUSP17298	Termitidae	Apicotermitinae		Apicotermitinae_n_gen5	Apicotermitinae_n_gen5 sp1			Brazil		2010	27409	1.6.6 (Python v2.7.18)	PX592792
#5	1582	TER_1582_UCEDB	MZUSP17314	Termitidae	Apicotermitinae		Apicotermitinae_n_gen5	Apicotermitinae_n_gen5 sp1			Brazil		2011	21125	1.6.6 (Python v2.7.18)	PX592793
#5	1583	TER_1583_UCEDB	MZUSP17348	Termitidae	Apicotermitinae		Apicotermitinae_n_gen5	Apicotermitinae_n_gen5 sp5			Brazil		2011	26463	1.6.6 (Python v2.7.18)	PV171444
#5	1584	TER_1584_UCEDB	MZUSP17352	Termitidae	Apicotermitinae		Apicotermitinae_n_gen5	Apicotermitinae_n_gen5 sp5			Brazil		2012	23995	1.6.6 (Python v2.7.18)	PV171445
#5	1585	TER_1585_UCEDB	MZUSP17364	Termitidae	Apicotermitinae		Longustitermes	Longustitermes sp			Brazil		2012	13824	1.6.6 (Python v2.7.18)	PX592794
#5	1586	TER_1586_UCEDB	MZUSP17491	Termitidae	Apicotermitinae		Longustitermes	Longustitermes manni			Brazil		2010	12618	1.6.6 (Python v2.7.18)	PX592795
#5	1587	TER_1587_UCEDB	MZUSP17527	Termitidae	Apicotermitinae		Disjunctitermes	Disjunctitermes insularis			Brazil		2010	14064	1.6.6 (Python v2.7.18)	PX592796
#5	1588	TER_1588_UCEDB	MZUSP17529	Termitidae	Apicotermitinae		Apicotermitinae	Apicotermitinae sp			Brazil		2010	9652	1.6.6 (Python v2.7.18)	PV171446
#5	1589	TER_1589_UCEDB	MZUSP17535	Termitidae	Apicotermitinae		Apicotermitinae_n_gen8	Apicotermitinae_n_gen8 sp1			Brazil		2010	18327	1.6.6 (Python v2.7.18)	PX592798
#5	1590	TER_1590_UCEDB	MZUSP17551	Termitidae	Apicotermitinae		Apicotermitinae_n_gen8	Apicotermitinae_n_gen8 sp1			Brazil		2011	33648	1.6.6 (Python v2.7.18)	PX592799
#5	1591	TER_1591_UCEDB	MZUSP17554	Termitidae	Apicotermitinae		Apicotermitinae_n_gen8	Apicotermitinae_n_gen8 sp2			Brazil		2010	18481	1.6.6 (Python v2.7.18)	PX592800
#5	1592	TER_1592_UCEDB	MZUSP17562	Termitidae	Apicotermitinae		Apicotermitinae_n_gen9	Apicotermitinae_n_gen9 sp1			Brazil		2010	28171	1.6.6 (Python v2.7.18)	PX592801
#5	1593	TER_1593_UCEDB	MZUSP17590	Termitidae	Apicotermitinae		Apicotermitinae	Apicotermitinae sp			Brazil		2011	32554	1.6.6 (Python v2.7.18)	PX592802
#5	1594	TER_1594_UCEDB	MZUSP17594	Termitidae	Apicotermitinae		Apicotermitinae_n_gen10	Apicotermitinae_n_gen10 sp2			Brazil		2010	10586	1.6.6 (Python v2.7.18)	PV171447
#5	1595	TER_1595_UCEDB	MZUSP17599	Termitidae	Apicotermitinae		Apicotermitinae_n_gen10	Apicotermitinae_n_gen10 sp3			Brazil		2010	28139	1.6.6 (Python v2.7.18)	PX592803
#5	1596	TER_1596_UCEDB	MZUSP17737	Termitidae	Apicotermitinae		Anoplotermes	Anoplotermes janus			Brazil		2010	21877	1.6.6 (Python v2.7.18)	PX592804
#5	1597	TER_1597_UCEDB	MZUSP17783	Termitidae	Apicotermitinae		Apicotermitinae_n_gen11	Apicotermitinae_n_gen11 sp5			Brazil		2010	10580	1.6.6 (Python v2.7.18)	PV171449
#5	1598	TER_1598_UCEDB	MZUSP17786	Termitidae	Apicotermitinae		Apicotermitinae_n_gen11	Apicotermitinae_n_gen11 sp5			Brazil		2011	3693	1.6.6 (Python v2.7.18)	PX592805
#5	1599	TER_1599_UCEDB	MZUSP17789	Termitidae	Apicotermitinae		Apicotermitinae_n_gen11	Apicotermitinae_n_gen11 sp7			Brazil		2011	14895	1.6.6 (Python v2.7.18)	PX592806
#5	1600	TER_1600_UCEDB	MZUSP17794	Termitidae	Apicotermitinae		Apicotermitinae_n_gen12	Apicotermitinae_n_gen12 sp			Brazil		2010	12769	1.6.6 (Python v2.7.18)	PX592807
#5	1601	TER_1601_UCEDB	MZUSP17813	Termitidae	Apicotermitinae		Hydrecotermes	Hydrecotermes kawaii			Brazil		2012	24063	1.6.6 (Python v2.7.18)	PX592841
#5	1602	TER_1602_UCEDB	MZUSP17820	Termitidae	Apicotermitinae		Hydrecotermes	Hydrecotermes kawaii			Brazil		2010	3039	1.6.6 (Python v2.7.18)	PX592842
#5	1603	TER_1603_UCEDB	MZUSP17883	Termitidae	Apicotermitinae		Apicotermitinae_n_gen12	Apicotermitinae_n_gen12 sp8			Brazil		2010	14361	1.6.6 (Python v2.7.18)	PX592843
#5	1604	TER_1604_UCEDB	MZUSP17934	Termitidae	Apicotermitinae		Patawatermes	Patawatermes nigripunctatus			Brazil		2011	16382	1.6.6 (Python v2.7.18)	PX592376
#5	1605	TER_1605_UCEDB	MZUSP17983	Termitidae	Apicotermitinae		Apicotermitinae	Apicotermitinae sp			Brazil		2011	7294	1.6.6 (Python v2.7.18)	PX592844
#5	1606	TER_1606_UCEDB	MZUSP18041	Termitidae	Apicotermitinae		Aparatermes	Aparatermes sp			Brazil		2010	22251	1.6.6 (Python v2.7.18)	PX592846
#5	1607	TER_1607_UCEDB	MZUSP18886	Termitidae	Apicotermitinae		Apicotermitinae_n_gen13	Apicotermitinae_n_gen13 sp			Brazil		2011	27448	1.6.6 (Python v2.7.18)	PX592847
#5	1608	TER_1608_UCEDB	MZUSP18908	Termitidae	Apicotermitinae		Apicotermitinae_n_gen5	Apicotermitinae_n_gen5 sp5			Brazil		2011	22582	1.6.6 (Python v2.7.18)	PX592377
#5	1609	TER_1609_UCEDB	MZUSP19092	Termitidae	Apicotermitinae		Apicotermitinae_n_gen5	Apicotermitinae_n_gen5 sp4			Brazil		2011	33740	1.6.6 (Python v2.7.18)	PX592848
#5	1610	TER_1610_UCEDB	MZUSP19095	Termitidae	Apicotermitinae		Anoplotermes	Anoplotermes sp9			Brazil		2011	32168	1.6.6 (Python v2.7.18)	PX592849
#5	1611	TER_1611_UCEDB	MZUSP19096	Termitidae	Apicotermitinae		Apicotermitinae	Apicotermitinae sp			Brazil		2011	24636	1.6.6 (Python v2.7.18)	PX592378
#5	1612	TER_1612_UCEDB	MZUSP23834	Termitidae	Apicotermitinae		Apicotermitinae	Apicotermitinae sp			Brazil		2015	15210	1.6.6 (Python v2.7.18)	PX592850
#5	1613	TER_1613_UCEDB	MZUSP23835	Termitidae	Apicotermitinae		Humutermes	Humutermes sp			Brazil		2015	25093	1.6.6 (Python v2.7.18)	PX592379
#5	1614	TER_1614_UCEDB	MZUSP23836	Termitidae	Apicotermitinae		Apicotermitinae	Apicotermitinae sp			Brazil		2015	3110	1.6.6 (Python v2.7.18)	PX592851
#5	1615	TER_1615_UCEDB	MZUSP23861	Termitidae	Apicotermitinae		Apicotermitinae	Apicotermitinae sp			Brazil		2015	25709	1.6.6 (Python v2.7.18)	PX592852
#5	1616	TER_1616_UCEDB	MZUSP24036	Termitidae	Apicotermitinae		Apicotermitinae	Apicotermitinae sp			Brazil		2015	24803	1.6.6 (Python v2.7.18)	PX592853
#5	1617	TER_1617_UCEDB	MZUSP24039	Termitidae	Apicotermitinae		Aparatermes	Aparatermes silvestrii			Brazil		2015	18310	1.6.6 (Python v2.7.18)	PX592380
#5	1618	TER_1618_UCEDB	MZUSP24044	Termitidae	Apicotermitinae		Aparatermes	Aparatermes silvestrii			Brazil		2015	20609	1.6.6 (Python v2.7.18)	PX592381
#5	1619	TER_1619_UCEDB	MZUSP24048	Termitidae	Apicotermitinae		Patawatermes	Patawatermes sp			Brazil		2015	13872	1.6.6 (Python v2.7.18)	PX592854
#5	1620	TER_1620_UCEDB	MZUSP24054	Termitidae	Apicotermitinae		Apicotermitinae	Apicotermitinae sp			Brazil		2015	14162	1.6.6 (Python v2.7.18)	PX592382
#5	1621	TER_1621_UCEDB	MZUSP24063	Termitidae	Apicotermitinae		Apicotermitinae	Apicotermitinae sp			Brazil		2015	24885	1.6.6 (Python v2.7.18)	PX592855
#5	1622	TER_1622_UCEDB	MZUSP24064	Termitidae	Apicotermitinae		Apicotermitinae	Apicotermitinae sp			Brazil		2015	18747	1.6.6 (Python v2.7.18)	PX592856
#5	1623	TER_1623_UCEDB	MZUSP24067	Termitidae	Apicotermitinae		Apicotermitinae	Apicotermitinae sp			Brazil		2015	21536	1.6.6 (Python v2.7.18)	PX592857
#5	1624	TER_1624_UCEDB	MZUSP24072	Termitidae	Apicotermitinae		Aparatermes	Aparatermes silvestrii			Brazil		2015	23728	1.6.6 (Python v2.7.18)	PX592383
#5	1625	TER_1625_UCEDB	MZUSP24073	Termitidae	Apicotermitinae		Apicotermitinae	Apicotermitinae sp			Brazil		2015	15227	1.6.6 (Python v2.7.18)	PX592384
#5	1626	TER_1626_UCEDB	MZUSP24077	Termitidae	Apicotermitinae		Apicotermitinae	Apicotermitinae sp			Brazil		2015	10137	1.6.6 (Python v2.7.18)	PX592858
#5	1627	TER_1627_UCEDB	MZUSP24079	Termitidae	Apicotermitinae		Apicotermitinae	Apicotermitinae sp			Brazil		2015	16240	1.6.6 (Python v2.7.18)	PX592859
#5	1628	TER_1628_UCEDB	MZUSP24081	Termitidae	Apicotermitinae		Apicotermitinae	Apicotermitinae sp			Brazil		2015	23780	1.6.6 (Python v2.7.18)	PX592860
#5	1629	TER_1629_UCEDB	MZUSP24083	Termitidae	Apicotermitinae		Apicotermitinae	Apicotermitinae sp			Brazil		2015	18087	1.6.6 (Python v2.7.18)	PX592861
#5	1630	TER_1630_UCEDB	MZUSP24084	Termitidae	Apicotermitinae		Dissimulitermes	Dissimulitermes sp			Brazil		2015	20019	1.6.6 (Python v2.7.18)	PX592862
#5	1631	TER_1631_UCEDB	MZUSP24555	Termitidae	Apicotermitinae		Anoplotermes	Anoplotermes sp			Brazil		2014	18543	1.6.6 (Python v2.7.18)	PX592863
#5	1632	TER_1632_UCEDB	MZUSP24556	Termitidae	Apicotermitinae		Hydrecotermes	Hydrecotermes sp			Brazil		2014	18677	1.6.6 (Python v2.7.18)	PX592864
#5	1633	TER_1633_UCEDB	MZUSP24558	Termitidae	Apicotermitinae		Hydrecotermes	Hydrecotermes sp			Brazil		2014	18970	1.6.6 (Python v2.7.18)	PX025816
#5	1634	TER_1634_UCEDB	MZUSP24561	Termitidae	Apicotermitinae		Apicotermitinae	Apicotermitinae sp			Brazil		2014	16533	1.6.6 (Python v2.7.18)	PX025817
#5	1635	TER_1635_UCEDB	MZUSP24563	Termitidae	Apicotermitinae		Hydrecotermes	Hydrecotermes sp			Brazil		2014	18093	1.6.6 (Python v2.7.18)	PX592865
#5	1636	TER_1636_UCEDB	MZUSP24564	Termitidae	Apicotermitinae		Hydrecotermes	Hydrecotermes sp			Brazil		2014	14507	1.6.6 (Python v2.7.18)	PX592866
#5	1637	TER_1637_UCEDB	MZUSP24570	Termitidae	Apicotermitinae		Apicotermitinae	Apicotermitinae sp			Brazil		2014	13732	1.6.6 (Python v2.7.18)	PX592867
#5	1638	TER_1638_UCEDB	MZUSP24573	Termitidae	Apicotermitinae		Hydrecotermes	Hydrecotermes sp			Brazil		2015	13431	1.6.6 (Python v2.7.18)	PX592868
#5	1639	TER_1639_UCEDB	MZUSP24700	Termitidae	Apicotermitinae		Anoplotermes	Anoplotermes sp			Brazil		2015	10172	1.6.6 (Python v2.7.18)	PX025818
#5	1640	TER_1640_UCEDB	MZUSP24701	Termitidae	Apicotermitinae		Patawatermes	Patawatermes sp			Brazil		2015	15716	1.6.6 (Python v2.7.18)	PX025819
#5	1641	TER_1641_UCEDB	MZUSP24702	Termitidae	Apicotermitinae		Patawatermes	Patawatermes sp			Brazil		2015	15318	1.6.6 (Python v2.7.18)	PX025820
#5	1642	TER_1642_UCEDB	MZUSP24703	Termitidae	Apicotermitinae		Humutermes	Humutermes krishnai			Brazil		2016	19361	1.6.6 (Python v2.7.18)	PX025821
#5	1643	TER_1643_UCEDB	MZUSP24708	Termitidae	Apicotermitinae		aff_Hydrecotermes	aff_Hydrecotermes sp			Brazil		2014	17189	1.6.6 (Python v2.7.18)	PX025822
#5	1644	TER_1644_UCEDB	MZUSP24709	Termitidae	Apicotermitinae		Apicotermitinae	Apicotermitinae sp			Brazil		2015	18064	1.6.6 (Python v2.7.18)	PX025823
#5	1645	TER_1645_UCEDB	MZUSP24710	Termitidae	Apicotermitinae		Apicotermitinae	Apicotermitinae sp			Brazil		2015	13477	1.6.6 (Python v2.7.18)	PX592869
#5	1646	TER_1646_UCEDB	MZUSP24711	Termitidae	Apicotermitinae		Apicotermitinae	Apicotermitinae sp			Brazil		2016	16437	1.6.6 (Python v2.7.18)	PX025824
#5	1647	TER_1647_UCEDB	MZUSP24771	Termitidae	Apicotermitinae		Ruptitermes	Ruptitermes sp			Brazil		2015	16725	1.6.6 (Python v2.7.18)	PX025825
#5	1648	TER_1648_UCEDB	MZUSP24772	Termitidae	Apicotermitinae		Ruptitermes	Ruptitermes sp			Brazil		2016	16579	1.6.6 (Python v2.7.18)	PX025826
#5	1649	TER_1649_UCEDB	MZUSP24874	Termitidae	Apicotermitinae		Patawatermes	Patawatermes sp			Brazil		2015	11888	1.6.6 (Python v2.7.18)	PX025827
#5	1650	TER_1650_UCEDB	MZUSP24876	Termitidae	Apicotermitinae		Patawatermes	Patawatermes sp			Brazil		2014	22480	1.6.6 (Python v2.7.18)	PX025828
#5	1651	TER_1651_UCEDB	MZUSP24886	Termitidae	Apicotermitinae		Rustitermes	Rustitermes sp			Brazil		2015	16238	1.6.6 (Python v2.7.18)	PX025829
#5	1652	TER_1652_UCEDB	MZUSP24897	Termitidae	Apicotermitinae		Anoplotermes	Anoplotermes sp			Brazil		2015	15128	1.6.6 (Python v2.7.18)	PX025830
#5	1653	TER_1653_UCEDB	MZUSP24972	Termitidae	Apicotermitinae		Apicotermitinae	Apicotermitinae sp			Brazil		2015	9161	1.6.6 (Python v2.7.18)	PX025831
#5	1654	TER_1654_UCEDB	MZUSP24973	Termitidae	Apicotermitinae		Apicotermitinae	Apicotermitinae sp			Brazil		2015	28954	1.6.6 (Python v2.7.18)	PX592870
#5	1655	TER_1655_UCEDB	MZUSP24974	Termitidae	Apicotermitinae		Patawatermes	Patawatermes sp			Brazil		2015	14333	1.6.6 (Python v2.7.18)	PX025832
#5	1656	TER_1656_UCEDB	MZUSP24976	Termitidae	Apicotermitinae		Apicotermitinae	Apicotermitinae sp			Brazil		2015	11931	1.6.6 (Python v2.7.18)	PX025833
#5	1657	TER_1657_UCEDB	MZUSP24977	Termitidae	Apicotermitinae		Apicotermitinae	Apicotermitinae sp			Brazil		2015	8332	1.6.6 (Python v2.7.18)	PX592871
#5	1658	TER_1658_UCEDB	MZUSP24978	Termitidae	Apicotermitinae		Patawatermes	Patawatermes sp			Brazil		2015	7888	1.6.6 (Python v2.7.18)	PV990895
#5	1659	TER_1659_UCEDB	MZUSP24979	Termitidae	Apicotermitinae		Anoplotermes	Anoplotermes pacificus			Brazil		2015	23943	1.6.6 (Python v2.7.18)	PV990896
#5	1660	TER_1660_UCEDB	MZUSP24980	Termitidae	Apicotermitinae		Apicotermitinae	Apicotermitinae sp			Brazil		2015	7925	1.6.6 (Python v2.7.18)	PX592872
#5	1661	TER_1661_UCEDB	MZUSP24982	Termitidae	Apicotermitinae		Longustitermes	Longustitermes sp			Brazil		2015	26491	1.6.6 (Python v2.7.18)	PX592873
#5	1662	TER_1662_UCEDB	MZUSP25006	Termitidae	Apicotermitinae		Aparatermes	Aparatermes sp			Brazil		2015	15191	1.6.6 (Python v2.7.18)	PV990897
#5	1663	TER_1663_UCEDB	MZUSP25024	Termitidae	Apicotermitinae		Patawatermes	Patawatermes sp			Brazil		2015	17386	1.6.6 (Python v2.7.18)	PP669224
#5	1664	TER_1664_UCEDB	MZUSP25027	Termitidae	Apicotermitinae		Apicotermitinae	Apicotermitinae sp			Brazil		2015	27523	1.6.6 (Python v2.7.18)	PP669225
#5	1665	TER_1665_UCEDB	MZUSP25028	Termitidae	Apicotermitinae		Apicotermitinae	Apicotermitinae sp			Brazil		2015	17426	1.6.6 (Python v2.7.18)	PP669226
#5	1666	TER_1666_UCEDB	MZUSP25029	Termitidae	Apicotermitinae		Patawatermes	Patawatermes sp			Brazil		2015	10942	1.6.6 (Python v2.7.18)	PP669227
#5	1667	TER_1667_UCEDB	MZUSP25036	Termitidae	Apicotermitinae		Apicotermitinae	Apicotermitinae sp			Brazil		2015	18411	1.6.6 (Python v2.7.18)	PX592809
#5	1668	TER_1668_UCEDB	MZUSP25038	Termitidae	Apicotermitinae		Apicotermitinae	Apicotermitinae sp			Brazil		2015	16642	1.6.6 (Python v2.7.18)	PP669228
#5	1669	TER_1669_UCEDB	MZUSP25039	Termitidae	Apicotermitinae		Patawatermes	Patawatermes sp			Brazil		2014	15415	1.6.6 (Python v2.7.18)	PP669229
#5	1670	TER_1670_UCEDB	MZUSP25043	Termitidae	Apicotermitinae		Anoplotermes	Anoplotermes sp			Brazil		2015	15409	1.6.6 (Python v2.7.18)	PP669230
#5	1671	TER_1671_UCEDB	MZUSP25046	Termitidae	Apicotermitinae		Rubeotermes	Rubeotermes jheringi			Brazil		2015	28175	1.6.6 (Python v2.7.18)	PP669232
#5	1672	TER_1672_UCEDB	MZUSP25047	Termitidae	Apicotermitinae		Aparatermes	Aparatermes silvestrii			Brazil		2015	13819	1.6.6 (Python v2.7.18)	PP669233
#5	1673	TER_1673_UCEDB	MZUSP25048	Termitidae	Apicotermitinae		Apicotermitinae	Apicotermitinae sp			Brazil		2015	17351	1.6.6 (Python v2.7.18)	PP669234
#5	1674	TER_1674_UCEDB	MZUSP25049	Termitidae	Apicotermitinae		Patawatermes	Patawatermes sp			Brazil		2015	11156	1.6.6 (Python v2.7.18)	PP669235
#5	1675	TER_1675_UCEDB	MZUSP25050	Termitidae	Apicotermitinae		Rubeotermes	Rubeotermes jheringi			Brazil		2015	15550	1.6.6 (Python v2.7.18)	PX592810
#5	1676	TER_1676_UCEDB	MZUSP25055	Termitidae	Apicotermitinae		Aparatermes	Aparatermes silvestrii			Brazil		2015	16022	1.6.6 (Python v2.7.18)	PX592811
#5	1677	TER_1677_UCEDB	MZUSP25057	Termitidae	Apicotermitinae		Aparatermes	Aparatermes silvestrii			Brazil		2015	25091	1.6.6 (Python v2.7.18)	PP669236
#5	1678	TER_1678_UCEDB	MZUSP25059	Termitidae	Apicotermitinae		Aparatermes	Aparatermes silvestrii			Brazil		2015	18373	1.6.6 (Python v2.7.18)	PP669237
#5	1679	TER_1679_UCEDB	MZUSP25141	Termitidae	Apicotermitinae		Dissimulitermes	Dissimulitermes sp			Brazil		2014	16095	1.6.6 (Python v2.7.18)	PP669238
#5	1680	TER_1680_UCEDB	MZUSP25143	Termitidae	Apicotermitinae		Dissimulitermes	Dissimulitermes sp			Brazil		2014	18508	1.6.6 (Python v2.7.18)	PP669239
#5	1681	TER_1681_UCEDB	MZUSP25173	Termitidae	Apicotermitinae		Apicotermitinae	Apicotermitinae sp			Brazil		2016	2129	1.6.6 (Python v2.7.18)	PP669240
#5	1682	TER_1682_UCEDB	MZUSP25175	Termitidae	Apicotermitinae		Patawatermes	Patawatermes sp			Brazil		2016	12453	1.6.6 (Python v2.7.18)	PP669241
#5	1683	TER_1683_UCEDB	MZUSP25178	Termitidae	Apicotermitinae		Humutermes	Humutermes krishnai			Brazil		2016	22574	1.6.6 (Python v2.7.18)	PP669242
#5	1684	TER_1684_UCEDB	MZUSP25186	Termitidae	Apicotermitinae		Patawatermes	Patawatermes sp			Brazil		2016	12231	1.6.6 (Python v2.7.18)	PP669243
#5	1685	TER_1685_UCEDB	MZUSP25187	Termitidae	Apicotermitinae		Apicotermitinae	Apicotermitinae sp			Brazil		2016	22822	1.6.6 (Python v2.7.18)	PX592813
#5	1686	TER_1686_UCEDB	MZUSP25190	Termitidae	Apicotermitinae		Aparatermes	Aparatermes thornatus			Brazil		2016	14451	1.6.6 (Python v2.7.18)	PX592814
#5	1687	TER_1687_UCEDB	MZUSP25202	Termitidae	Apicotermitinae		Apicotermitinae	Apicotermitinae sp			Brazil		2016	727	1.6.6 (Python v2.7.18)	PX592815
#5	1688	TER_1688_UCEDB	MZUSP25205	Termitidae	Apicotermitinae		Patawatermes	Patawatermes sp			Brazil		2016	15030	1.6.6 (Python v2.7.18)	PP669245
#5	1689	TER_1689_UCEDB	MZUSP25206	Termitidae	Apicotermitinae		Anoplotermes	Anoplotermes banski			Brazil		2016	17836	1.6.6 (Python v2.7.18)	PP669246
#5	1690	TER_1690_UCEDB	MZUSP25210	Termitidae	Apicotermitinae		Aparatermes	Aparatermes silvestrii			Brazil		2016	15289	1.6.6 (Python v2.7.18)	PP669247
#5	1691	TER_1691_UCEDB	MZUSP25211	Termitidae	Apicotermitinae		Apicotermitinae	Apicotermitinae sp			Brazil		2016	15439	1.6.6 (Python v2.7.18)	PP669248
#5	1692	TER_1692_UCEDB	MZUSP25213	Termitidae	Apicotermitinae		Apicotermitinae	Apicotermitinae sp			Brazil		2016	16893	1.6.6 (Python v2.7.18)	PX592816
#5	1693	TER_1693_UCEDB	MZUSP25215	Termitidae	Apicotermitinae		Apicotermitinae	Apicotermitinae sp			Brazil		2016	31897	1.6.6 (Python v2.7.18)	PP669249
#5	1694	TER_1694_UCEDB	MZUSP25222	Termitidae	Apicotermitinae		Apicotermitinae	Apicotermitinae sp			Brazil		2016	15145	1.6.6 (Python v2.7.18)	PP669250
#5	1695	TER_1695_UCEDB	MZUSP25227	Termitidae	Apicotermitinae		Apicotermitinae	Apicotermitinae sp			Brazil		2016	14322	1.6.6 (Python v2.7.18)	PP669251
#5	1696	TER_1696_UCEDB	MZUSP25233	Termitidae	Apicotermitinae		Apicotermitinae	Apicotermitinae sp			Brazil		2016	29135	1.6.6 (Python v2.7.18)	PP669252
#5	1697	TER_1697_UCEDB	MZUSP25235	Termitidae	Apicotermitinae		Apicotermitinae	Apicotermitinae sp			Brazil		2016	15842	1.6.6 (Python v2.7.18)	PP669253
#5	1698	TER_1698_UCEDB	MZUSP25240	Termitidae	Apicotermitinae		Apicotermitinae	Apicotermitinae sp			Brazil		2016	17342	1.6.6 (Python v2.7.18)	PV990898
#5	1699	TER_1699_UCEDB	MZUSP25241	Termitidae	Apicotermitinae		Apicotermitinae	Apicotermitinae sp			Brazil		2016	31497	1.6.6 (Python v2.7.18)	PP669254
#5	1700	TER_1700_UCEDB	MZUSP25243	Termitidae	Apicotermitinae		Apicotermitinae	Apicotermitinae sp			Brazil		2015	10041	1.6.6 (Python v2.7.18)	PP669255
#5	1701	TER_1701_UCEDB	MZUSP25244	Termitidae	Apicotermitinae		Hydrecotermes	Hydrecotermes sp			Brazil		2015	9583	1.6.6 (Python v2.7.18)	PP669256
#5	1702	TER_1702_UCEDB	MZUSP25250	Termitidae	Apicotermitinae		Hydrecotermes	Hydrecotermes sp			Brazil		2016	39275	1.6.6 (Python v2.7.18)	PX592818
#5	1703	TER_1703_UCEDB	MZUSP25390	Termitidae	Apicotermitinae		Apicotermitinae	Apicotermitinae sp			Brazil		2015	22299	1.6.6 (Python v2.7.18)	PP669258
#5	1704	TER_1704_UCEDB	MZUSP25399	Termitidae	Apicotermitinae		Apicotermitinae	Apicotermitinae sp			Brazil		2017	27641	1.6.6 (Python v2.7.18)	PP669259
#5	1705	TER_1705_UCEDB	MZUSP25401	Termitidae	Apicotermitinae		Apicotermitinae	Apicotermitinae sp			Brazil		NA	24973	1.6.6 (Python v2.7.18)	PP669260
#5	1706	TER_1706_UCEDB	MZUSP25409	Termitidae	Apicotermitinae		Apicotermitinae	Apicotermitinae sp			Brazil		2015	21180	1.6.6 (Python v2.7.18)	PP669261
#5	1707	TER_1707_UCEDB	MZUSP25411	Termitidae	Apicotermitinae		Rustitermes	Rustitermes sp			Brazil		2015	17626	1.6.6 (Python v2.7.18)	PP700571
#5	1708	TER_1708_UCEDB	MZUSP25412	Termitidae	Apicotermitinae		Compositermes	Compositermes bani			Brazil		2015	21590	1.6.6 (Python v2.7.18)	PX592819
#5	1709	TER_1709_UCEDB	MZUSP25413	Termitidae	Apicotermitinae		Aparatermes	Aparatermes silvestrii			Brazil		2015	19119	1.6.6 (Python v2.7.18)	PP700572
#5	1710	TER_1710_UCEDB	MZUSP25420	Termitidae	Apicotermitinae		Humutermes	Humutermes krishnai			Brazil		2015	26876	1.6.6 (Python v2.7.18)	PP700573
#5	1711	TER_1711_UCEDB	MZUSP25422	Termitidae	Apicotermitinae		Longustitermes	Longustitermes sp			Brazil		2015	35922	1.6.6 (Python v2.7.18)	PP700574
#5	1712	TER_1712_UCEDB	MZUSP25428	Termitidae	Apicotermitinae		Humutermes	Humutermes krishnai			Brazil		2015	13797	1.6.6 (Python v2.7.18)	PP700575
#5	1713	TER_1713_UCEDB	MZUSP25429	Termitidae	Apicotermitinae		Ruptitermes	Ruptitermes sp			Brazil		2015	26264	1.6.6 (Python v2.7.18)	PP700576
#5	1714	TER_1714_UCEDB	MZUSP25434	Termitidae	Apicotermitinae		Longustitermes	Longustitermes sp			Brazil		2015	17171	1.6.6 (Python v2.7.18)	PX592820
#5	1715	TER_1715_UCEDB	MZUSP25451	Termitidae	Apicotermitinae		Compositermes	Compositermes vindai			Brazil		2015	2359	1.6.6 (Python v2.7.18)	PP700577
#5	1716	TER_1716_UCEDB	MZUSP25455	Termitidae	Apicotermitinae		aff_Hydrecotermes	aff_Hydrecotermes sp			Brazil		2014	11427	1.6.6 (Python v2.7.18)	PX592821
#5	1717	TER_1717_UCEDB	MZUSP25456	Termitidae	Apicotermitinae		Apicotermitinae	Apicotermitinae sp			Brazil		2014	6188	1.6.6 (Python v2.7.18)	PX592822
#5	1718	TER_1718_UCEDB	MZUSP25458	Termitidae	Apicotermitinae		Apicotermitinae	Apicotermitinae sp			Brazil		2015	23786	1.6.6 (Python v2.7.18)	PP700579
#5	1719	TER_1719_UCEDB	MZUSP25460	Termitidae	Apicotermitinae		Patawatermes	Patawatermes sp			Brazil		2015	18329	1.6.6 (Python v2.7.18)	PP700580
#5	1720	TER_1720_UCEDB	MZUSP25466	Termitidae	Apicotermitinae		aff_Hydrecotermes	aff_Hydrecotermes sp			Brazil		2015	19744	1.6.6 (Python v2.7.18)	PP700581
#5	1721	TER_1721_UCEDB	MZUSP25467	Termitidae	Apicotermitinae		Anoplotermes	Anoplotermes sp			Brazil		2014	26691	1.6.6 (Python v2.7.18)	PP700582
#5	1722	TER_1722_UCEDB	MZUSP25470	Termitidae	Apicotermitinae		aff_Hydrecotermes	aff_Hydrecotermes sp			Brazil		2014	17826	1.6.6 (Python v2.7.18)	PP700583
#5	1723	TER_1723_UCEDB	MZUSP25482	Termitidae	Apicotermitinae		Patawatermes	Patawatermes sp			Brazil		2014	9391	1.6.6 (Python v2.7.18)	PP700584
#5	1724	TER_1724_UCEDB	MZUSP25483	Termitidae	Apicotermitinae		Apicotermitinae	Apicotermitinae sp			Brazil		2015	17031	1.6.6 (Python v2.7.18)	PP700585
#5	1725	TER_1725_UCEDB	MZUSP25484	Termitidae	Apicotermitinae		Apicotermitinae	Apicotermitinae sp			Brazil		2015	23304	1.6.6 (Python v2.7.18)	PP700586
#5	1726	TER_1726_UCEDB	MZUSP25485	Termitidae	Apicotermitinae		aff_Hydrecotermes	aff_Hydrecotermes sp			Brazil		2014	7796	1.6.6 (Python v2.7.18)	PX592823
#5	1727	TER_1727_UCEDB	MZUSP25489	Termitidae	Apicotermitinae		Apicotermitinae	Apicotermitinae sp			Brazil		2015	8733	1.6.6 (Python v2.7.18)	PP700588
#5	1728	TER_1728_UCEDB	MZUSP25492	Termitidae	Apicotermitinae		Apicotermitinae	Apicotermitinae sp			Brazil		2015	23946	1.6.6 (Python v2.7.18)	PP700589
#5	1729	TER_1729_UCEDB	MZUSP25493	Termitidae	Apicotermitinae		Apicotermitinae	Apicotermitinae sp			Brazil		2015	20895	1.6.6 (Python v2.7.18)	PP700590
#5	1730	TER_1730_UCEDB	MZUSP25497	Termitidae	Apicotermitinae		Hydrecotermes	Hydrecotermes sp			Brazil		2015	27612	1.6.6 (Python v2.7.18)	PP700591
#5	1731	TER_1731_UCEDB	MZUSP25503	Termitidae	Apicotermitinae		Apicotermitinae	Apicotermitinae sp			Brazil		2015	29861	1.6.6 (Python v2.7.18)	PP700592
#5	1732	TER_1732_UCEDB	MZUSP25505	Termitidae	Apicotermitinae		Rustitermes	Rustitermes sp			Brazil		2015	21621	1.6.6 (Python v2.7.18)	PP700593
#5	1733	TER_1733_UCEDB	MZUSP25510	Termitidae	Apicotermitinae		Hydrecotermes	Hydrecotermes sp			Brazil		2014	9604	1.6.6 (Python v2.7.18)	PX592824
#5	1734	TER_1734_UCEDB	MZUSP25513	Termitidae	Apicotermitinae		Aparatermes	Aparatermes silvestrii			Brazil		2015	12417	1.6.6 (Python v2.7.18)	PX592825
#5	1735	TER_1735_UCEDB	MZUSP25514	Termitidae	Apicotermitinae		Anoplotermes	Anoplotermes sp			Brazil		2014	21208	1.6.6 (Python v2.7.18)	PX592826
#5	1736	TER_1736_UCEDB	MZUSP25519	Termitidae	Apicotermitinae		Hydrecotermes	Hydrecotermes kawaii			Brazil		2015	21802	1.6.6 (Python v2.7.18)	PX592827
#5	1737	TER_1737_UCEDB	MZUSP25520	Termitidae	Apicotermitinae		Apicotermitinae	Apicotermitinae sp			Brazil		2015	18934	1.6.6 (Python v2.7.18)	PX592828
#5	1738	TER_1738_UCEDB	MZUSP25521	Termitidae	Apicotermitinae		Apicotermitinae	Apicotermitinae sp			Brazil		2014	32604	1.6.6 (Python v2.7.18)	PP700595
#5	1739	TER_1739_UCEDB	MZUSP25526	Termitidae	Apicotermitinae		Humutermes	Humutermes noiroti			Brazil		2015	12247	1.6.6 (Python v2.7.18)	PP700596
#5	1740	TER_1740_UCEDB	MZUSP25532	Termitidae	Apicotermitinae		Apicotermitinae	Apicotermitinae sp			Brazil		2015	14405	1.6.6 (Python v2.7.18)	PX592829
#5	1741	TER_1741_UCEDB	MZUSP25533	Termitidae	Apicotermitinae		Aparatermes	Aparatermes sp			Brazil		2015	14765	1.6.6 (Python v2.7.18)	PP700597
#5	1742	TER_1742_UCEDB	MZUSP25534	Termitidae	Apicotermitinae		Apicotermitinae	Apicotermitinae sp			Brazil		2015	17062	1.6.6 (Python v2.7.18)	PP700598
#5	1743	TER_1743_UCEDB	MZUSP25535	Termitidae	Apicotermitinae		Grigiotermes	Grigiotermes hageni			Brazil		2016	7385	1.6.6 (Python v2.7.18)	PP700599
#5	1744	TER_1744_UCEDB	MZUSP25536	Termitidae	Apicotermitinae		Longustitermes	Longustitermes manni			Brazil		2016	7281	1.6.6 (Python v2.7.18)	PP700600
#5	1745	TER_1745_UCEDB	MZUSP25540	Termitidae	Apicotermitinae		Apicotermitinae	Apicotermitinae sp			Brazil		2016	20524	1.6.6 (Python v2.7.18)	PP700601
#5	1746	TER_1746_UCEDB	MZUSP25541	Termitidae	Apicotermitinae		Apicotermitinae	Apicotermitinae sp			Brazil		2015	18582	1.6.6 (Python v2.7.18)	PP700602
#5	1747	TER_1747_UCEDB	MZUSP25542	Termitidae	Apicotermitinae		Aparatermes	Aparatermes sp			Brazil		2015	13456	1.6.6 (Python v2.7.18)	PP700603
#5	1748	TER_1748_UCEDB	MZUSP25543	Termitidae	Apicotermitinae		Longustitermes	Longustitermes manni			Brazil		2016	9965	1.6.6 (Python v2.7.18)	PP700604
#5	1749	TER_1749_UCEDB	MZUSP25545	Termitidae	Apicotermitinae		Hydrecotermes	Hydrecotermes kawaii			Brazil		2016	18799	1.6.6 (Python v2.7.18)	PX592874
#5	1750	TER_1750_UCEDB	MZUSP25546	Termitidae	Apicotermitinae		Apicotermitinae	Apicotermitinae sp			Brazil		2015	12126	1.6.6 (Python v2.7.18)	PP700605
#5	1751	TER_1751_UCEDB	MZUSP25547	Termitidae	Apicotermitinae		Aparatermes	Aparatermes aff_thornatus			Brazil		2016	14440	1.6.6 (Python v2.7.18)	PP700606
#5	1752	TER_1752_UCEDB	MZUSP25548	Termitidae	Apicotermitinae		Apicotermitinae	Apicotermitinae sp			Brazil		2015	10754	1.6.6 (Python v2.7.18)	PX592875
#5	1753	TER_1753_UCEDB	MZUSP25549	Termitidae	Apicotermitinae		Apicotermitinae	Apicotermitinae sp			Brazil		2016	24153	1.6.6 (Python v2.7.18)	PP700608
#5	1754	TER_1754_UCEDB	MZUSP25550	Termitidae	Apicotermitinae		Apicotermitinae	Apicotermitinae sp			Brazil		2016	19088	1.6.6 (Python v2.7.18)	PP700609
#5	1755	TER_1755_UCEDB	MZUSP25551	Termitidae	Apicotermitinae		Apicotermitinae	Apicotermitinae sp			Brazil		2016	22849	1.6.6 (Python v2.7.18)	PX592876
#5	1756	TER_1756_UCEDB	MZUSP25552	Termitidae	Apicotermitinae		Hydrecotermes	Hydrecotermes sp			Brazil		2015	16822	1.6.6 (Python v2.7.18)	PP700610
#5	1757	TER_1757_UCEDB	MZUSP25553	Termitidae	Apicotermitinae		Compositermes	Compositermes vindai			Brazil		2016	19764	1.6.6 (Python v2.7.18)	PP700611
#5	1758	TER_1758_UCEDB	MZUSP25555	Termitidae	Apicotermitinae		Apicotermitinae	Apicotermitinae sp			Brazil		2016	25530	1.6.6 (Python v2.7.18)	PX592877
#5	1759	TER_1759_UCEDB	MZUSP25556	Termitidae	Apicotermitinae		Apicotermitinae	Apicotermitinae sp			Brazil		2016	18372	1.6.6 (Python v2.7.18)	PP700612
#5	1760	TER_1760_UCEDB	MZUSP25557	Termitidae	Apicotermitinae		Apicotermitinae	Apicotermitinae sp			Brazil		2016	12709	1.6.6 (Python v2.7.18)	PP700613
#5	1761	TER_1761_UCEDB	MZUSP25559	Termitidae	Apicotermitinae		Hydrecotermes	Hydrecotermes kawaii			Brazil		2016	17162	1.6.6 (Python v2.7.18)	PX592878
#5	1762	TER_1762_UCEDB	MZUSP25560	Termitidae	Apicotermitinae		Rustitermes	Rustitermes sp			Brazil		2015	12570	1.6.6 (Python v2.7.18)	PP700614
#5	1763	TER_1763_UCEDB	MZUSP25561	Termitidae	Apicotermitinae		Longustitermes	Longustitermes sp			Brazil		2016	20914	1.6.6 (Python v2.7.18)	PP700615
#5	1764	TER_1764_UCEDB	MZUSP25562	Termitidae	Apicotermitinae		Humutermes	Humutermes noiroti			Brazil		2015	27709	1.6.6 (Python v2.7.18)	PP700616
#5	1765	TER_1765_UCEDB	MZUSP25563	Termitidae	Apicotermitinae		Apicotermitinae	Apicotermitinae sp			Brazil		2016	15487	1.6.6 (Python v2.7.18)	PP700617
#5	1766	TER_1766_UCEDB	MZUSP25564	Termitidae	Apicotermitinae		Apicotermitinae	Apicotermitinae sp			Brazil		2016	17994	1.6.6 (Python v2.7.18)	PP700618
#5	1767	TER_1767_UCEDB	MZUSP25565	Termitidae	Apicotermitinae		Apicotermitinae	Apicotermitinae sp			Brazil		2016	29565	1.6.6 (Python v2.7.18)	PP700619
#5	1768	TER_1768_UCEDB	MZUSP25566	Termitidae	Apicotermitinae		Patawatermes	Patawatermes sp			Brazil		2016	17425	1.6.6 (Python v2.7.18)	PP700620
#5	1769	TER_1769_UCEDB	MZUSP25567	Termitidae	Apicotermitinae		Rustitermes	Rustitermes sp			Brazil		2016	20276	1.6.6 (Python v2.7.18)	PP700621
#5	1770	TER_1770_UCEDB	MZUSP25568	Termitidae	Apicotermitinae		Aparatermes	Aparatermes cingulatus			Brazil		2015	14995	1.6.6 (Python v2.7.18)	PP700622
#5	1771	TER_1771_UCEDB	MZUSP25569	Termitidae	Apicotermitinae		Rustitermes	Rustitermes sp			Brazil		2016	18755	1.6.6 (Python v2.7.18)	PP700623
#5	1772	TER_1772_UCEDB	MZUSP25571	Termitidae	Apicotermitinae		Anoplotermes	Anoplotermes sp			Brazil		2015	29724	1.6.6 (Python v2.7.18)	PP700625
#5	1773	TER_1773_UCEDB	MZUSP25572	Termitidae	Apicotermitinae		Apicotermitinae	Apicotermitinae sp			Brazil		2015	32329	1.6.6 (Python v2.7.18)	PP700626
#5	1774	TER_1774_UCEDB	MZUSP25573	Termitidae	Apicotermitinae		Humutermes	Humutermes krishnai			Brazil		2015	28929	1.6.6 (Python v2.7.18)	PP700627
#5	1775	TER_1775_UCEDB	MZUSP25574	Termitidae	Apicotermitinae		Hydrecotermes	Hydrecotermes kawaii			Brazil		2015	26582	1.6.6 (Python v2.7.18)	PX592879
#5	1776	TER_1776_UCEDB	MZUSP25575	Termitidae	Apicotermitinae		Aparatermes	Aparatermes cingulatus			Brazil		2015	11348	1.6.6 (Python v2.7.18)	PP700628
#5	1777	TER_1777_UCEDB	MZUSP25576	Termitidae	Apicotermitinae		Apicotermitinae	Apicotermitinae sp			Brazil		2015	9446	1.6.6 (Python v2.7.18)	PX592880
#5	1778	TER_1778_UCEDB	MZUSP25577	Termitidae	Apicotermitinae		Hydrecotermes	Hydrecotermes kawaii			Brazil		2015	24336	1.6.6 (Python v2.7.18)	PX592881
#5	1779	TER_1779_UCEDB	MZUSP25578	Termitidae	Apicotermitinae		Humutermes	Humutermes sp			Brazil		2015	18200	1.6.6 (Python v2.7.18)	PP700629
#5	1780	TER_1780_UCEDB	MZUSP25579	Termitidae	Apicotermitinae		Aparatermes	Aparatermes sp			Brazil		2015	17567	1.6.6 (Python v2.7.18)	PP700630
#5	1781	TER_1781_UCEDB	MZUSP25580	Termitidae	Apicotermitinae		Patawatermes	Patawatermes sp			Brazil		2015	19333	1.6.6 (Python v2.7.18)	PP700631
#5	1782	TER_1782_UCEDB	MZUSP25582	Termitidae	Apicotermitinae		Anoplotermes	Anoplotermes sp			Brazil		2015	18411	1.6.6 (Python v2.7.18)	PP700632
#5	1783	TER_1783_UCEDB	MZUSP25583	Termitidae	Apicotermitinae		Apicotermitinae	Apicotermitinae sp			Brazil		2015	8296	1.6.6 (Python v2.7.18)	PP700633
#5	1784	TER_1784_UCEDB	MZUSP25584	Termitidae	Apicotermitinae		aff_Hydrecotermes	aff_Hydrecotermes sp			Brazil		2015	20348	1.6.6 (Python v2.7.18)	PP700634
#5	1785	TER_1785_UCEDB	MZUSP25585	Termitidae	Apicotermitinae		Aparatermes	Aparatermes aff_thornatus			Brazil		2016	10280	1.6.6 (Python v2.7.18)	PP700635
#5	1786	TER_1786_UCEDB	MZUSP25586	Termitidae	Apicotermitinae		Hydrecotermes	Hydrecotermes sp			Brazil		2015	21041	1.6.6 (Python v2.7.18)	PP700636
#5	1787	TER_1787_UCEDB	MZUSP25587	Termitidae	Apicotermitinae		Apicotermitinae	Apicotermitinae sp			Brazil		2016	21683	1.6.6 (Python v2.7.18)	PP700637
#5	1788	TER_1788_UCEDB	MZUSP25588	Termitidae	Apicotermitinae		Rustitermes	Rustitermes sp			Brazil		2016	19382	1.6.6 (Python v2.7.18)	PV990899
#5	1789	TER_1789_UCEDB	MZUSP25589	Termitidae	Apicotermitinae		Dissimulitermes	Dissimulitermes sp			Brazil		2014	15815	1.6.6 (Python v2.7.18)	PX592882
#5	1790	TER_1790_UCEDB	MZUSP25591	Termitidae	Apicotermitinae		Humutermes	Humutermes krishnai			Brazil		2015	17919	1.6.6 (Python v2.7.18)	PX592883
#5	1791	TER_1791_UCEDB	MZUSP25592	Termitidae	Apicotermitinae		Apicotermitinae	Apicotermitinae sp			Brazil		2015	16721	1.6.6 (Python v2.7.18)	PP700638
#5	1792	TER_1792_UCEDB	MZUSP25593	Termitidae	Apicotermitinae		Apicotermitinae	Apicotermitinae sp			Brazil		2016	26129	1.6.6 (Python v2.7.18)	PP700639
#5	1793	TER_1793_UCEDB	MZUSP25594	Termitidae	Apicotermitinae		Apicotermitinae	Apicotermitinae sp			Brazil		2016	27040	1.6.6 (Python v2.7.18)	PP700640
#5	1794	TER_1794_UCEDB	MZUSP25595	Termitidae	Apicotermitinae		Apicotermitinae	Apicotermitinae sp			Brazil		2016	17402	1.6.6 (Python v2.7.18)	PP700641
#5	1795	TER_1795_UCEDB	MZUSP25596	Termitidae	Apicotermitinae		Rustitermes	Rustitermes sp			Brazil		2016	22645	1.6.6 (Python v2.7.18)	PP700642
#5	1796	TER_1796_UCEDB	MZUSP25598	Termitidae	Apicotermitinae		Anoplotermes	Anoplotermes sp			Brazil		2015	13212	1.6.6 (Python v2.7.18)	PX592884
#5	1797	TER_1797_UCEDB	MZUSP25599	Termitidae	Apicotermitinae		Humutermes	Humutermes krishnai			Brazil		2015	10098	1.6.6 (Python v2.7.18)	PX592885
#5	1798	TER_1798_UCEDB	MZUSP25600	Termitidae	Apicotermitinae		Patawatermes	Patawatermes sp			Brazil		2014	8493	1.6.6 (Python v2.7.18)	PX592886
#5	1799	TER_1799_UCEDB	MZUSP25602	Termitidae	Apicotermitinae		Apicotermitinae	Apicotermitinae sp			Brazil		2015	17021	1.6.6 (Python v2.7.18)	PX592887
#5	1800	TER_1800_UCEDB	MZUSP25603	Termitidae	Apicotermitinae		Patawatermes	Patawatermes sp			Brazil		2016	13989	1.6.6 (Python v2.7.18)	PP700644
#5	1801	TER_1801_UCEDB	MZUSP25604	Termitidae	Apicotermitinae		Aparatermes	Aparatermes cingulatus			Brazil		2015	10531	1.6.6 (Python v2.7.18)	PP700645
#5	1802	TER_1802_UCEDB	MZUSP25606	Termitidae	Apicotermitinae		Apicotermitinae	Apicotermitinae sp			Brazil		2015	24307	1.6.6 (Python v2.7.18)	PP700646
#5	1803	TER_1803_UCEDB	MZUSP25607	Termitidae	Apicotermitinae		Apicotermitinae	Apicotermitinae sp			Brazil		2016	24392	1.6.6 (Python v2.7.18)	PP700647
#5	1804	TER_1804_UCEDB	MZUSP25608	Termitidae	Apicotermitinae		Anoplotermes	Anoplotermes sp			Brazil		2015	13733	1.6.6 (Python v2.7.18)	PP700648
#5	1805	TER_1805_UCEDB	MZUSP25609	Termitidae	Apicotermitinae		Apicotermitinae	Apicotermitinae sp			Brazil		2015	29704	1.6.6 (Python v2.7.18)	PV990900
#5	1806	TER_1806_UCEDB	MZUSP25610	Termitidae	Apicotermitinae		Anoplotermes	Anoplotermes sp			Brazil		2015	24312	1.6.6 (Python v2.7.18)	PP700649
#5	1807	TER_1807_UCEDB	MZUSP25612	Termitidae	Apicotermitinae		Patawatermes	Patawatermes sp			Brazil		2015	25283	1.6.6 (Python v2.7.18)	PP792739
#5	1808	TER_1808_UCEDB	MZUSP25613	Termitidae	Apicotermitinae		Apicotermitinae	Apicotermitinae sp			Brazil		2015	8372	1.6.6 (Python v2.7.18)	PP792740
#5	1809	TER_1809_UCEDB	MZUSP25614	Termitidae	Apicotermitinae		Apicotermitinae	Apicotermitinae sp			Brazil		2016	25480	1.6.6 (Python v2.7.18)	PX592888
#5	1810	TER_1810_UCEDB	MZUSP25615	Termitidae	Apicotermitinae		Apicotermitinae	Apicotermitinae sp			Brazil		2015	13328	1.6.6 (Python v2.7.18)	PV990901
#5	1811	TER_1811_UCEDB	MZUSP25616	Termitidae	Apicotermitinae		Aparatermes	Aparatermes sp			Brazil		2015	14906	1.6.6 (Python v2.7.18)	PX592889
#5	1812	TER_1812_UCEDB	MZUSP25617	Termitidae	Apicotermitinae		Anoplotermes	Anoplotermes pacificus			Brazil		2015	19948	1.6.6 (Python v2.7.18)	PX592890
#5	1813	TER_1813_UCEDB	MZUSP25618	Termitidae	Apicotermitinae		Rubeotermes	Rubeotermes jheringi			Brazil		2016	11821	1.6.6 (Python v2.7.18)	PP792741
#5	1814	TER_1814_UCEDB	MZUSP25619	Termitidae	Apicotermitinae		Apicotermitinae	Apicotermitinae sp			Brazil		2015	13337	1.6.6 (Python v2.7.18)	PP792742
#5	1815	TER_1815_UCEDB	MZUSP25620	Termitidae	Apicotermitinae		Apicotermitinae	Apicotermitinae sp			Brazil		2015	22312	1.6.6 (Python v2.7.18)	PP792743
#5	1816	TER_1816_UCEDB	MZUSP25621	Termitidae	Apicotermitinae		Apicotermitinae	Apicotermitinae sp			Brazil		2015	16928	1.6.6 (Python v2.7.18)	PP792744
#5	1817	TER_1817_UCEDB	MZUSP25622	Termitidae	Apicotermitinae		Apicotermitinae	Apicotermitinae sp			Brazil		2015	15806	1.6.6 (Python v2.7.18)	PP792745
#5	1818	TER_1818_UCEDB	MZUSP25625	Termitidae	Apicotermitinae		Anoplotermes	Anoplotermes sp			Brazil		2015	17410	1.6.6 (Python v2.7.18)	PP792746
#5	1819	TER_1819_UCEDB	MZUSP25626	Termitidae	Apicotermitinae		Hydrecotermes	Hydrecotermes sp			Brazil		2015	10838	1.6.6 (Python v2.7.18)	PP792747
#5	1820	TER_1820_UCEDB	MZUSP25628	Termitidae	Apicotermitinae		Apicotermitinae	Apicotermitinae sp			Brazil		2016	18163	1.6.6 (Python v2.7.18)	PP792748
#5	1821	TER_1821_UCEDB	MZUSP25629	Termitidae	Apicotermitinae		Apicotermitinae	Apicotermitinae sp			Brazil		2014	20746	1.6.6 (Python v2.7.18)	PP792749
#5	1822	TER_1822_UCEDB	MZUSP25631	Termitidae	Apicotermitinae		Anoplotermes	Anoplotermes pacificus			Brazil		2015	23625	1.6.6 (Python v2.7.18)	PP792750
#5	1823	TER_1823_UCEDB	MZUSP25632	Termitidae	Apicotermitinae		Compositermes	Compositermes vindai			Brazil		2015	19919	1.6.6 (Python v2.7.18)	PP792751
#5	1824	TER_1824_UCEDB	MZUSP25633	Termitidae	Apicotermitinae		Rustitermes	Rustitermes sp			Brazil		2016	18858	1.6.6 (Python v2.7.18)	PP792752
#5	1825	TER_1825_UCEDB	MZUSP25634	Termitidae	Apicotermitinae		Apicotermitinae	Apicotermitinae sp			Brazil		2016	34348	1.6.6 (Python v2.7.18)	PX592891
#5	1826	TER_1826_UCEDB	MZUSP25636	Termitidae	Apicotermitinae		Longustitermes	Longustitermes sp			Brazil		2015	17475	1.6.6 (Python v2.7.18)	PP792754
#5	1827	TER_1827_UCEDB	MZUSP25637	Termitidae	Apicotermitinae		Patawatermes	Patawatermes sp			Brazil		2015	16098	1.6.6 (Python v2.7.18)	PP792755
#5	1828	TER_1828_UCEDB	MZUSP25638	Termitidae	Apicotermitinae		Apicotermitinae	Apicotermitinae sp			Brazil		2015	27910	1.6.6 (Python v2.7.18)	PP792756
#5	1829	TER_1829_UCEDB	MZUSP25639	Termitidae	Apicotermitinae		Patawatermes	Patawatermes sp			Brazil		2014	10823	1.6.6 (Python v2.7.18)	PP792757
#5	1830	TER_1830_UCEDB	MZUSP25640	Termitidae	Apicotermitinae		aff_Hydrecotermes	aff_Hydrecotermes sp			Brazil		2015	17421	1.6.6 (Python v2.7.18)	PP792758
#5	1831	TER_1831_UCEDB	MZUSP25641	Termitidae	Apicotermitinae		Apicotermitinae	Apicotermitinae sp			Brazil		2015	8992	1.6.6 (Python v2.7.18)	PX592892
#5	1832	TER_1832_UCEDB	MZUSP25644	Termitidae	Apicotermitinae		Hydrecotermes	Hydrecotermes sp			Brazil		2015	25786	1.6.6 (Python v2.7.18)	PX592893
#5	1833	TER_1833_UCEDB	MZUSP25645	Termitidae	Apicotermitinae		Apicotermitinae	Apicotermitinae sp			Brazil		2015	17093	1.6.6 (Python v2.7.18)	PP792759
#5	1834	TER_1834_UCEDB	MZUSP25646	Termitidae	Apicotermitinae		Patawatermes	Patawatermes sp			Brazil		2015	20854	1.6.6 (Python v2.7.18)	PP792760
#5	1835	TER_1835_UCEDB	MZUSP25647	Termitidae	Apicotermitinae		Apicotermitinae	Apicotermitinae sp			Brazil		2015	15702	1.6.6 (Python v2.7.18)	PX592894
#5	1836	TER_1836_UCEDB	MZUSP25648	Termitidae	Apicotermitinae		aff_Hydrecotermes	aff_Hydrecotermes sp			Brazil		2015	30507	1.6.6 (Python v2.7.18)	PX592895
#5	1837	TER_1837_UCEDB	MZUSP25649	Termitidae	Apicotermitinae		Humutermes	Humutermes krishnai			Brazil		2014	23805	1.6.6 (Python v2.7.18)	PP101032
#5	1838	TER_1838_UCEDB	MZUSP25650	Termitidae	Apicotermitinae		Apicotermitinae	Apicotermitinae sp			Brazil		2015	26546	1.6.6 (Python v2.7.18)	PP101033
#5	1839	TER_1839_UCEDB	MZUSP25651	Termitidae	Apicotermitinae		Dissimulitermes	Dissimulitermes sp			Brazil		2015	27610	1.6.6 (Python v2.7.18)	PP101034
#5	1840	TER_1840_UCEDB	MZUSP25652	Termitidae	Apicotermitinae		Apicotermitinae	Apicotermitinae sp			Brazil		2015	31616	1.6.6 (Python v2.7.18)	PP101035
#5	1841	TER_1841_UCEDB	MZUSP25653	Termitidae	Apicotermitinae		Apicotermitinae	Apicotermitinae sp			Brazil		2015	24430	1.6.6 (Python v2.7.18)	PP101036
#5	1842	TER_1842_UCEDB	MZUSP25654	Termitidae	Apicotermitinae		Anoplotermes	Anoplotermes sp			Brazil		2015	11574	1.6.6 (Python v2.7.18)	PX592896
#5	1843	TER_1843_UCEDB	MZUSP25655	Termitidae	Apicotermitinae		Hydrecotermes	Hydrecotermes sp			Brazil		2015	15252	1.6.6 (Python v2.7.18)	PP101037
#5	1844	TER_1844_UCEDB	MZUSP25657	Termitidae	Apicotermitinae		Aparatermes	Aparatermes cingulatus			Brazil		2015	5054	1.6.6 (Python v2.7.18)	PX592897
#5	1845	TER_1845_UCEDB	MZUSP25658	Termitidae	Apicotermitinae		Apicotermitinae	Apicotermitinae sp			Brazil		2015	8997	1.6.6 (Python v2.7.18)	PX592898
#5	1846	TER_1846_UCEDB	MZUSP25659	Termitidae	Apicotermitinae		Apicotermitinae	Apicotermitinae sp			Brazil		2015	13109	1.6.6 (Python v2.7.18)	PX592899
#5	1847	TER_1847_UCEDB	MZUSP25661	Termitidae	Apicotermitinae		Apicotermitinae	Apicotermitinae sp			Brazil		2015	24729	1.6.6 (Python v2.7.18)	PP101038
#5	1848	TER_1848_UCEDB	MZUSP25662	Termitidae	Apicotermitinae		aff_Hydrecotermes	aff_Hydrecotermes sp			Brazil		2015	18900	1.6.6 (Python v2.7.18)	PX592900
#5	1849	TER_1849_UCEDB	MZUSP25663	Termitidae	Apicotermitinae		Apicotermitinae	Apicotermitinae sp			Brazil		2015	21940	1.6.6 (Python v2.7.18)	PP101039
#5	1850	TER_1850_UCEDB	MZUSP25664	Termitidae	Apicotermitinae		Apicotermitinae	Apicotermitinae sp			Brazil		2015	27954	1.6.6 (Python v2.7.18)	PP101040
#5	1851	TER_1851_UCEDB	MZUSP25665	Termitidae	Apicotermitinae		Apicotermitinae	Apicotermitinae sp			Brazil		2015	19266	1.6.6 (Python v2.7.18)	PP101041
#5	1852	TER_1852_UCEDB	MZUSP25666	Termitidae	Apicotermitinae		Grigiotermes	Grigiotermes hageni			Brazil		2015	22034	1.6.6 (Python v2.7.18)	PP101042
#5	1853	TER_1853_UCEDB	MZUSP25667	Termitidae	Apicotermitinae		Apicotermitinae	Apicotermitinae sp			Brazil		2015	24982	1.6.6 (Python v2.7.18)	PX592901
#5	1854	TER_1854_UCEDB	MZUSP25669	Termitidae	Apicotermitinae		Compositermes	Compositermes vindai			Brazil		2015	15460	1.6.6 (Python v2.7.18)	PX592903
#5	1855	TER_1855_UCEDB	MZUSP25670	Termitidae	Apicotermitinae		Apicotermitinae	Apicotermitinae sp			Brazil		2015	12223	1.6.6 (Python v2.7.18)	PX592904
#5	1856	TER_1856_UCEDB	MZUSP25673	Termitidae	Apicotermitinae		Apicotermitinae	Apicotermitinae sp			Brazil		2015	16611	1.6.6 (Python v2.7.18)	PP101043
#5	1857	TER_1857_UCEDB	MZUSP25674	Termitidae	Apicotermitinae		Apicotermitinae	Apicotermitinae sp			Brazil		2015	16825	1.6.6 (Python v2.7.18)	PP101044
#5	1858	TER_1858_UCEDB	MZUSP25675	Termitidae	Apicotermitinae		Apicotermitinae	Apicotermitinae sp			Brazil		2015	31268	1.6.6 (Python v2.7.18)	PP101045
#5	1859	TER_1859_UCEDB	MZUSP25676	Termitidae	Apicotermitinae		Apicotermitinae	Apicotermitinae sp			Brazil		2015	17620	1.6.6 (Python v2.7.18)	PP101046
#5	1860	TER_1860_UCEDB	MZUSP25677	Termitidae	Apicotermitinae		Apicotermitinae	Apicotermitinae sp			Brazil		2014	19307	1.6.6 (Python v2.7.18)	PP101047
#5	1861	TER_1861_UCEDB	MZUSP25678	Termitidae	Apicotermitinae		Compositermes	Compositermes sp			Brazil		2015	16843	1.6.6 (Python v2.7.18)	PX592905
#5	1862	TER_1862_UCEDB	MZUSP25679	Termitidae	Apicotermitinae		Compositermes	Compositermes vindai			Brazil		2014	20790	1.6.6 (Python v2.7.18)	PX592906
#5	1863	TER_1863_UCEDB	MZUSP25680	Termitidae	Apicotermitinae		Apicotermitinae	Apicotermitinae sp			Brazil		2015	10682	1.6.6 (Python v2.7.18)	PX592907
#5	1864	TER_1864_UCEDB	MZUSP25681	Termitidae	Apicotermitinae		Patawatermes	Patawatermes sp			Brazil		2015	11319	1.6.6 (Python v2.7.18)	PX592908
#5	1865	TER_1865_UCEDB	MZUSP25682	Termitidae	Apicotermitinae		Apicotermitinae	Apicotermitinae sp			Brazil		2015	22569	1.6.6 (Python v2.7.18)	PP101049
#5	1866	TER_1866_UCEDB	MZUSP25683	Termitidae	Apicotermitinae		aff_Hydrecotermes	aff_Hydrecotermes sp			Brazil		2014	21146	1.6.6 (Python v2.7.18)	PX592909
#5	1867	TER_1867_UCEDB	MZUSP25684	Termitidae	Apicotermitinae		Humutermes	Humutermes sp			Brazil		2014	19706	1.6.6 (Python v2.7.18)	PP101050
#5	1868	TER_1868_UCEDB	MZUSP25685	Termitidae	Apicotermitinae		Apicotermitinae	Apicotermitinae sp			Brazil		2015	19432	1.6.6 (Python v2.7.18)	PP101051
#5	1869	TER_1869_UCEDB	MZUSP25686	Termitidae	Apicotermitinae		Patawatermes	Patawatermes sp			Brazil		2015	32386	1.6.6 (Python v2.7.18)	PP101052
#5	1870	TER_1870_UCEDB	MZUSP25688	Termitidae	Apicotermitinae		aff_Hydrecotermes	aff_Hydrecotermes sp			Brazil		2014	11328	1.6.6 (Python v2.7.18)	PX592910
#5	1871	TER_1871_UCEDB	MZUSP25745	Termitidae	Apicotermitinae		Apicotermitinae	Apicotermitinae sp			Brazil		2015	10546	1.6.6 (Python v2.7.18)	PX592911
#5	1872	TER_1872_UCEDB	MZUSP25747	Termitidae	Apicotermitinae		Compositermes	Compositermes sp			Brazil		2015	18357	1.6.6 (Python v2.7.18)	PP101054
#5	1873	TER_1873_UCEDB	MZUSP25757	Termitidae	Apicotermitinae		Rustitermes	Rustitermes sp			Brazil		2016	19907	1.6.6 (Python v2.7.18)	PP101055
#5	1874	TER_1874_UCEDB	MZUSP25760	Termitidae	Apicotermitinae		Patawatermes	Patawatermes sp			Brazil		2016	15477	1.6.6 (Python v2.7.18)	PV990902
#5	1875	TER_1875_UCEDB	MZUSP25762	Termitidae	Apicotermitinae		Longustitermes	Longustitermes manni			Brazil		2016	12714	1.6.6 (Python v2.7.18)	PP101056
#5	1876	TER_1876_UCEDB	MZUSP25872	Termitidae	Apicotermitinae		Patawatermes	Patawatermes sp			Brazil		2015	19439	1.6.6 (Python v2.7.18)	PX592912
#5	1877	TER_1877_UCEDB	MZUSP25876	Termitidae	Apicotermitinae		Hydrecotermes	Hydrecotermes sp			Brazil		2014	14398	1.6.6 (Python v2.7.18)	PX592913
#5	1878	TER_1878_UCEDB	MZUSP25877	Termitidae	Apicotermitinae		Apicotermitinae	Apicotermitinae sp			Brazil		2015	23223	1.6.6 (Python v2.7.18)	PP101057
#5	1879	TER_1879_UCEDB	MZUSP25878	Termitidae	Apicotermitinae		Humutermes	Humutermes krishnai			Brazil		2015	19272	1.6.6 (Python v2.7.18)	PX592914
#5	1880	TER_1880_UCEDB	MZUSP25879	Termitidae	Apicotermitinae		Apicotermitinae	Apicotermitinae sp			Brazil		2015	33530	1.6.6 (Python v2.7.18)	PP101058
#5	1881	TER_1881_UCEDB	MZUSP25880	Termitidae	Apicotermitinae		Aparatermes	Aparatermes sp			Brazil		2015	26325	1.6.6 (Python v2.7.18)	PP101059
#5	1882	TER_1882_UCEDB	MZUSP25881	Termitidae	Apicotermitinae		Apicotermitinae	Apicotermitinae sp			Brazil		2015	19992	1.6.6 (Python v2.7.18)	PP101060
#5	1883	TER_1883_UCEDB	MZUSP25882	Termitidae	Apicotermitinae		aff_Hydrecotermes	aff_Hydrecotermes sp			Brazil		2015	23653	1.6.6 (Python v2.7.18)	PP101061
#5	1884	TER_1884_UCEDB	MZUSP25883	Termitidae	Apicotermitinae		Apicotermitinae	Apicotermitinae sp			Brazil		2015	8096	1.6.6 (Python v2.7.18)	PX592915
#5	1885	TER_1885_UCEDB	MZUSP25884	Termitidae	Apicotermitinae		Apicotermitinae	Apicotermitinae sp			Brazil		2015	3487	1.6.6 (Python v2.7.18)	PP101062
#5	1886	TER_1886_UCEDB	MZUSP26634	Termitidae	Apicotermitinae		Hydrecotermes	Hydrecotermes sp			Brazil		2016	11247	1.6.6 (Python v2.7.18)	PX592916
#5	1887	TER_1887_UCEDB	MZUSP26635	Termitidae	Apicotermitinae		Hydrecotermes	Hydrecotermes sp			Brazil		2016	14061	1.6.6 (Python v2.7.18)	PP101064
#5	1888	TER_1888_UCEDB	MZUSP26636	Termitidae	Apicotermitinae		Hydrecotermes	Hydrecotermes sp			Brazil		2016	25440	1.6.6 (Python v2.7.18)	PP101065
#5	1889	TER_1889_UCEDB	MZUSP26639	Termitidae	Apicotermitinae		Apicotermitinae	Apicotermitinae sp			Brazil		2016	16561	1.6.6 (Python v2.7.18)	PP101066
#5	1890	TER_1890_UCEDB	MZUSP26640	Termitidae	Apicotermitinae		Hydrecotermes	Hydrecotermes sp			Brazil		2016	11059	1.6.6 (Python v2.7.18)	PP101067
#5	1891	TER_1891_UCEDB	MZUSP26641	Termitidae	Apicotermitinae		Apicotermitinae	Apicotermitinae sp			Brazil		2016	23314	1.6.6 (Python v2.7.18)	PX592917
#5	1892	TER_1892_UCEDB	MZUSP26642	Termitidae	Apicotermitinae		Dissimulitermes	Dissimulitermes sp			Brazil		2016	22884	1.6.6 (Python v2.7.18)	PP101068
#5	1893	TER_1893_UCEDB	MZUSP26645	Termitidae	Apicotermitinae		Hydrecotermes	Hydrecotermes sp			Brazil		2016	16200	1.6.6 (Python v2.7.18)	PP101069
#5	1894	TER_1894_UCEDB	MZUSP26646	Termitidae	Apicotermitinae		Hydrecotermes	Hydrecotermes sp			Brazil		2016	22690	1.6.6 (Python v2.7.18)	PP101070
#5	1895	TER_1895_UCEDB	MZUSP26648	Termitidae	Apicotermitinae		Apicotermitinae	Apicotermitinae sp			Brazil		2016	22438	1.6.6 (Python v2.7.18)	PP101072
#5	1896	TER_1896_UCEDB	MZUSP26649	Termitidae	Apicotermitinae		Anoplotermes	Anoplotermes sp			Brazil		2016	20420	1.6.6 (Python v2.7.18)	PP101073
#5	1897	TER_1897_UCEDB	MZUSP26650	Termitidae	Apicotermitinae		Ruptitermes	Ruptitermes reconditus			Brazil		2016	28558	1.6.6 (Python v2.7.18)	PP101074
#5	1898	TER_1898_UCEDB	MZUSP26660	Termitidae	Apicotermitinae		Apicotermitinae	Apicotermitinae sp			Brazil		2016	20869	1.6.6 (Python v2.7.18)	PP101075
#5	1899	TER_1899_UCEDB	MZUSP26661	Termitidae	Apicotermitinae		Hydrecotermes	Hydrecotermes sp			Brazil		2016	19940	1.6.6 (Python v2.7.18)	PP101076
#5	1900	TER_1900_UCEDB	MZUSP26662	Termitidae	Apicotermitinae		Hydrecotermes	Hydrecotermes sp			Brazil		2016	37167	1.6.6 (Python v2.7.18)	PP101077
#5	1901	TER_1901_UCEDB	MZUSP26664	Termitidae	Apicotermitinae		Hydrecotermes	Hydrecotermes sp			Brazil		2016	19012	1.6.6 (Python v2.7.18)	PP101078
#5	1902	TER_1902_UCEDB	MZUSP26665	Termitidae	Apicotermitinae		Hydrecotermes	Hydrecotermes sp			Brazil		2016	25492	1.6.6 (Python v2.7.18)	PP101079
#5	1903	TER_1903_UCEDB	MZUSP26669	Termitidae	Apicotermitinae		Hydrecotermes	Hydrecotermes sp			Brazil		2016	15315	1.6.6 (Python v2.7.18)	PP101080
#5	1904	TER_1904_UCEDB	MZUSP26671	Termitidae	Apicotermitinae		Hydrecotermes	Hydrecotermes sp			Brazil		2016	15000	1.6.6 (Python v2.7.18)	PP101081
#5	1905	TER_1905_UCEDB	MZUSP26674	Termitidae	Apicotermitinae		Hydrecotermes	Hydrecotermes sp			Brazil		2016	22694	1.6.6 (Python v2.7.18)	PP101082
#5	1906	TER_1906_UCEDB	MZUSP16453	Kalotermitidae	NA		Calcaritermes	Calcaritermes sp			Brazil		2012	484	1.6.6 (Python v2.7.18)	PX592918
#5	1907	TER_1907_UCEDB	MZUSP24715	Kalotermitidae	NA		Eucryptotermes	Eucryptotermes sp			Brazil		2015	10789	1.6.6 (Python v2.7.18)	PX592920
#5	1908	TER_1908_UCEDB	MZUSP16454	Kalotermitidae	NA		Glyptotermes	Glyptotermes sp			Brazil		2010	2658	1.6.6 (Python v2.7.18)	PP101083
#5	1909	TER_1909_UCEDB	MZUSP24888	Kalotermitidae	NA		Glyptotermes	Glyptotermes sp			Brazil		2015	1106	1.6.6 (Python v2.7.18)	PP101084
#5	1910	TER_1910_UCEDB	MZUSP24880	Kalotermitidae	NA		Rugitermes	Rugitermes sp			Brazil		2015	16050	1.6.6 (Python v2.7.18)	PP101085
#5	1911	TER_1911_UCEDB	MZUSP16456	Kalotermitidae	NA		Neotermes	Neotermes sp			Brazil		2011	24402	1.6.6 (Python v2.7.18)	PV990903
#5	1912	TER_1912_UCEDB	MZUSP16461	Kalotermitidae	NA		Rugitermes	Rugitermes sp			Brazil		2012	10614	1.6.6 (Python v2.7.18)	PP101086
#5	1913	TER_1913_UCEDB	MZUSP11407	Kalotermitidae	NA		Calcaritermes	Calcaritermes rioensis			Brazil		2001	838	1.6.6 (Python v2.7.18)	PX592921
#5	1914	TER_1914_UCEDB	MZUSP24894	Kalotermitidae	NA		Calcaritermes	Calcaritermes sp			Brazil		2014	18581	1.6.6 (Python v2.7.18)	PX592922
#5	1915	TER_1915_UCEDB	MZUSP12498	Kalotermitidae	NA		Glyptotermes	Glyptotermes canellae			Brazil		2002	299	1.6.6 (Python v2.7.18)	OR822042
#5	1916	TER_1916_UCEDB	MZUSP11401	Kalotermitidae	NA		Tauritermes	Tauritermes sp			Brazil		NA	6726	1.6.6 (Python v2.7.18)	OR822043
#5	1917	TER_1917_UCEDB	MZUSP27391	Kalotermitidae	NA		Cryptotermes	Cryptotermes brevis			Brazil		2018	33672	1.6.6 (Python v2.7.18)	OR822044
#5	1918	TER_1918_UCEDB	MZUSP27389	Kalotermitidae	NA		Cryptotermes	Cryptotermes brevis			Brazil		2017	30507	1.6.6 (Python v2.7.18)	OR822045
#5	1919	TER_1919_UCEDB	MZUSP24881	Kalotermitidae	NA		Eucryptotermes	Eucryptotermes sp			Brazil		2014	32022	1.6.6 (Python v2.7.18)	OR822046
#5	1920	TER_1920_UCEDB	MZUSP16457	Kalotermitidae	NA		Neotermes	Neotermes sp			Brazil		2012	5830	1.6.6 (Python v2.7.18)	OR822048
#5	1921	TER_1921_UCEDB	MZUSP24855	Kalotermitidae	NA		Neotermes	Neotermes sp			Brazil		2015	32854	1.6.6 (Python v2.7.18)	PX592923
#5	1922	TER_1922_UCEDB	MZUSP23842	Kalotermitidae	NA		Rugitermes	Rugitermes sp			Brazil		2015	21092	1.6.6 (Python v2.7.18)	PX592924
#5	1923	TER_1923_UCEDB	MZUSP11400	Kalotermitidae	NA		Rugitermes	Rugitermes rugosus			Brazil		NA	14837	1.6.6 (Python v2.7.18)	OR822049
#5	1924	TER_1924_UCEDB	MZUSP14848	Kalotermitidae	NA		Rugitermes	Rugitermes sp			Brazil		2008	13304	1.6.6 (Python v2.7.18)	PX592925
#5	1925	TER_1925_UCEDB	MZUSP27358	Kalotermitidae	NA		Rugitermes	Rugitermes sp			Brazil		2017	14722	1.6.6 (Python v2.7.18)	OR822050
#5	1926	TER_1926_UCEDB	MZUSP27392	Kalotermitidae	NA		Rugitermes	Rugitermes sp			Brazil		2019	21572	1.6.6 (Python v2.7.18)	PX592926
#5	1927	TER_1927_UCEDB	MZUSP24902	Kalotermitidae	NA		Rugitermes	Rugitermes sp			Brazil		2015	9537	1.6.6 (Python v2.7.18)	OR822051
#5	1928	TER_1928_UCEDB	MZUSP25481	Kalotermitidae	NA		Rugitermes	Rugitermes sp			Brazil		2015	7119	1.6.6 (Python v2.7.18)	OR822052
#5	1929	TER_1929_UCEDB	MZUSP25416	Kalotermitidae	NA		Rugitermes	Rugitermes sp			Brazil		2015	17925	1.6.6 (Python v2.7.18)	OR822053
#5	1930	TER_1930_UCEDB	MZUSP24903	Kalotermitidae	NA		Rugitermes	Rugitermes sp			Brazil		2015	3919	1.6.6 (Python v2.7.18)	PX592927
#5	1931	TER_1931_UCEDB	MZUSP24898	Kalotermitidae	NA		Rugitermes	Rugitermes sp			Brazil		2015	28444	1.6.6 (Python v2.7.18)	OR822054
#5	1932	TER_1932_UCEDB	MZUSP24907	Kalotermitidae	NA		Rugitermes	Rugitermes sp			Brazil		2015	7617	1.6.6 (Python v2.7.18)	PX592928
#5	1933	TER_1933_UCEDB	MZUSP14902	Kalotermitidae	NA		Tauritermes	Tauritermes sp			Brazil		2010	2606	1.6.6 (Python v2.7.18)	OR822055
#5	1934	TER_1934_UCEDB	MZUSP14897	Heterotermitidae	NA		Heterotermes	Heterotermes sulcatus			Brazil		2010	38549	1.6.6 (Python v2.7.18)	OR822056
#5	1935	TER_1935_UCEDB	MZUSP11518	Heterotermitidae	NA		Heterotermes	Heterotermes assu			Brazil		2001	11325	1.6.6 (Python v2.7.18)	PX592929
#5	1936	TER_1936_UCEDB	MZUSP22242	Heterotermitidae	NA		Heterotermes	Heterotermes sp			Brazil		2009	27733	1.6.6 (Python v2.7.18)	OR822057
#5	1937	TER_1937_UCEDB	MZUSP25337	Heterotermitidae	NA		Heterotermes	Heterotermes sp			Brazil		2016	26453	1.6.6 (Python v2.7.18)	OR822058
#5	1938	TER_1938_UCEDB	MZUSP23964	Rhinotermitidae	NA		Rhinotermes	Rhinotermes marginalis			Brazil		2009	32536	1.6.6 (Python v2.7.18)	OR822060
#5	1939	TER_1939_UCEDB	MZUSP24991	Rhinotermitidae	NA		Rhinotermes	Rhinotermes sp			Brazil		2015	24238	1.6.6 (Python v2.7.18)	OR822061
#5	1940	TER_1940_UCEDB	MZUSP24849	Rhinotermitidae	NA		Rhinotermes	Rhinotermes sp			Brazil		2014	16728	1.6.6 (Python v2.7.18)	OR822062
#5	1941	TER_1941_UCEDB	MZUSP10403	Heterotermitidae	NA		Coptotermes	Coptotermes sp			Brazil		1998	31021	1.6.6 (Python v2.7.18)	OR822063
#5	1942	TER_1942_UCEDB	MZUSP13344	Heterotermitidae	NA		Coptotermes	Coptotermes sp_n			Brazil		2009	31606	1.6.6 (Python v2.7.18)	OR822064
#5	1943	TER_1943_UCEDB	MZUSP13350	Heterotermitidae	NA		Coptotermes	Coptotermes sp_nO			Brazil		2004	4721	1.6.6 (Python v2.7.18)	OR822065
#5	1944	TER_1944_UCEDB	MZUSP16723	Rhinotermitidae	NA		Rhinotermes	Rhinotermes hispidus			Brazil		2010	12239	1.6.6 (Python v2.7.18)	OR822039
#5	1945	TER_1945_UCEDB	MZUSP16724	Rhinotermitidae	NA		Rhinotermes	Rhinotermes hispidus			Brazil		2011	17253	1.6.6 (Python v2.7.18)	OR822066
#5	1946	TER_1946_UCEDB	MZUSP16727	Rhinotermitidae	NA		Rhinotermes	Rhinotermes marginalis			Brazil		2010	22791	1.6.6 (Python v2.7.18)	OR822040
#5	1947	TER_1947_UCEDB	MZUSP16728	Rhinotermitidae	NA		Rhinotermes	Rhinotermes marginalis			Brazil		2010	16190	1.6.6 (Python v2.7.18)	OR822067
#5	1948	TER_1948_UCEDB	MZUSP16531	Rhinotermitidae	NA		Dolichorhinotermes	Dolichorhinotermes latilabrum			Brazil		2011	32520	1.6.6 (Python v2.7.18)	OR822068
#5	1949	TER_1949_UCEDB	MZUSP26749	Rhinotermitidae	NA		Dolichorhinotermes	Dolichorhinotermes longilabius			Brazil		2016	29980	1.6.6 (Python v2.7.18)	OR822069
#5	1950	TER_1950_UCEDB	MZUSP26189	Rhinotermitidae	NA		Dolichorhinotermes	Dolichorhinotermes longilabius			Brazil		NA	21485	1.6.6 (Python v2.7.18)	OR822070
#5	1951	TER_1951_UCEDB	MZUSP25196	Rhinotermitidae	NA		Dolichorhinotermes	Dolichorhinotermes longilabius			Brazil		2016	24967	1.6.6 (Python v2.7.18)	OR822071
#5	1952	TER_1952_UCEDB	MZUSP25385	Heterotermitidae	NA		Heterotermes	Heterotermes longiceps			Brazil		2015	40227	1.6.6 (Python v2.7.18)	OR822072
#5	1953	TER_1953_UCEDB	MZUSP25347	Heterotermitidae	NA		Heterotermes	Heterotermes longiceps			Brazil		2015	37625	1.6.6 (Python v2.7.18)	OR822073
#5	1954	TER_1954_UCEDB	MZUSP25354	Heterotermitidae	NA		Heterotermes	Heterotermes longiceps			Brazil		2015	38889	1.6.6 (Python v2.7.18)	OR822074
#5	1955	TER_1955_UCEDB	MZUSP24283	Heterotermitidae	NA		Heterotermes	Heterotermes convexinotatus			Brazil		2016	25867	1.6.6 (Python v2.7.18)	OR822075
#5	1956	TER_1956_UCEDB	MZUSP24280	Heterotermitidae	NA		Heterotermes	Heterotermes convexinotatus			Brazil		2016	30174	1.6.6 (Python v2.7.18)	OR822076
#5	1957	TER_1957_UCEDB	MZUSP25324	Heterotermitidae	NA		Heterotermes	Heterotermes assu			Brazil		2014	38979	1.6.6 (Python v2.7.18)	OR822077
#5	1958	TER_1958_UCEDB	MZUSP25349	Heterotermitidae	NA		Heterotermes	Heterotermes crinitus			Brazil		NA	30399	1.6.6 (Python v2.7.18)	OR822078
#5	1959	TER_1959_UCEDB	MZUSP25361	Heterotermitidae	NA		Heterotermes	Heterotermes sulcatus			Brazil		2015	32830	1.6.6 (Python v2.7.18)	OR822079
#5	1960	TER_1960_UCEDB	MZUSP26097	Heterotermitidae	NA		Heterotermes	Heterotermes sulcatus			Brazil		2013	20685	1.6.6 (Python v2.7.18)	OR822080
#5	1961	TER_1961_UCEDB	MZUSP26191	Heterotermitidae	NA		Heterotermes	Heterotermes sulcatus			Brazil		2013	29409	1.6.6 (Python v2.7.18)	OR822081
#5	1962	TER_1962_UCEDB	MZUSP25378	Heterotermitidae	NA		Heterotermes	Heterotermes tenuis			Brazil		2015	36728	1.6.6 (Python v2.7.18)	OR822082
#5	1963	TER_1963_UCEDB	MZUSP24259	Heterotermitidae	NA		Heterotermes	Heterotermes tenuis			Brazil		2015	33213	1.6.6 (Python v2.7.18)	OR822083
#5	1964	TER_1964_UCEDB	MZUSP24271	Heterotermitidae	NA		Heterotermes	Heterotermes tenuis			Brazil		2016	31188	1.6.6 (Python v2.7.18)	OR822084
#5	1965	TER_1965_UCEDB	MZUSP23785	Heterotermitidae	NA		Heterotermes	Heterotermes tenuis			Brazil		2015	37118	1.6.6 (Python v2.7.18)	OR822085
#5	1966	TER_1966_UCEDB	MZUSP24887	Heterotermitidae	NA		Coptotermes	Coptotermes gestroi			Brazil		2016	33406	1.6.6 (Python v2.7.18)	OR822086
#5	1967	TER_1967_UCEDB	MZUSP16481	Heterotermitidae	NA		Coptotermes	Coptotermes testaceus			Brazil		2010	28875	1.6.6 (Python v2.7.18)	OR822087
#5	1968	TER_1968_UCEDB	MZUSP16468	Heterotermitidae	NA		Coptotermes	Coptotermes testaceus			Brazil		2010	34862	1.6.6 (Python v2.7.18)	OR822088
#5	1969	TER_1969_UCEDB	MZUSP25817	Heterotermitidae	NA		Coptotermes	Coptotermes testaceus			Brazil		2013	39422	1.6.6 (Python v2.7.18)	OR822090
#5	1970	TER_1970_UCEDB	MZUSP25172	Heterotermitidae	NA		Coptotermes	Coptotermes testaceus			Brazil		2016	37061	1.6.6 (Python v2.7.18)	OR822091
#5	1971	TER_1971_UCEDB	MZUSP25987	Heterotermitidae	NA		Coptotermes	Coptotermes sp			Brazil		2013	19602	1.6.6 (Python v2.7.18)	OR822092
#5	1972	TER_1972_UCEDB	MZUSP25985	Heterotermitidae	NA		Coptotermes	Coptotermes testaceus			Brazil		2013	31085	1.6.6 (Python v2.7.18)	OR822093
#5	1973	TER_1973_UCEDB	MZUSP24858	Heterotermitidae	NA		Coptotermes	Coptotermes sp			Brazil		2016	36383	1.6.6 (Python v2.7.18)	PX592931
#5	1974	TER_1974_UCEDB	MZUSP24987	Serritermitidae	NA		Serritermes	Serritermes sp			Brazil		2015	34474	1.6.6 (Python v2.7.18)	PX592391
#5	1975	TER_1975_UCEDB	MZUSP25819	Serritermitidae	NA		Serritermes	Serritermes serrifer			Brazil		2013	26666	1.6.6 (Python v2.7.18)	PX592932
#5	1976	TER_1976_UCEDB	MZUSP13352	Stolotermitidae	Porotermitinae		Porotermes	Porotermes quadricollis			Chile		2010	9659	1.6.6 (Python v2.7.18)	PX592933
#5	1977	TER_1977_UCEDB	AG363	Termitidae	Syntermitinae		Procornitermes	Procornitermes lespesii			Argentina		1998	7460	1.6.6 (Python v2.7.18)	PX592934
#5	1978	TER_1978_UCEDB	BO1070	Kalotermitidae	NA		Rugitermes	Rugitermes rufus			Bolivia		2013	21402	1.6.6 (Python v2.7.18)	PX592830
#5	1979	TER_1979_UCEDB	BO1077	Rhinotermitidae	NA		Dolichorhinotermes	Dolichorhinotermes tenebrosus			Bolivia		2013	20822	1.6.6 (Python v2.7.18)	OR817981
#5	1980	TER_1980_UCEDB	BO4	Kalotermitidae	NA		Calcaritermes	Calcaritermes sp_n			Bolivia		2013	888	1.6.6 (Python v2.7.18)	PX592831
#5	1981	TER_1981_UCEDB	BO428	Kalotermitidae	NA		Cryptotermes	Cryptotermes verruculosus			Bolivia		2013	19966	1.6.6 (Python v2.7.18)	OR817982
#5	1982	TER_1982_UCEDB	BO694	Termitidae	Cylindrotermitinae		Cylindrotermes	Cylindrotermes sapiranga			Bolivia		NA	20273	1.6.6 (Python v2.7.18)	PV990904
#5	1983	TER_1983_UCEDB	BZ198	Kalotermitidae	NA		Calcaritermes	Calcaritermes emarginicollis			Belize		2006	5260	1.6.6 (Python v2.7.18)	PX592832
#5	1984	TER_1984_UCEDB	CTA95	Termitidae	Cylindrotermitinae		Cylindrotermes	Cylindrotermes macrognathus			Costa Rica		2005	12706	1.6.6 (Python v2.7.18)	PX592833
#5	1985	TER_1985_UCEDB	EC706	Kalotermitidae	NA		Calcaritermes	Calcaritermes nr_rioensis			Ecuador		2011	5812	1.6.6 (Python v2.7.18)	PX592834
#5	1986	TER_1986_UCEDB	GU532	Kalotermitidae	NA		Glyptotermes	Glyptotermes sp_nov			Guadeloupe		NA	12621	1.6.6 (Python v2.7.18)	OR817985
#5	1987	TER_1987_UCEDB	HN102	Kalotermitidae	NA		Cryptotermes	Cryptotermes garifunae			Honduras		NA	36264	1.6.6 (Python v2.7.18)	OR817986
#5	1988	TER_1988_UCEDB	HN273	Kalotermitidae	NA		Cryptotermes	Cryptotermes garifunae			Honduras		2007	21322	1.6.6 (Python v2.7.18)	OR818010
#5	1989	TER_1989_UCEDB	JA457	Kalotermitidae	NA		Cryptotermes	Cryptotermes hemicyclius			Jamaica		1997	13816	1.6.6 (Python v2.7.18)	OR817987
#5	1990	TER_1990_UCEDB	JA895	Kalotermitidae	NA		Cryptotermes	Cryptotermes cryptognathus			Jamaica		2003	22786	1.6.6 (Python v2.7.18)	OR818012
#5	1991	TER_1991_UCEDB	PN1405	Kalotermitidae	NA		Glyptotermes	Glyptotermes rotundifrons			Panama		2010	7636	1.6.6 (Python v2.7.18)	PX592835
#5	1992	TER_1992_UCEDB	PN992	Kalotermitidae	NA		Glyptotermes	Glyptotermes sp_nov			Panama		2010	12756	1.6.6 (Python v2.7.18)	PX592836
#5	1993	TER_1993_UCEDB	PR391	Kalotermitidae	NA		Cryptotermes	Cryptotermes undulans			Puerto Rico	(U.S. Terr.)	2002	22088	1.6.6 (Python v2.7.18)	OR817991
#5	1994	TER_1994_UCEDB	TT1337	Kalotermitidae	NA		Cryptotermes	Cryptotermes rhincocephalus			Trinidad and Tobago		2003	8753	1.6.6 (Python v2.7.18)	OR817992
#5	1995	TER_1995_UCEDB	VZ1386	Kalotermitidae	NA		Calcaritermes	Calcaritermes rioensis			Venezuela		2008	10518	1.6.6 (Python v2.7.18)	PX592837
#5	1996	TER_1996_UCEDB	FG241	Termitidae	Nasutitermitinae		Caetetermes	Caetetermes fontesi			French Guiana		2008	524	1.6.6 (Python v2.7.18)	PX592838
#5	1997	TER_1997_UCEDB	CO497.1	Kalotermitidae	NA		Incisitermes	Incisitermes schwarzi			Colombia	Magdalena	2009	31489	1.6.6 (Python v2.7.18)	OQ451183
#5	1998	TER_1998_UCEDB	MX306	Termitidae	Termitinae		Termes	Termes hispaniolae			Mexico		2001	15482	1.6.6 (Python v2.7.18)	PX667147
#5	1999	TER_1999_UCEDB	AFR111	Hodotermitidae	NA		Hodotermes	Hodotermes mossambicus			South Africa	Elundini Local Municipality	2005	15545	1.6.6 (Python v2.7.18)	ON059757
#5	2000	TER_2000_UCEDB	CU1278	Termitidae	Nasutitermitinae		Constrictotermes	Constrictotermes guantanamensis			Cuba	Boqueron	2001	5480	1.6.6 (Python v2.7.18)	ON059752
#5	2001	TER_2001_UCEDB	CU1281	Kalotermitidae	NA		Incisitermes	Incisitermes rhyzophorae			Cuba	NAVSTAT landfill area	2001	32766	1.6.6 (Python v2.7.18)	OM991338
#5	2002	TER_2002_UCEDB	DR1966	Kalotermitidae	NA		Cryptotermes	Cryptotermes mangoldi			Dominican Rep.	Las Terrenas	2004	2061	1.6.6 (Python v2.7.18)	OM991340
#5	2003	TER_2003_UCEDB	DR2008	Kalotermitidae	NA		Cryptotermes	Cryptotermes rotundiceps			Dominican Rep.	Oviedo. approx. 15 km west of 	2007	1101	1.6.6 (Python v2.7.18)	OM991341
#5	2004	TER_2004_UCEDB	EC1466_0	Kalotermitidae	NA		Rugitermes	Rugitermes laticollis			Ecuador	"Quito, Parque La Carolina, Rugi tree two"	2011	3235	1.6.6 (Python v2.7.18)	OM991342
#5	2005	TER_2005_UCEDB	EC398	Rhinotermitidae	NA		Rhinotermes	Rhinotermes marginalis			Ecuador	Alejandro Labaka	2011	34357	1.6.6 (Python v2.7.18)	OQ446311
#5	2006	TER_2006_UCEDB	FL395	Heterotermitidae	NA		Reticulitermes	Reticulitermes virginicus			USA	Florida	1992	22833	1.6.6 (Python v2.7.18)	OQ446323
#5	2007	TER_2007_UCEDB	FL4667_0	Kalotermitidae	NA		Calcaritermes	Calcaritermes nearcticus			USA	"Florida, Plant City, E Park Rd."	2016	16534	1.6.6 (Python v2.7.18)	OM991350
#5	2008	TER_2008_UCEDB	G454	Rhinotermitidae	NA		Dolichorhinotermes	Dolichorhinotermes longilabius			French Guiana	Kourou	before 2010	12416	1.6.6 (Python v2.7.18)	OQ446313
#5	2009	TER_2009_UCEDB	GR220	Kalotermitidae	NA		Cryptotermes	Cryptotermes parvifrons			Grenada	River Sallee at coast	2003	1274	1.6.6 (Python v2.7.18)	OM991357
#5	2010	TER_2010_UCEDB	GU815	Kalotermitidae	NA		Comatermes	Comatermes perfectus			Guadeloupe	Bouillante	2005	29907	1.6.6 (Python v2.7.18)	OQ446314
#5	2011	TER_2011_UCEDB	GUA221	Termitidae	Syntermitinae		Cahuallitermes	Cahuallitermes intermedius			Guatemala	Flores	2006	19645	1.6.6 (Python v2.7.18)	OQ440397
#5	2012	TER_2012_UCEDB	GUA483	Kalotermitidae	NA		Rugitermes	Rugitermes unicolor			Guatemala	"Biotopo Chacon Machaca, San Carlos Stn"	2006	14317	1.6.6 (Python v2.7.18)	OM991358
#5	2013	TER_2013_UCEDB	HN251_0	Kalotermitidae	NA		Calcaritermes	Calcaritermes emarginicollis			Honduras	Capiro NP road 3	2007	2667	1.6.6 (Python v2.7.18)	OM991359
#5	2014	TER_2014_UCEDB	HN563	Kalotermitidae	NA		Marginitermes	Marginitermes cactiphagus			Honduras	NE San Juancito	2007	14757	1.6.6 (Python v2.7.18)	OK506052
#5	2015	TER_2015_UCEDB	HN774	Termitidae	Syntermitinae		Cahuallitermes	Cahuallitermes intermedius			Honduras	San Pedro Zacapa	2007	1482	1.6.6 (Python v2.7.18)	OQ446315
#5	2016	TER_2016_UCEDB	AUS18	Stolotermitidae	Stolotermitinae		Stolotermes	Stolotermes ruficeps			New Zealand	Kerikeri	1999	1430	1.6.6 (Python v2.7.18)	OQ451181
#5	2017	TER_2017_UCEDB	JA429	Kalotermitidae	NA		Procryptotermes	Procryptotermes corniceps			Jamaica	Approx. 2 mi South of Braeton	1997	476	1.6.6 (Python v2.7.18)	OM991369
#5	2018	TER_2018_UCEDB	K100	Termitidae	Termitinae		Cavitermes	Cavitermes tuberosus			French Guiana	Petit Saut dam area	2014	15464	1.6.6 (Python v2.7.18)	OQ451185
#5	2019	TER_2019_UCEDB	MX15	Termitidae	Amitermitinae		Amitermes	Amitermes wheeleri			Mexico	10km S Izucar de Matamaros	1997	9072	1.6.6 (Python v2.7.18)	OQ078693
#5	2020	TER_2020_UCEDB	NI243	Termitidae	Amitermitinae		Amitermes	Amitermes cryptodon			Nicaragua	Road to Leon	2004	26840	1.6.6 (Python v2.7.18)	OQ078694
#5	2021	TER_2021_UCEDB	Nour3-27F	Termitidae	Syntermitinae		Vaninitermes	Vaninitermes sp			French Guiana	Regina	before 2010	19966	1.6.6 (Python v2.7.18)	OQ446317
#5	2022	TER_2022_UCEDB	PA248	Heterotermitidae	NA		Heterotermes	Heterotermes tenuis			Paraguay	Kamba Ykua	2012	32890	1.6.6 (Python v2.7.18)	OQ440398
#5	2023	TER_2023_UCEDB	PA351	Termitidae	Syntermitinae		Cornitermes	Cornitermes ovatus			Paraguay	Cerro Cora National Park	2012	14906	1.6.6 (Python v2.7.18)	OQ446321
#5	2024	TER_2024_UCEDB	PA360	Termitidae	Amitermitinae		Orthognathotermes	Orthognathotermes okeyma			Paraguay	Cerro Cora National Park	2012	13244	1.6.6 (Python v2.7.18)	OQ446318
#5	2025	TER_2025_UCEDB	PA842	Termitidae	Amitermitinae		Amitermes	Amitermes lilloi			Paraguay	E Filadelfia	2012	24161	1.6.6 (Python v2.7.18)	OQ078697
#5	2026	TER_2026_UCEDB	BA1848	Kalotermitidae	NA		Cryptotermes	Cryptotermes bracketti			Bahamas	San Salvador	2002	5684	1.6.6 (Python v2.7.18)	OQ440396
#5	2027	TER_2027_UCEDB	BA2929	Kalotermitidae	NA		Procryptotermes	Procryptotermes hesperus			Bahamas	"Anderson Cay, end of road dump to coast"	2005	379	1.6.6 (Python v2.7.18)	OK506044
#5	2028	TER_2028_UCEDB	PN1209_0	Kalotermitidae	NA		Cryptotermes	Cryptotermes longicollis			Panama	Lajas de Tole	2010	13913	1.6.6 (Python v2.7.18)	OM991429
#5	2029	TER_2029_UCEDB	PN159	Heterotermitidae	NA		Coptotermes	Coptotermes testaceus			Panama	Coclé Province	2005	1709	1.6.6 (Python v2.7.18)	OQ446319
#5	2030	TER_2030_UCEDB	PN420	Psammotermitidae	Prorhinotermitinae		Prorhinotermes	Prorhinotermes molinoi			Panama	nr Palenque; seagrape	2005	22109	1.6.6 (Python v2.7.18)	OQ555390
#5	2031	TER_2031_UCEDB	PN661	Kalotermitidae	NA		Neotermes	Neotermes castaneus			Panama	Colon	2005	18174	1.6.6 (Python v2.7.18)	OQ434264
#5	2032	TER_2032_UCEDB	PN959_0	Kalotermitidae	NA		Calcaritermes	Calcaritermes brevicollis			Panama	Road to Las Lajas	2010	6602	1.6.6 (Python v2.7.18)	OM991431
#5	2033	TER_2033_UCEDB	PR182	Heterotermitidae	NA		Heterotermes	Heterotermes cardini			Puerto Rico	Guayama	1993	35762	1.6.6 (Python v2.7.18)	OQ440399
#5	2034	TER_2034_UCEDB	BA3121	Kalotermitidae	NA		Cryptotermes	Cryptotermes cavifrons			Bahamas	Treasure Cay	2015	933	1.6.6 (Python v2.7.18)	OM991310
#5	2035	TER_2035_UCEDB	PU736_0	Kalotermitidae	NA		Cryptotermes	Cryptotermes havilandi			Peru	"8 km SW von Humbolt, forest"	2014	7150	1.6.6 (Python v2.7.18)	OM991433
#5	2036	TER_2036_UCEDB	PU799	Rhinotermitidae	NA		Acorhinotermes	Acorhinotermes subfusciceps			Peru	Padre Abad	2014	21869	1.6.6 (Python v2.7.18)	OQ434265
